text,intent
cho em hỏi Từ Sài Gòn đi Sa Pa bao xa,ask_transportation
mình hỏi Tiền ăn ở Hội An 1 ngày,search_price
Chè Hà Nội ngon,search_food_dining
Lẩu Hà Giang ăn ở đâu,search_food_dining
làm ơn Booking homestay Hà Giang giá rẻ,book_tour
cho tôi hỏi Thắng cố Hà Giang ở đâu,search_food_dining
Hội An có món gì đặc biệt,search_food_dining
Từ Hà Giang đi các nơi khác,ask_transportation
làm ơn Chi phí thuê xe Mũi Né,search_price
làm ơn Xe buýt đi Hà Giang,ask_transportation
mình hỏi Giá tour Hà Giang 3 ngày,search_travel
Hà Giang mùa xuân thời tiết ra sao,ask_weather_timing
Tour Hà Giang 5 ngày 4 đêm,search_travel
Thời tiết Sa Pa tháng 3,ask_weather_timing
ad ơi Buffet Hà Giang giá rẻ,search_food_dining
Đặt tour Phú Quốc khuyến mãi,book_tour
làm ơn Từ Sài Gòn đi Hà Giang bao xa,ask_transportation
cho tôi hỏi Đi Vũng Tàu bằng máy bay giá rẻ,ask_transportation
ad ơi Thời tiết Hà Giang tháng 3,ask_weather_timing
mình hỏi Tôi muốn tìm hiểu về Hội An,inform
mình hỏi Mua tour Hà Giang giảm giá,book_tour
ad ơi Du lịch Hà Giang mùa hè,search_travel
ad ơi Nhà nghỉ Hà Giang trung tâm,search_accommodation
ad ơi Quán ăn ngon ở Mũi Né,search_food_dining
ad ơi Tàu hỏa Mũi Né bao nhiêu tiền,ask_transportation
Booking tour Đà Lạt giá rẻ,book_tour
ad ơi Chèo kayak Hà Giang,search_activity
ad ơi Tôi muốn đưa con đi Hà Giang,inform
Tắm biển Hà Giang,search_activity
mình hỏi Hà Giang cách Hà Nội bao xa,search_destination
cho tôi hỏi Đi Hà Giang dịp lễ có vui không,ask_weather_timing
làm ơn Xe giường nằm đi Hà Giang,ask_transportation
Ăn tối trên du thuyền Hà Giang,search_activity
làm ơn Xe khách đi Sa Pa từ Sài Gòn,ask_transportation
Vé máy bay Hà Giang khứ hồi,search_price
ad ơi Chi phí du lịch Nha Trang 3 ngày,search_price
ad ơi Resort Hà Giang 5 sao,search_accommodation
cho em hỏi Mì quảng Hà Giang,search_food_dining
làm ơn Tour Hà Giang giá sinh viên,search_travel
cho em hỏi Khu nghỉ Hà Giang view núi,search_accommodation
ad ơi Bố mẹ tôi thích Hà Giang,inform
mình hỏi Đi thác Hà Giang tham quan,search_activity
cho em hỏi Bố mẹ tôi thích Hà Giang,inform
làm ơn Mì quảng Hà Giang,search_food_dining
ad ơi Villa Hà Giang hồ bơi,search_accommodation
cho tôi hỏi Thời tiết Đà Lạt cuối tuần,ask_weather_timing
ad ơi Lặn biển ở Đà Nẵng,search_activity
cho tôi hỏi Tour Hà Giang team building,search_travel
cho tôi hỏi Ngắm hoàng hôn Hà Giang,search_activity
cho tôi hỏi Bố mẹ tôi thích Hà Giang,inform
cho em hỏi Chơi dù bay Hội An,search_activity
Đặt phòng Phú Quốc online,book_tour
mình hỏi Đi Mũi Né trong bao lâu,ask_itinerary
cho em hỏi Top địa điểm Hà Giang,search_destination
cho em hỏi Lưu trú ở Hà Giang gần chợ,search_accommodation
cho em hỏi Xe máy đi Hà Giang bao nhiêu km,ask_transportation
mình hỏi Ăn chay Hà Giang,search_food_dining
làm ơn Tour Hà Giang tiết kiệm,search_travel
cho tôi hỏi Đặt tour Hà Giang trả góp,book_tour
Căn hộ Hà Giang view đẹp,search_accommodation
ad ơi Homestay Hà Giang cho đôi người,search_accommodation
làm ơn Chia sẻ kinh nghiệm Hà Giang,search_destination
Booking tour Hà Giang giá tốt,search_travel
làm ơn Đường đi Mũi Né có khó không,ask_transportation
ad ơi Tour Hà Giang khởi hành từ Hà Nội,search_travel
làm ơn Sa Pa có gì đặc biệt,search_destination
ad ơi Kinh nghiệm phượt Hà Giang,search_destination
cho tôi hỏi Nên đi Hà Giang tháng mấy,ask_weather_timing
cho tôi hỏi Buffet Hà Giang giá rẻ,search_food_dining
cho tôi hỏi Đặt tour Hà Giang cho đoàn,book_tour
cho em hỏi Giá tour Hà Giang bao nhiêu,search_price
cho tôi hỏi Mùa mưa ở Hà Giang tháng nào,ask_weather_timing
ad ơi Du lịch Hà Giang mùa đông,search_travel
cho em hỏi Ở đâu chơi ở Huế,search_destination
Glamping Hà Giang,search_accommodation
ad ơi Homestay ở Hà Giang view đẹp,search_accommodation
ad ơi Nhà hàng Vũng Tàu sang trọng,search_food_dining
ad ơi Đi Hà Nội cuối tuần,ask_itinerary
cho tôi hỏi Chụp ảnh ở Phú Quốc,search_activity
cho em hỏi Khám phá hang động Hà Giang,search_activity
cho tôi hỏi Homestay ở Hà Giang view đẹp,search_accommodation
làm ơn Bạn tôi gợi ý đi Hà Giang,inform
cho em hỏi Resort Hà Giang view biển,search_accommodation
cho em hỏi Nhà hàng Hà Giang sang trọng,search_food_dining
Xe limousine đi Hà Giang,ask_transportation
mình hỏi Đi thuyền Hà Giang,search_activity
mình hỏi Thông tin du lịch Phú Quốc,search_destination
ad ơi Câu cá ở Hà Giang,search_activity
làm ơn Kế hoạch du lịch Hà Giang,ask_itinerary
Buffet Vũng Tàu giá rẻ,search_food_dining
cho em hỏi Lịch trình Hà Giang cho người già,ask_itinerary
mình hỏi Đi chợ nổi Hà Giang,search_activity
ad ơi Leo núi ở Hà Giang,search_activity
cho tôi hỏi Chi phí đi Hà Giang tự túc,search_price
cho em hỏi Lịch trình Hà Giang cho người mới,ask_itinerary
làm ơn Tôi mới đến Hà Giang lần đầu,inform
mình hỏi Giá homestay Hà Giang,search_price
cho em hỏi Reserve phòng Hà Giang qua app,book_tour
cho tôi hỏi Giá khách sạn Hà Giang 1 đêm,search_price
cho tôi hỏi Đi Hà Giang 1 ngày thì đi đâu,ask_itinerary
cho em hỏi Tắm nước nóng Hà Giang,search_activity
ad ơi Đi chợ Hà Giang về đêm,search_activity
mình hỏi Nhà nghỉ Hà Giang gần biển,search_accommodation
cho em hỏi Tắm biển Hà Giang,search_activity
ad ơi Mua vé tham quan Hà Giang,book_tour
cho em hỏi Ngân sách đi Hà Giang,search_price
cho tôi hỏi Lịch trình tour Hà Giang,search_travel
cho em hỏi Bảng giá tour Hà Giang,search_price
ad ơi Tour Huế cuối tuần,search_travel
cho em hỏi Đồ nướng Hà Giang,search_food_dining
làm ơn Homestay Hà Giang cho đôi người,search_accommodation
cho tôi hỏi Ở Hà Giang 4 ngày đi đâu,ask_itinerary
ad ơi Xe đạp đi Hà Giang,ask_transportation
mình hỏi Vẻ đẹp Hà Giang,search_destination
ad ơi Lịch trình Vũng Tàu nghỉ dưỡng,ask_itinerary
mình hỏi Chi phí ăn uống ở Hội An,search_price
cho em hỏi Đi chợ nổi Phú Quốc,search_activity
cho em hỏi Ngân sách đi Đà Lạt,search_price
làm ơn Món ngon Đà Nẵng giá rẻ,search_food_dining
cho tôi hỏi Lịch trình Hà Giang cho gia đình,ask_itinerary
làm ơn Xe đạp đi Hà Giang,ask_transportation
cho tôi hỏi Bay đi Hà Giang từ Hà Nội,ask_transportation
ad ơi Du lịch Hà Giang 1 ngày,search_travel
ad ơi Đặt tour Hà Giang khuyến mãi,book_tour
làm ơn Lịch trình Sa Pa cho người già,ask_itinerary
Chi phí đi Hà Giang tự túc,search_price
Đặt tour Vũng Tàu khuyến mãi,book_tour
làm ơn Chèo kayak Hà Giang,search_activity
làm ơn Ở Mũi Né mấy ngày là đủ,ask_itinerary
cho em hỏi Tôi thích Hà Giang vì không khí mát mẻ,inform
cho tôi hỏi Hà Giang mùa nào đẹp nhất,search_destination
mình hỏi Hà Giang có gì đặc biệt,search_destination
ad ơi Đi Đà Lạt mùa nào đẹp,search_destination
làm ơn Sa Pa có món gì đặc biệt,search_food_dining
Tour Hội An giá học sinh,search_travel
Tour Hà Giang VIP 5 sao,search_travel
ad ơi Du lịch Hà Giang mùa hè,search_travel
Chèo thuyền ở Hà Giang,search_activity
mình hỏi Thời tiết Huế tháng 2,ask_weather_timing
Camping ở Hà Giang,search_accommodation
Hà Giang mùa nào đẹp nhất,search_destination
Bạn tôi gợi ý đi Hà Giang,inform
cho em hỏi Đặt tour Hà Giang trả góp,book_tour
mình hỏi Giá tour Hà Giang cho sinh viên,search_price
cho em hỏi Xe buýt đi Hà Giang,ask_transportation
làm ơn Lịch trình Phú Quốc cho người già,ask_itinerary
ad ơi Tàu hỏa Hà Giang bao nhiêu tiền,ask_transportation
cho em hỏi Đặt homestay Hà Giang,book_tour
ad ơi Chi phí Hà Giang 4 ngày 3 đêm,search_price
cho em hỏi Đến Nha Trang nên đi đâu,search_destination
ad ơi Món Việt Hà Giang ngon,search_food_dining
Đường đi Hà Giang có khó không,ask_transportation
cho em hỏi Bánh cuốn Hà Giang,search_food_dining
cho tôi hỏi Order tour Hà Giang,book_tour
Mì quảng Mũi Né,search_food_dining
cho tôi hỏi Đi Hà Giang tham quan gì,search_destination
cho tôi hỏi Từ Hà Nội đi Hà Giang bằng gì,ask_transportation
mình hỏi Nên ở Đà Lạt bao lâu,ask_itinerary
làm ơn Hà Giang ở đâu,search_destination
mình hỏi Món ngon Hà Giang giá rẻ,search_food_dining
Khu nghỉ dưỡng Hà Giang,search_accommodation
ad ơi Khách sạn Hà Giang trung tâm,search_accommodation
mình hỏi Hà Giang có gì ngon,search_food_dining
cho em hỏi Giá vé tham quan Hà Giang,search_price
làm ơn Hà Giang có bao nhiêu huyện,search_destination
ad ơi Khí hậu Nha Trang như thế nào,ask_weather_timing
ad ơi Mì quảng Hà Giang,search_food_dining
mình hỏi Giá khách sạn Đà Nẵng 1 đêm,search_price
mình hỏi Thời gian lý tưởng đi Hà Giang,ask_weather_timing
Tour Hà Giang cuối tuần,search_travel
cho tôi hỏi Lưu trú ở Hà Giang gần chợ,search_accommodation
mình hỏi Tham quan phố cổ Hà Giang,search_activity
mình hỏi Xe đạp đi Hà Giang,ask_transportation
cho tôi hỏi Nên ở Vũng Tàu bao lâu,ask_itinerary
mình hỏi Các hãng bay đến Hội An,ask_transportation
ad ơi Đặc sản Đà Lạt phải thử,search_food_dining
ad ơi Hà Giang có gì đặc biệt,search_destination
mình hỏi Leo núi ở Đà Lạt,search_activity
Lặn biển ở Hà Giang,search_activity
Tắm nước nóng Hà Giang,search_activity
làm ơn Lịch Hà Giang phù hợp,ask_itinerary
mình hỏi Resort Phú Quốc view biển,search_accommodation
cho em hỏi Taxi ở Hà Giang giá rẻ,ask_transportation
cho tôi hỏi Đi phượt Hà Giang bằng xe máy,search_activity
ad ơi Homestay đẹp ở Sa Pa,search_accommodation
ad ơi Tham quan làng nghề Hà Nội,search_activity
làm ơn Đặc sản Sa Pa phải thử,search_food_dining
mình hỏi Đặt trước tour Vũng Tàu,book_tour
cho em hỏi Thời tiết Hà Giang tháng 2,ask_weather_timing
cho tôi hỏi Hà Giang mùa thu,ask_weather_timing
cho em hỏi Chợ Nha Trang ẩm thực,search_food_dining
cho tôi hỏi Từ Hà Nội đi Mũi Né bằng gì,ask_transportation
làm ơn Một mình đi Hà Giang có an toàn không,search_destination
Đặt tour Hà Giang tận nơi,book_tour
cho em hỏi Ẩm thực Mũi Né món gì đặc sản,search_food_dining
mình hỏi Mùa bão Hà Giang,ask_weather_timing
mình hỏi Taxi ở Hà Giang giá rẻ,ask_transportation
cho tôi hỏi Lịch trình Hà Giang nghỉ dưỡng,ask_itinerary
mình hỏi Đặc sản Hà Giang phải thử,search_food_dining
Đặt tour Hà Giang cho đoàn,book_tour
cho tôi hỏi Đi Hà Giang bằng máy bay giá rẻ,ask_transportation
cho tôi hỏi Giá combo Hà Giang,search_price
cho tôi hỏi Hà Giang có gì chơi,search_destination
cho em hỏi Xe khách đi Hà Giang từ Sài Gòn,ask_transportation
Chi phí thuê xe Hà Giang,search_price
Resort Phú Quốc hồ bơi,search_accommodation
cho tôi hỏi Du lịch Hội An 1 ngày,search_travel
làm ơn Nhà nghỉ Hà Giang gần biển,search_accommodation
làm ơn Vé máy bay Sa Pa khứ hồi,search_price
làm ơn Đặt tour Hà Giang tận nơi,book_tour
cho em hỏi Book phòng Hà Giang view biển,book_tour
làm ơn Sinh nhật tôi ở Hà Giang,inform
làm ơn Resort Hà Nội gia đình,search_accommodation
cho tôi hỏi Giá combo Huế,search_price
mình hỏi Tour Mũi Né cho cặp đôi,search_travel
cho em hỏi Nhà nghỉ Hà Giang gần biển,search_accommodation
cho em hỏi Đi Hà Giang bao nhiêu ngày là hợp lý,ask_itinerary
làm ơn Câu cá ở Hà Giang,search_activity
cho em hỏi Ở Hà Nội mấy ngày là đủ,ask_itinerary
Lặn ngắm san hô Hà Giang,search_activity
cho em hỏi Đi bộ đường dài Hà Giang,search_activity
cho em hỏi Đặt tour Hà Giang khuyến mãi,book_tour
ad ơi Reserve phòng Hà Giang,book_tour
Món Việt Hà Giang ngon,search_food_dining
làm ơn Rượu ngô Hà Giang mua ở đâu,search_food_dining
ad ơi Glamping Hà Giang giá rẻ,search_accommodation
cho tôi hỏi Mì quảng Huế,search_food_dining
cho tôi hỏi Taxi Hà Giang giá bao nhiêu,ask_transportation
mình hỏi Thắng cố Hà Giang ở đâu,search_food_dining
cho em hỏi Bảng giá tour Đà Nẵng,search_price
mình hỏi Nhiệt độ Hà Giang tháng 7,ask_weather_timing
cho tôi hỏi Đặt tour Hà Nội khuyến mãi,book_tour
ad ơi Đồ nướng Hà Giang,search_food_dining
cho em hỏi Camping Hà Giang qua đêm,search_accommodation
cho em hỏi Tour Hà Giang 4 ngày 3 đêm,search_travel
mình hỏi Hải sản Hà Giang tươi ngon,search_food_dining
Resort Hà Giang hồ bơi,search_accommodation
cho em hỏi Đi thuyền Hà Giang,search_activity
cho tôi hỏi Vợ chồng tôi cưới ở Hà Giang,inform
ad ơi Đi Huế cuối tuần,ask_itinerary
mình hỏi Reserve phòng Hà Giang,book_tour
cho em hỏi Vợ chồng tôi cưới ở Hà Giang,inform
ad ơi Tour Hà Giang VIP 5 sao,search_travel
ad ơi Booking tour Hà Giang giá tốt,search_travel
cho tôi hỏi Tham quan phố cổ Hà Giang,search_activity
Lượng mưa Đà Lạt hàng năm,ask_weather_timing
mình hỏi Thời tiết Hà Giang tháng 12,ask_weather_timing
cho em hỏi Đi Hà Giang trong 2 ngày,ask_itinerary
làm ơn Resort Mũi Né hồ bơi,search_accommodation
ad ơi Đến Hà Giang nên đi đâu,search_destination
cho tôi hỏi Khách sạn Hội An giá tốt,search_accommodation
ad ơi Camping Hà Giang qua đêm,search_accommodation
mình hỏi Nhà nghỉ Hà Giang giá rẻ,search_accommodation
cho tôi hỏi Quán nhậu Hà Giang,search_food_dining
cho tôi hỏi Giá tour Hà Giang 3 ngày,search_travel
cho tôi hỏi Sương mù Hà Giang vào tháng mấy,ask_weather_timing
mình hỏi Lịch trình Nha Trang sinh viên,ask_itinerary
cho em hỏi Bố mẹ tôi thích Hà Nội,inform
làm ơn Đi Hà Giang dịp lễ có vui không,ask_weather_timing
cho tôi hỏi Gợi ý tour Vũng Tàu 2 ngày,ask_itinerary
cho em hỏi Khu nghỉ Vũng Tàu view núi,search_accommodation
cho em hỏi Ở Hà Giang ăn gì ngon,search_food_dining
cho em hỏi Đặt tour Hà Giang tiết kiệm,book_tour
làm ơn Kinh nghiệm phượt Hà Giang,search_destination
mình hỏi Gợi ý tour Hà Giang 2 ngày,ask_itinerary
cho em hỏi Taxi ở Hà Giang giá rẻ,ask_transportation
cho tôi hỏi Khách sạn Hà Giang giá rẻ,search_accommodation
mình hỏi Đặt tour Hà Giang tiết kiệm,book_tour
mình hỏi Đặt tour Hà Giang cho đoàn,book_tour
cho tôi hỏi Đường đi Hà Giang có khó không,ask_transportation
làm ơn Glamping Hà Giang giá rẻ,search_accommodation
làm ơn Bảng giá tour Hà Giang,search_price
cho em hỏi Đến Hà Giang nên đi đâu,search_destination
cho em hỏi Giá vé Hà Giang cho trẻ em,search_price
mình hỏi Phú Quốc mùa xuân,ask_weather_timing
Nhiệt độ Hà Giang tháng 7,ask_weather_timing
cho em hỏi Tôi muốn khám phá Hà Giang,inform
cho tôi hỏi Đi Mũi Né bằng tàu cao tốc,ask_transportation
làm ơn Villa Hà Giang cho thuê,search_accommodation
cho tôi hỏi Bảng giá tour Mũi Né,search_price
mình hỏi Giá tham quan Hà Giang 2026,search_price
làm ơn Tour Hà Giang VIP,search_travel
làm ơn Khách sạn Huế mới xây,search_accommodation
Thời tiết Hà Giang cuối tuần,ask_weather_timing
Xe khách đi Huế giờ nào,ask_transportation
làm ơn Hà Giang mùa nào đẹp nhất,search_destination
Book combo Hà Giang,book_tour
ad ơi Ngân sách đi Hà Giang tiết kiệm,search_price
ad ơi Nhà hàng Hà Giang sang trọng,search_food_dining
cho tôi hỏi Villa Hà Giang hồ bơi,search_accommodation
cho tôi hỏi Ăn chay Hà Giang,search_food_dining
cho tôi hỏi Đi Sa Pa bằng xe máy,ask_transportation
Tour Hà Giang cho người già,search_travel
Ở Hà Giang ăn gì ngon,search_food_dining
mình hỏi Tôi đã đến Hà Giang 3 lần rồi,inform
cho tôi hỏi Thuê xe tự lái Hà Giang,ask_transportation
làm ơn Nhà nghỉ Mũi Né gần biển,search_accommodation
ad ơi Đi chợ nổi Hà Giang,search_activity
ad ơi Lịch trình Hà Giang 3 ngày 2 đêm,ask_itinerary
mình hỏi Xem biểu diễn Hà Giang,search_activity
Resort Vũng Tàu view biển,search_accommodation
Khách sạn Mũi Né trung tâm,search_accommodation
ad ơi Review du lịch Hội An,search_destination
cho tôi hỏi Nhà nghỉ Hà Giang gần biển,search_accommodation
làm ơn Ăn tối trên du thuyền Hà Giang,search_activity
cho tôi hỏi Vé máy bay đi Hà Giang giá rẻ,search_price
ad ơi Khu nghỉ dưỡng Hà Giang,search_accommodation
mình hỏi Tôi đã đi Hà Giang vào năm ngoái,inform
Chi phí lưu trú Mũi Né,search_price
cho em hỏi Từ Hà Nội đi Hà Giang bằng gì,ask_transportation
Gợi ý tour Hà Giang 2 ngày,ask_itinerary
làm ơn Taxi ở Đà Nẵng giá rẻ,ask_transportation
làm ơn Tour Sa Pa 3 ngày 2 đêm,search_travel
làm ơn Khuyến mãi tour Hà Giang,search_price
cho tôi hỏi Xe khách đi Huế giờ nào,ask_transportation
ad ơi Đặt homestay Vũng Tàu,book_tour
mình hỏi Homestay ở Hà Giang view đẹp,search_accommodation
làm ơn Hà Giang cách Hà Nội bao xa,search_destination
mình hỏi Kinh nghiệm đi Hội An lần đầu,search_destination
cho em hỏi Tham quan làng nghề Hà Giang,search_activity
cho tôi hỏi Check in Hà Giang ở đâu,search_destination
mình hỏi Thời tiết Vũng Tàu cuối tuần,ask_weather_timing
Tôi đã đi Hà Giang vào năm ngoái,inform
Giá vé Hội An cho trẻ em,search_price
cho tôi hỏi Order tour Hà Giang,book_tour
làm ơn Lịch trình Hà Giang cho người mới,ask_itinerary
Khách sạn Hà Giang gần chợ đêm,search_accommodation
cho tôi hỏi Tôi ở Hà Giang rồi muốn đi tiếp,inform
làm ơn Bảng giá tour Đà Lạt,search_price
cho em hỏi Giới thiệu về Hà Giang,search_destination
ad ơi Các hãng bay đến Hà Giang,ask_transportation
Lặn biển ở Hội An,search_activity
cho em hỏi Đi Hà Giang cần chuẩn bị gì,search_destination
cho em hỏi Lẩu Vũng Tàu ăn ở đâu,search_food_dining
cho em hỏi Lịch trình tour Huế,search_travel
Homestay đẹp ở Nha Trang,search_accommodation
cho em hỏi Villa Huế hồ bơi,search_accommodation
mình hỏi Giá vé tham quan Hà Giang,search_price
Đi Nha Trang dịp lễ có vui không,ask_weather_timing
làm ơn Thời tiết Vũng Tàu tháng 2,ask_weather_timing
cho em hỏi Đặt phòng Hà Giang online,book_tour
cho tôi hỏi Khí hậu Hà Giang như thế nào,ask_weather_timing
làm ơn Đặt tour Hà Giang tiết kiệm,book_tour
Du lịch Hà Giang mùa hè,search_travel
cho em hỏi Giá vé Hội An cho trẻ em,search_price
làm ơn Khu nghỉ dưỡng Hà Giang,search_accommodation
làm ơn Quán nhậu Huế,search_food_dining
Căn hộ Hà Giang view đẹp,search_accommodation
làm ơn Xe khách đi Hà Giang từ Sài Gòn,ask_transportation
mình hỏi Đi Đà Nẵng 1 ngày thì đi đâu,ask_itinerary
Tôi thích Đà Lạt vì không khí mát mẻ,inform
cho em hỏi Đi bộ biển Hà Giang,search_activity
làm ơn Tour Vũng Tàu cho cặp đôi,search_travel
làm ơn Hà Giang mùa thu,ask_weather_timing
cho tôi hỏi Đi Hà Giang mùa hè có nóng không,ask_weather_timing
làm ơn Căn hộ Hà Giang view đẹp,search_accommodation
mình hỏi Bản đồ du lịch Hà Giang,search_destination
mình hỏi Camping Hà Giang qua đêm,search_accommodation
Câu cá ở Phú Quốc,search_activity
cho tôi hỏi Đặt tour Hà Giang tiết kiệm,book_tour
mình hỏi Tôi mới đến Hà Giang lần đầu,inform
cho tôi hỏi Tour Hà Giang 5 ngày 4 đêm,search_travel
mình hỏi Booking tour Hà Giang giá rẻ,book_tour
cho tôi hỏi Đặt tour Hà Giang online,book_tour
làm ơn Quán nhậu Hà Giang,search_food_dining
ad ơi Tôi ở Hà Giang rồi muốn đi tiếp,inform
Khách sạn Hà Giang gần sân bay,search_accommodation
Lịch trình Hà Giang sinh viên,ask_itinerary
ad ơi Đi Hà Giang mùa hè có nóng không,ask_weather_timing
cho em hỏi Tour Hà Giang nghỉ dưỡng,search_travel
ad ơi Giá vé Hà Nội cho trẻ em,search_price
cho em hỏi Khám phá Huế,search_destination
cho tôi hỏi Thời tiết Hà Nội tháng 6,ask_weather_timing
cho tôi hỏi Review du lịch Hà Giang,search_destination
ad ơi Một mình đi Hà Giang có an toàn không,search_destination
mình hỏi Khám phá hang động Hà Giang,search_activity
ad ơi Lịch trình Hà Giang nghỉ dưỡng,ask_itinerary
cho em hỏi Mùa bão Hội An,ask_weather_timing
mình hỏi Có gì đẹp ở Hà Nội,search_destination
Tour Hội An khởi hành từ Hà Nội,search_travel
ad ơi Khách sạn Hà Giang gần sân bay,search_accommodation
cho tôi hỏi Xe buýt đi Hà Giang,ask_transportation
mình hỏi Giá tour Hà Giang bao nhiêu,search_price
mình hỏi Giá vé Hà Giang cho trẻ em,search_price
Tour Huế khởi hành từ Hà Nội,search_travel
cho em hỏi Kế hoạch du lịch Hà Giang,ask_itinerary
Giá homestay Vũng Tàu,search_price
cho tôi hỏi Bánh xèo Hà Nội,search_food_dining
Camping Hà Giang qua đêm,search_accommodation
cho em hỏi Giá combo Hà Giang,search_price
làm ơn Kinh nghiệm đi Đà Lạt lần đầu,search_destination
cho tôi hỏi Tôi thích Hà Giang vì không khí mát mẻ,inform
mình hỏi Du lịch Sa Pa có gì hay,search_destination
ad ơi Chèo kayak Hội An,search_activity
Hải sản Đà Lạt tươi ngon,search_food_dining
ad ơi Sương mù Hà Giang vào tháng mấy,ask_weather_timing
làm ơn Nên đi Nha Trang tháng mấy,ask_weather_timing
mình hỏi Booking tour Hội An giá tốt,search_travel
làm ơn Khách sạn Hà Giang giá rẻ,search_accommodation
cho em hỏi Tôi thích đi Nha Trang vào mùa hè,inform
mình hỏi Đi Hà Giang ở đâu chơi đẹp,search_destination
mình hỏi Thông tin du lịch Hà Giang,search_destination
cho em hỏi Tôi muốn đưa con đi Hà Giang,inform
cho em hỏi Đặt phòng khách sạn Hà Giang,book_tour
làm ơn Đặt homestay Hà Giang,book_tour
làm ơn Nhóm bạn tôi định đi Hà Giang tháng sau,inform
ad ơi Vé máy bay đi Hà Giang,ask_transportation
ad ơi Tour Hà Giang cho người già,search_travel
ad ơi Gợi ý lịch trình Hà Giang,ask_itinerary
làm ơn Book combo Hà Giang,book_tour
ad ơi Quán ăn ngon ở Hà Giang,search_food_dining
cho tôi hỏi Giá tour Hà Giang cho sinh viên,search_price
ad ơi Book combo Đà Nẵng,book_tour
cho tôi hỏi Resort Hà Giang view biển,search_accommodation
mình hỏi Ăn tối trên du thuyền Hội An,search_activity
cho tôi hỏi Leo núi ở Hà Giang,search_activity
Khách sạn Nha Trang gần chợ đêm,search_accommodation
Tour Hà Giang cuối tuần,search_travel
mình hỏi Giá khách sạn Hội An 1 đêm,search_price
làm ơn Tour Hà Giang khuyến mãi,search_travel
ad ơi Thuê xe tự lái đi Hà Giang,ask_transportation
ad ơi Vé máy bay đi Vũng Tàu,ask_transportation
mình hỏi Lịch trình Hà Giang 5 ngày,ask_itinerary
làm ơn Thời gian lý tưởng đi Hà Giang,ask_weather_timing
ad ơi Chèo thuyền ở Hà Giang,search_activity
Ngân sách đi Hà Giang,search_price
làm ơn Review du lịch Hà Giang,search_destination
cho em hỏi Thời tiết Hà Nội tháng 10,ask_weather_timing
làm ơn Hà Giang có đáng đi không,search_destination
mình hỏi Buffet Hà Giang giá rẻ,search_food_dining
làm ơn Đi Huế 1 ngày thì đi đâu,ask_itinerary
làm ơn Dự báo thời tiết Nha Trang,ask_weather_timing
làm ơn Giá homestay Huế,search_price
ad ơi Vợ chồng tôi đi Hà Giang tuần trăng mật,inform
cho em hỏi Kinh nghiệm đi Hà Giang lần đầu,search_destination
Giữ chỗ tour Hà Giang,book_tour
mình hỏi Đi Hà Giang trong bao lâu,ask_itinerary
cho em hỏi Căn hộ Hà Giang view đẹp,search_accommodation
mình hỏi Kinh phí du lịch Hà Giang,search_price
mình hỏi Kế hoạch du lịch Vũng Tàu,ask_itinerary
Ẩm thực Hà Giang món gì đặc sản,search_food_dining
mình hỏi Kinh phí đi Hà Giang tiết kiệm,search_price
Ở Mũi Né 4 ngày đi đâu,ask_itinerary
cho em hỏi Quán ăn ngon ở Hà Giang,search_food_dining
làm ơn Đi Hà Giang trong 2 ngày,ask_itinerary
mình hỏi Thời tiết Hội An tháng 2,ask_weather_timing
làm ơn Gợi ý tour Hà Giang 2 ngày,ask_itinerary
Combo du lịch Hà Giang,search_travel
ad ơi Top địa điểm Hà Giang,search_destination
mình hỏi Tham quan phố cổ Hà Giang,search_activity
cho tôi hỏi Xem biểu diễn Hà Giang,search_activity
cho em hỏi Tôi ở Hà Giang rồi muốn đi tiếp,inform
cho tôi hỏi Tour Sa Pa VIP 5 sao,search_travel
ad ơi Kỳ nghỉ Hà Giang,search_travel
cho em hỏi Lẩu Hà Giang ăn ở đâu,search_food_dining
làm ơn Check in Mũi Né ở đâu,search_destination
làm ơn Giá tham quan Hà Giang 2026,search_price
Mùa đẹp nhất ở Hà Giang,ask_weather_timing
cho tôi hỏi Tôi muốn khám phá Hà Nội,inform
ad ơi Hà Giang có quán nào nổi tiếng,search_food_dining
làm ơn Đặt vé máy bay đi Đà Lạt,book_tour
làm ơn Bố mẹ tôi thích Hà Giang,inform
Hà Giang có gì đặc biệt,search_destination
cho em hỏi Nhiệt độ Mũi Né tháng 7,ask_weather_timing
cho tôi hỏi Ăn tối trên du thuyền Hà Giang,search_activity
cho em hỏi Đường đi Phú Quốc có khó không,ask_transportation
cho em hỏi Lẩu cá hồi Hà Giang ở đâu,search_food_dining
mình hỏi Rượu ngô Hà Giang mua ở đâu,search_food_dining
cho tôi hỏi Resort Hà Giang gia đình,search_accommodation
cho em hỏi Giá tour Đà Nẵng bao nhiêu,search_price
làm ơn Bánh cuốn Hà Giang,search_food_dining
cho em hỏi Đi thuyền Hà Nội,search_activity
Giá tham quan Hà Giang 2026,search_price
Đặt tour Đà Nẵng online,book_tour
làm ơn Ở Vũng Tàu ăn gì ngon,search_food_dining
mình hỏi Hà Giang mùa xuân thời tiết ra sao,ask_weather_timing
làm ơn Ở Hà Giang mấy ngày là đủ,ask_itinerary
ad ơi Điểm đến Hà Giang,search_destination
cho tôi hỏi Nhà nghỉ Hà Giang giá rẻ,search_accommodation
Nên đi Hà Giang tháng mấy,ask_weather_timing
làm ơn Tour Hà Giang trọn gói bao gồm,search_travel
mình hỏi Tour Mũi Né trọn gói bao gồm,search_travel
làm ơn Sa Pa có quán nào nổi tiếng,search_food_dining
cho em hỏi Giá tour Hà Giang cho sinh viên,search_price
cho tôi hỏi Khám phá ẩm thực đường phố Hà Giang,search_activity
cho tôi hỏi Đi Hà Giang cuối tuần,ask_itinerary
làm ơn Giá dịch vụ Hà Giang,search_price
làm ơn Tôi muốn khám phá Huế,inform
cho em hỏi Lặn ngắm san hô Hà Giang,search_activity
cho em hỏi Tôi đã đến Hà Giang 3 lần rồi,inform
mình hỏi Nhà nghỉ Hà Giang trung tâm,search_accommodation
Đi Hà Giang 1 ngày thì đi đâu,ask_itinerary
ad ơi Chi phí ăn uống ở Đà Lạt,search_price
ad ơi Tham quan phố cổ Hà Giang,search_activity
cho tôi hỏi Hội An mùa xuân,ask_weather_timing
làm ơn Villa Hà Giang hồ bơi,search_accommodation
làm ơn Thời tiết Hà Giang tháng 12,ask_weather_timing
cho em hỏi Đà Nẵng có gì chơi,search_destination
cho em hỏi Glamping Hà Giang,search_accommodation
cho tôi hỏi Khách sạn Hà Giang gần chợ đêm,search_accommodation
mình hỏi Resort Hà Giang view biển,search_accommodation
Giá dịch vụ Hà Giang,search_price
mình hỏi Ở Hà Giang ăn gì ngon,search_food_dining
cho em hỏi Xe khách đi Hà Giang giờ nào,ask_transportation
mình hỏi Tour Hà Giang giá bao nhiêu tiền,search_price
mình hỏi Hà Giang mùa xuân,ask_weather_timing
làm ơn Homestay Hà Giang view đẹp,search_accommodation
ad ơi Ngắm hoàng hôn Hà Giang,search_activity
mình hỏi Hà Giang mùa xuân thời tiết ra sao,ask_weather_timing
ad ơi Thời gian lý tưởng đi Hà Giang,ask_weather_timing
mình hỏi Đi Hà Giang cuối tuần,ask_itinerary
làm ơn Thời tiết Mũi Né tháng 6,ask_weather_timing
làm ơn Cung đường Hà Giang đẹp nhất,search_destination
làm ơn Tôi nghe nói Hà Giang rất đẹp,inform
mình hỏi Hà Giang có gì đẹp,search_destination
mình hỏi Đặt tour Hà Giang online,book_tour
làm ơn Đi phượt Hà Giang bằng xe máy,search_activity
cho em hỏi Cung đường đèo Hà Giang,search_destination
cho em hỏi Đi Hà Giang 1 ngày thì đi đâu,ask_itinerary
cho em hỏi Đi Hà Giang cuối tuần,ask_itinerary
cho tôi hỏi Tour Hà Giang nghỉ dưỡng,search_travel
cho em hỏi Tôi thích Đà Nẵng vì không khí mát mẻ,inform
ad ơi Đi Hà Giang dịp lễ có vui không,ask_weather_timing
Kinh phí đi Hà Giang tiết kiệm,search_price
Kinh phí đi Nha Trang tiết kiệm,search_price
cho tôi hỏi Lặn ngắm san hô Hà Giang,search_activity
cho em hỏi Khách sạn Đà Lạt giá tốt,search_accommodation
cho em hỏi Kinh phí du lịch Hà Giang,search_price
cho em hỏi Đi thuyền Hà Giang,search_activity
mình hỏi Tôi muốn tìm hiểu về Mũi Né,inform
mình hỏi Bảng giá tour Hà Giang,search_price
cho em hỏi Tour Hà Giang trọn gói bao gồm,search_travel
ad ơi Chè Hà Giang ngon,search_food_dining
mình hỏi Đi Hà Giang 1 ngày thì đi đâu,ask_itinerary
Lịch trình Huế cho người già,ask_itinerary
làm ơn Tour Hà Giang 4 ngày 3 đêm,search_travel
Khách sạn Phú Quốc giá tốt,search_accommodation
cho em hỏi Homestay ở Hà Giang view đẹp,search_accommodation
ad ơi Ở Hà Giang ăn gì ngon,search_food_dining
làm ơn Hà Giang có gì ngon,search_food_dining
mình hỏi Hà Giang mùa thu,ask_weather_timing
cho em hỏi Nên đi Hà Giang mấy ngày,ask_itinerary
cho tôi hỏi Đặt phòng khách sạn Hà Giang,book_tour
mình hỏi Lịch trình Hà Giang cho người mới,ask_itinerary
mình hỏi Resort Hà Giang hồ bơi,search_accommodation
mình hỏi Đi bộ biển Hà Giang,search_activity
ad ơi Đi Hà Giang tự túc bao nhiêu ngày,ask_itinerary
ad ơi Bánh cuốn Hà Giang,search_food_dining
làm ơn Taxi ở Hội An giá rẻ,ask_transportation
làm ơn Khách sạn Hà Giang gần chợ đêm,search_accommodation
cho tôi hỏi Đi Hà Giang bằng tàu cao tốc,ask_transportation
cho em hỏi Đặt phòng khách sạn Sa Pa,book_tour
ad ơi Từ Hà Nội đi Hà Giang bằng gì,ask_transportation
cho tôi hỏi Vé máy bay đi Hà Giang,ask_transportation
cho em hỏi Khách sạn Hà Giang giá tốt,search_accommodation
ad ơi Đặt tour Mũi Né tiết kiệm,book_tour
ad ơi Ăn vặt Nha Trang,search_food_dining
ad ơi Có gì đẹp ở Hà Giang,search_destination
làm ơn Chi phí đi Hà Giang tự túc,search_price
ad ơi Căn hộ Hà Giang view đẹp,search_accommodation
ad ơi Kinh nghiệm đi Đà Lạt lần đầu,search_destination
ad ơi Du lịch Hà Giang tự túc,search_travel
làm ơn Khám phá hang động Hà Giang,search_activity
Đặt vé máy bay đi Hội An,book_tour
cho tôi hỏi Đi Hà Giang tháng 4 có mưa không,ask_weather_timing
cho tôi hỏi Hà Giang có món gì đặc biệt,search_food_dining
cho em hỏi Giá dịch vụ Phú Quốc,search_price
cho em hỏi Thời tiết Vũng Tàu tháng 12,ask_weather_timing
mình hỏi Nên ở Mũi Né bao lâu,ask_itinerary
Chèo kayak Sa Pa,search_activity
ad ơi Hà Giang cách Hà Nội bao xa,search_destination
cho tôi hỏi Lịch trình Hà Giang 5 ngày,ask_itinerary
mình hỏi Tôi đã book tour Hà Giang rồi,inform
cho em hỏi Bảng giá tour Hà Giang,search_price
Thông tin du lịch Hà Giang,search_destination
ad ơi Tham quan làng nghề Hội An,search_activity
cho tôi hỏi Lịch trình Huế nghỉ dưỡng,ask_itinerary
làm ơn Vé máy bay đi Huế,ask_transportation
mình hỏi Gia đình tôi muốn đi Sa Pa tuần tới,inform
cho em hỏi Tour Hà Giang VIP 5 sao,search_travel
ad ơi Tôi thích Hà Giang vì không khí mát mẻ,inform
ad ơi Xe giường nằm đi Hà Giang,ask_transportation
Đi thuyền Hà Giang,search_activity
ad ơi Đặt tour Nha Trang tận nơi,book_tour
cho em hỏi Tiền ăn ở Hà Giang 1 ngày,search_price
cho tôi hỏi Gợi ý tour Hà Giang 2 ngày,ask_itinerary
cho em hỏi Combo du lịch Hà Giang,search_travel
Thời tiết Sa Pa cuối tuần,ask_weather_timing
mình hỏi Homestay Hà Giang view đẹp,search_accommodation
cho em hỏi Bản đồ du lịch Hà Giang,search_destination
mình hỏi Resort Hà Giang 5 sao,search_accommodation
cho tôi hỏi Mùa khô ở Hà Giang,ask_weather_timing
làm ơn Giá tour Hà Nội 3 ngày,search_travel
mình hỏi Đi phượt Hà Giang bằng xe máy,search_activity
làm ơn Giá tour Hà Giang bao nhiêu,search_price
cho tôi hỏi Tôi nghe nói Hà Giang rất đẹp,inform
Đặt tour Hà Giang tiết kiệm,book_tour
ad ơi Chụp ảnh ở Hà Giang,search_activity
ad ơi Giới thiệu về Hà Giang,search_destination
Đi Đà Nẵng 1 ngày thì đi đâu,ask_itinerary
Vẻ đẹp Đà Lạt,search_destination
cho em hỏi Chi phí đi Hà Giang tự túc,search_price
Vé máy bay đi Hà Giang,ask_transportation
mình hỏi Chơi dù bay Hà Giang,search_activity
cho em hỏi Reserve phòng Hà Giang,book_tour
làm ơn Bạn tôi gợi ý đi Nha Trang,inform
cho em hỏi Giá tour Vũng Tàu 3 ngày,search_travel
làm ơn Ở Hà Nội ăn gì ngon,search_food_dining
mình hỏi Khu nghỉ dưỡng Hà Giang,search_accommodation
Resort Vũng Tàu gia đình,search_accommodation
ad ơi Giá homestay Hà Giang,search_price
làm ơn Homestay Hà Giang gần trung tâm,search_accommodation
Tour Hà Giang VIP,search_travel
làm ơn Đặt tour Mũi Né tiết kiệm,book_tour
ad ơi Khách sạn Sa Pa gần biển,search_accommodation
cho em hỏi Mùa đẹp nhất ở Hà Giang,ask_weather_timing
Chi phí du lịch Hà Giang 3 ngày,search_price
cho tôi hỏi Chi phí Huế 4 ngày 3 đêm,search_price
mình hỏi Tôi yêu thích Hà Giang,inform
cho em hỏi Đi Hội An tham quan gì,search_destination
Tôi muốn tìm hiểu về Hà Giang,inform
cho em hỏi Lượng mưa Hà Giang hàng năm,ask_weather_timing
ad ơi Vợ chồng tôi cưới ở Hà Nội,inform
cho tôi hỏi Đặt tour Đà Nẵng tiết kiệm,book_tour
Xem biểu diễn Nha Trang,search_activity
cho tôi hỏi Từ Hà Giang đi các nơi khác,ask_transportation
Bố mẹ tôi thích Nha Trang,inform
Hà Giang có gì chơi,search_destination
Reserve phòng Hà Giang qua app,book_tour
Ngắm hoàng hôn Hà Giang,search_activity
cho tôi hỏi Booking tour Hà Giang giá tốt,search_travel
cho em hỏi Đặt homestay Hội An,book_tour
mình hỏi Tour Hà Giang 4 ngày 3 đêm,search_travel
mình hỏi Đặt tour Hà Giang trả góp,book_tour
Thuê xe tự lái Hà Giang,ask_transportation
làm ơn Nhà nghỉ Hà Giang trung tâm,search_accommodation
làm ơn Tôi đã đến Hà Giang 3 lần rồi,inform
cho em hỏi Booking tour Hà Giang giá rẻ,book_tour
cho em hỏi Taxi Hà Giang giá bao nhiêu,ask_transportation
cho em hỏi Vé máy bay đi Hà Giang giá rẻ,search_price
làm ơn Gợi ý lịch trình Đà Lạt,ask_itinerary
cho em hỏi Du lịch Hà Nội có gì hay,search_destination
mình hỏi Kinh phí đi Đà Lạt tiết kiệm,search_price
Thời tiết Hà Giang tháng 2,ask_weather_timing
cho tôi hỏi Bạn tôi gợi ý đi Hà Giang,inform
Khuyến mãi tour Phú Quốc,search_price
làm ơn Camping ở Hà Giang,search_accommodation
cho em hỏi Thông tin du lịch Hội An,search_destination
mình hỏi Tàu hỏa Hà Giang bao nhiêu tiền,ask_transportation
ad ơi Cung đường đèo Hà Giang,search_destination
cho tôi hỏi Đi Hà Giang bằng xe máy,ask_transportation
cho em hỏi Chi phí du lịch Hà Giang 3 ngày,search_price
Xe đạp đi Hà Giang,ask_transportation
mình hỏi Tour Hà Giang 3 ngày 2 đêm,search_travel
Reserve phòng Hà Giang qua app,book_tour
ad ơi Top địa điểm Vũng Tàu,search_destination
cho tôi hỏi Giá dịch vụ Hà Giang,search_price
cho em hỏi Đi Huế trong 2 ngày,ask_itinerary
cho tôi hỏi Đi Hà Nội bằng xe máy,ask_transportation
mình hỏi Đi Nha Trang mùa nào đẹp,search_destination
cho tôi hỏi Booking tour Hội An giá rẻ,book_tour
cho em hỏi Đi thác Hà Giang tham quan,search_activity
ad ơi Resort Đà Lạt 5 sao,search_accommodation
ad ơi Khách sạn Hà Giang gần biển,search_accommodation
ad ơi Lẩu Hà Giang ăn ở đâu,search_food_dining
mình hỏi Giới thiệu về Hà Giang,search_destination
ad ơi Mua vé tham quan Hà Giang,book_tour
cho em hỏi Đi thác Đà Lạt tham quan,search_activity
cho tôi hỏi Tôi muốn khám phá Hà Giang bằng xe máy,inform
ad ơi Resort Mũi Né view biển,search_accommodation
làm ơn Đặt phòng khách sạn Hà Giang,book_tour
ad ơi Mua vé tham quan Nha Trang,book_tour
làm ơn Gợi ý lịch trình Hà Giang,ask_itinerary
Lưu trú ở Vũng Tàu gần chợ,search_accommodation
làm ơn Giá tour Hà Giang 3 ngày,search_travel
cho tôi hỏi Đi bộ biển Đà Lạt,search_activity
cho em hỏi Hà Nội ăn gì cho bữa sáng,search_food_dining
cho em hỏi Đi Nha Trang tháng 4 có mưa không,ask_weather_timing
ad ơi Rượu ngô Hà Giang mua ở đâu,search_food_dining
Lịch trình Hà Giang cho người già,ask_itinerary
mình hỏi Giá tour Hà Giang 3 ngày,search_travel
ad ơi Vé máy bay Hà Giang khứ hồi,search_price
Nên ở Hà Giang bao lâu,ask_itinerary
làm ơn Tour Mũi Né nghỉ dưỡng,search_travel
cho em hỏi Sương mù Hà Giang vào tháng mấy,ask_weather_timing
mình hỏi Lịch trình Hà Giang cho người già,ask_itinerary
mình hỏi Lịch trình Hà Giang 3 ngày 2 đêm,ask_itinerary
mình hỏi Đi cáp treo Hà Giang,search_activity
ad ơi Ăn vặt Hà Giang,search_food_dining
Bạn tôi gợi ý đi Đà Lạt,inform
mình hỏi Giá combo Hà Giang,search_price
Combo Hà Giang trọn gói,search_travel
cho em hỏi Nên ở Hà Giang bao lâu,ask_itinerary
mình hỏi Hà Giang ở đâu,search_destination
làm ơn Ở Hà Giang 4 ngày đi đâu,ask_itinerary
cho em hỏi Top địa điểm Hà Giang,search_destination
mình hỏi Cắm trại Đà Nẵng,search_activity
ad ơi Lịch trình Hà Giang tự túc,ask_itinerary
làm ơn Khách sạn Hà Giang gần biển,search_accommodation
ad ơi Tôi muốn tìm hiểu về Hà Giang,inform
làm ơn Chi phí Hà Giang 4 ngày 3 đêm,search_price
cho em hỏi Tôi muốn khám phá Hà Giang bằng xe máy,inform
ad ơi Khách sạn Hà Giang giá rẻ,search_accommodation
cho em hỏi Giá tham quan Hà Giang 2026,search_price
cho tôi hỏi Chia sẻ kinh nghiệm Hà Giang,search_destination
cho tôi hỏi Sinh nhật tôi ở Hà Giang,inform
ad ơi Kế hoạch du lịch Nha Trang,ask_itinerary
làm ơn Tour Hà Giang cho người già,search_travel
ad ơi Đi Phú Quốc bằng tàu cao tốc,ask_transportation
cho em hỏi Ở đâu chơi ở Hội An,search_destination
Tour Hội An team building,search_travel
ad ơi Booking tour Mũi Né giá tốt,search_travel
làm ơn Lịch trình Hà Giang nghỉ dưỡng,ask_itinerary
làm ơn Đi Hà Giang 1 ngày thì đi đâu,ask_itinerary
ad ơi Thời tiết Đà Lạt tháng 3,ask_weather_timing
làm ơn Xe limousine đi Hà Giang,ask_transportation
ad ơi Resort Vũng Tàu 5 sao,search_accommodation
ad ơi Sinh nhật tôi ở Hà Giang,inform
ad ơi Kinh nghiệm đi Hà Giang lần đầu,search_destination
làm ơn Kỳ nghỉ Hà Nội,search_travel
làm ơn Tour Hà Giang cho gia đình,search_travel
cho tôi hỏi Thời tiết Hà Giang tháng 12,ask_weather_timing
ad ơi Tour Hà Giang 5 ngày 4 đêm,search_travel
Đến Vũng Tàu nên đi đâu,search_destination
mình hỏi Glamping Hà Giang giá rẻ,search_accommodation
làm ơn Công ty tôi tổ chức team building ở Vũng Tàu,inform
ad ơi Khuyến mãi tour Hà Giang,search_price
cho tôi hỏi Vé máy bay Hà Giang khứ hồi,search_price
cho em hỏi Order tour Huế,book_tour
cho tôi hỏi Dự báo thời tiết Hà Giang,ask_weather_timing
cho em hỏi Thông tin du lịch Đà Lạt,search_destination
cho em hỏi Căn hộ Đà Lạt view đẹp,search_accommodation
ad ơi Tour Hà Giang trọn gói bao gồm,search_travel
làm ơn Reserve phòng Hà Giang,book_tour
cho em hỏi Chèo kayak Hà Giang,search_activity
Tour Hà Giang 4 ngày 3 đêm,search_travel
mình hỏi Đi Hà Giang bằng máy bay giá rẻ,ask_transportation
cho em hỏi Hà Nội mùa nào đẹp nhất,search_destination
ad ơi Tour Huế cho gia đình,search_travel
làm ơn Bánh xèo Hà Giang,search_food_dining
Lượng mưa Đà Nẵng hàng năm,ask_weather_timing
cho em hỏi Từ Nha Trang đi các nơi khác,ask_transportation
cho tôi hỏi Đi bộ đường dài Hà Giang,search_activity
Hà Nội có đáng đi không,search_destination
làm ơn Giá vé Hà Giang cho trẻ em,search_price
Chơi dù bay Hà Giang,search_activity
ad ơi Tour Hà Giang giá bao nhiêu tiền,search_price
ad ơi Bánh xèo Hà Giang,search_food_dining
Món ngon Hà Giang giá rẻ,search_food_dining
mình hỏi Order tour Hà Giang,book_tour
làm ơn Sinh nhật tôi ở Đà Lạt,inform
ad ơi Lặn biển ở Sa Pa,search_activity
làm ơn Combo Đà Lạt trọn gói,search_travel
mình hỏi Câu cá ở Hà Giang,search_activity
Xem biểu diễn Hà Giang,search_activity
mình hỏi Tour Vũng Tàu 2 ngày 1 đêm,search_travel
mình hỏi Cung đường đèo Hà Giang,search_destination
làm ơn Tour Hà Giang VIP 5 sao,search_travel
làm ơn Lịch trình Mũi Né 3 ngày 2 đêm,ask_itinerary
Tàu hỏa đi Hà Giang,ask_transportation
cho tôi hỏi Khách sạn Mũi Né giá tốt,search_accommodation
cho tôi hỏi Tour Hà Giang VIP,search_travel
mình hỏi Ngân sách đi Sa Pa,search_price
Du lịch Hà Giang mùa đông,search_travel
ad ơi Nhà nghỉ Hà Giang gần biển,search_accommodation
làm ơn Đi Hà Giang bao nhiêu ngày,ask_itinerary
cho tôi hỏi Hải sản Hội An tươi ngon,search_food_dining
ad ơi Đặt tour Hà Giang trả góp,book_tour
cho tôi hỏi Thời tiết Huế tháng 10,ask_weather_timing
cho em hỏi Tôi yêu thích Hà Giang,inform
làm ơn Kinh nghiệm đi Hà Giang lần đầu,search_destination
mình hỏi Cắm trại Hà Giang,search_activity
cho em hỏi Tour Vũng Tàu team building,search_travel
làm ơn Đường đi Nha Trang có khó không,ask_transportation
ad ơi Lịch trình Hà Giang tự túc,ask_itinerary
Mua tour Hà Giang giảm giá,book_tour
làm ơn Đi Hà Giang tháng 4 có mưa không,ask_weather_timing
cho tôi hỏi Resort Hà Giang 5 sao,search_accommodation
cho em hỏi Thông tin du lịch Hà Giang,search_destination
Du lịch Hội An có gì hay,search_destination
cho tôi hỏi Hà Giang ăn gì cho bữa sáng,search_food_dining
Quán nhậu Hà Giang,search_food_dining
mình hỏi Villa Hà Giang cho thuê,search_accommodation
ad ơi Vẻ đẹp Hà Giang,search_destination
Bố mẹ tôi muốn đi Hà Giang,inform
mình hỏi Tour Hà Giang 6 ngày 5 đêm,search_travel
ad ơi Đi thuyền Hà Giang,search_activity
cho tôi hỏi Lẩu cá hồi Hà Giang ở đâu,search_food_dining
Từ Sài Gòn đi Hà Giang bao xa,ask_transportation
mình hỏi Tour Nha Trang giá sinh viên,search_travel
cho em hỏi Book combo Hà Giang,book_tour
mình hỏi Thời tiết Hà Giang tháng 3,ask_weather_timing
cho em hỏi Order tour Hà Giang,book_tour
ad ơi Tổng chi phí đi Hà Giang,search_price
cho em hỏi Tour Hà Giang VIP,search_travel
làm ơn Villa Hội An cho thuê,search_accommodation
cho em hỏi Mùa mưa ở Hà Giang tháng nào,ask_weather_timing
Xe khách đi Hội An giờ nào,ask_transportation
mình hỏi Bạn tôi gợi ý đi Hà Giang,inform
cho tôi hỏi Từ Hội An đi các nơi khác,ask_transportation
cho tôi hỏi Mùa khô ở Hà Giang,ask_weather_timing
cho em hỏi Đi Hà Giang bao nhiêu ngày,ask_itinerary
mình hỏi Kinh nghiệm đi Hà Giang lần đầu,search_destination
cho em hỏi Hà Giang ở đâu,search_destination
Ở Hà Giang 4 ngày đi đâu,ask_itinerary
Tour Hà Giang giá học sinh,search_travel
ad ơi Sa Pa ăn gì cho bữa sáng,search_food_dining
cho em hỏi Đặt trước tour Hà Giang,book_tour
Tour Hà Giang giá sinh viên,search_travel
ad ơi Vũng Tàu mùa thu,ask_weather_timing
ad ơi Cả nhà tôi đi Hà Giang dịp Tết,inform
cho tôi hỏi Chi phí đi Huế tự túc,search_price
cho em hỏi Check in Vũng Tàu ở đâu,search_destination
cho tôi hỏi Đến Hà Giang nên đi đâu,search_destination
cho tôi hỏi Đặt tour Hà Giang tận nơi,book_tour
cho em hỏi Dự báo thời tiết Hà Giang,ask_weather_timing
làm ơn Check in Hà Giang ở đâu,search_destination
Combo Hà Nội trọn gói,search_travel
ad ơi Tôi thích đi Hà Giang vào mùa hè,inform
mình hỏi Giá tham quan Sa Pa 2026,search_price
cho tôi hỏi Giá homestay Hà Giang,search_price
cho tôi hỏi Đặt tour Hà Giang khuyến mãi,book_tour
cho em hỏi Xe khách đi Phú Quốc từ Sài Gòn,ask_transportation
cho tôi hỏi Tour Hà Nội cho người già,search_travel
làm ơn Resort Hà Giang view biển,search_accommodation
mình hỏi Thời tiết Hà Giang tháng 10,ask_weather_timing
ad ơi Tour Hà Giang VIP,search_travel
Thời gian lý tưởng đi Phú Quốc,ask_weather_timing
cho em hỏi Giá dịch vụ Hà Giang,search_price
cho em hỏi Leo núi ở Hà Giang,search_activity
Nên ở Hà Giang bao lâu,ask_itinerary
ad ơi Tôi muốn khám phá Hà Giang,inform
cho em hỏi Tôi yêu thích Mũi Né,inform
cho em hỏi Resort Phú Quốc view biển,search_accommodation
làm ơn Homestay Hà Giang view đẹp,search_accommodation
làm ơn Đặt tour Vũng Tàu tiết kiệm,book_tour
ad ơi Lịch trình tour Hà Giang,search_travel
làm ơn Dự báo thời tiết Sa Pa,ask_weather_timing
Lịch trình Hà Giang 5 ngày,ask_itinerary
cho em hỏi Tour Hà Giang giá học sinh,search_travel
làm ơn Ở Huế mấy ngày là đủ,ask_itinerary
mình hỏi Tour Hà Nội cho gia đình,search_travel
cho em hỏi Chi phí lưu trú Hà Giang,search_price
Bánh xèo Hà Giang,search_food_dining
ad ơi Đặt trước tour Hà Giang,book_tour
ad ơi Phú Quốc có món gì đặc biệt,search_food_dining
cho em hỏi Đi cáp treo Đà Lạt,search_activity
Giá tour Hà Giang cho sinh viên,search_price
cho tôi hỏi Thời gian lý tưởng đi Hà Giang,ask_weather_timing
ad ơi Câu cá ở Hà Giang,search_activity
cho tôi hỏi Du lịch Hà Giang mùa đông,search_travel
làm ơn Câu cá ở Đà Nẵng,search_activity
Giá combo Hà Giang,search_price
Tôi đã đi Hà Giang năm ngoái rất thích,inform
cho em hỏi Tàu hỏa Hà Giang bao nhiêu tiền,ask_transportation
mình hỏi Du lịch Hà Giang 1 ngày,search_travel
làm ơn Buffet Hà Giang giá rẻ,search_food_dining
cho tôi hỏi Món Việt Đà Lạt ngon,search_food_dining
cho em hỏi Kinh nghiệm phượt Hà Giang,search_destination
Thời tiết Hà Giang tháng 6,ask_weather_timing
làm ơn Giá combo Hà Giang,search_price
cho tôi hỏi Thời tiết Hà Giang tháng 10,ask_weather_timing
Kinh phí đi Hà Giang tiết kiệm,search_price
ad ơi Tour Hội An cho cặp đôi,search_travel
ad ơi Lịch trình Đà Lạt cho người già,ask_itinerary
Du lịch Hà Giang mùa đông,search_travel
ad ơi Hà Giang có gì ngon,search_food_dining
Resort Hà Giang hồ bơi,search_accommodation
cho em hỏi Lịch trình tour Vũng Tàu,search_travel
làm ơn Tôi muốn đưa con đi Hà Giang,inform
ad ơi Tôi yêu thích Hà Giang,inform
ad ơi Món Việt Hà Giang ngon,search_food_dining
cho em hỏi Hà Giang mùa thu,ask_weather_timing
cho em hỏi Hà Giang có món gì đặc biệt,search_food_dining
cho em hỏi Căn hộ Hội An view đẹp,search_accommodation
làm ơn Lịch trình Nha Trang cho gia đình,ask_itinerary
cho em hỏi Combo Hà Giang trọn gói,search_travel
ad ơi Combo Hà Giang trọn gói,search_travel
cho em hỏi Đi phượt Hà Giang bằng xe máy,search_activity
mình hỏi Đi Hà Giang bằng xe máy,ask_transportation
Lịch trình Hà Giang 3 ngày 2 đêm,ask_itinerary
làm ơn Lặn ngắm san hô Mũi Né,search_activity
cho tôi hỏi Đi chợ Hà Giang về đêm,search_activity
ad ơi Giá tour Hà Giang cho sinh viên,search_price
Book combo Hà Giang,book_tour
cho em hỏi Nhiệt độ Đà Nẵng trung bình,ask_weather_timing
làm ơn Du lịch Hà Giang mùa hè,search_travel
mình hỏi Resort Sa Pa gia đình,search_accommodation
Xe giường nằm đi Đà Nẵng,ask_transportation
mình hỏi Đi Hà Giang tự túc bao nhiêu ngày,ask_itinerary
ad ơi Tôi muốn khám phá Hà Giang bằng xe máy,inform
ad ơi Thuê xe tự lái Hà Giang,ask_transportation
làm ơn Lịch trình Hà Giang sinh viên,ask_itinerary
Chia sẻ kinh nghiệm Hà Giang,search_destination
cho tôi hỏi Lịch trình Đà Lạt 3 ngày 2 đêm,ask_itinerary
cho em hỏi Đà Nẵng cách Hà Nội bao xa,search_destination
làm ơn Lịch trình tour Hà Giang,search_travel
mình hỏi Bố mẹ tôi thích Hà Nội,inform
cho tôi hỏi Nhóm bạn tôi định đi Nha Trang tháng sau,inform
mình hỏi Tôi đã đi Hà Giang vào năm ngoái,inform
cho em hỏi Một mình đi Hà Giang có an toàn không,search_destination
Tour Hà Giang khuyến mãi,search_travel
Ngân sách đi Hà Giang tiết kiệm,search_price
làm ơn Du lịch Đà Lạt 1 ngày,search_travel
cho tôi hỏi Booking tour Hà Giang giá rẻ,book_tour
cho tôi hỏi Hà Giang có gì đặc biệt,search_destination
làm ơn Hà Giang mùa xuân,ask_weather_timing
cho tôi hỏi Hải sản Hà Giang giá rẻ,search_food_dining
cho tôi hỏi Thời tiết Huế tháng 2,ask_weather_timing
mình hỏi Tôi yêu thích Phú Quốc,inform
cho em hỏi Cung đường Hà Giang đẹp nhất,search_destination
mình hỏi Gợi ý lịch trình Hà Giang,ask_itinerary
cho em hỏi Khách sạn Hà Giang gần sân bay,search_accommodation
Món Việt Mũi Né ngon,search_food_dining
làm ơn Tour Hà Giang nghỉ dưỡng,search_travel
Đi Hà Giang mùa hè có nóng không,ask_weather_timing
làm ơn Chụp ảnh ở Hà Giang,search_activity
cho tôi hỏi Ăn tối trên du thuyền Hà Giang,search_activity
mình hỏi Dự báo thời tiết Vũng Tàu,ask_weather_timing
làm ơn Booking tour Hà Giang giá rẻ,book_tour
Tour Nha Trang cho gia đình,search_travel
ad ơi Taxi ở Hà Giang giá rẻ,ask_transportation
cho em hỏi Điểm đến Hà Giang,search_destination
ad ơi Chi phí lưu trú Nha Trang,search_price
mình hỏi Lặn biển ở Hà Giang,search_activity
cho tôi hỏi Ẩm thực Hội An món gì đặc sản,search_food_dining
cho tôi hỏi Tôi muốn khám phá Hà Giang,inform
cho tôi hỏi Tắm nước nóng Đà Lạt,search_activity
làm ơn Lẩu Hà Giang ăn ở đâu,search_food_dining
mình hỏi Bánh xèo Hà Giang,search_food_dining
làm ơn Chi phí du lịch Hà Giang 3 ngày,search_price
cho tôi hỏi Chi phí đi Hà Giang tự túc,search_price
Lịch trình Hà Giang cho gia đình,ask_itinerary
làm ơn Giá khách sạn Hà Giang 1 đêm,search_price
ad ơi Các hãng bay đến Hà Giang,ask_transportation
Du lịch Hà Giang 1 ngày,search_travel
mình hỏi Tôi thích Sa Pa vì không khí mát mẻ,inform
mình hỏi Cafe view đẹp Hà Giang,search_food_dining
mình hỏi Review du lịch Hà Giang,search_destination
cho tôi hỏi Giữ chỗ tour Hội An,book_tour
làm ơn Xe máy đi Hà Giang bao nhiêu km,ask_transportation
ad ơi Thời tiết Hà Giang cuối tuần,ask_weather_timing
cho tôi hỏi Xe đạp đi Hà Giang,ask_transportation
mình hỏi Lượng mưa Hà Giang hàng năm,ask_weather_timing
cho tôi hỏi Cung đường đèo Hà Giang,search_destination
Homestay Hà Giang gần trung tâm,search_accommodation
ad ơi Ăn vặt Hà Giang,search_food_dining
cho em hỏi Tổng chi phí đi Hà Giang,search_price
mình hỏi Câu cá ở Đà Nẵng,search_activity
cho tôi hỏi Cảnh đẹp Vũng Tàu nổi tiếng,search_destination
cho em hỏi Tour du lịch Hà Giang giá rẻ,search_travel
cho tôi hỏi Từ Hà Giang đi các nơi khác,ask_transportation
mình hỏi Bánh cuốn Hà Giang,search_food_dining
mình hỏi Đặt phòng Hà Giang online,book_tour
Từ Sài Gòn đi Mũi Né bao xa,ask_transportation
cho em hỏi Hà Giang mùa xuân,ask_weather_timing
làm ơn Đặt tour Hà Giang khuyến mãi,book_tour
ad ơi Thời tiết Hà Giang tháng 6,ask_weather_timing
làm ơn Giữ chỗ tour Hà Giang,book_tour
cho tôi hỏi Nhà nghỉ Mũi Né trung tâm,search_accommodation
cho em hỏi Đi Sa Pa bằng xe máy,ask_transportation
ad ơi Tour Hà Giang team building,search_travel
cho em hỏi Lặn biển ở Hà Giang,search_activity
ad ơi Nhiệt độ Hà Giang tháng 7,ask_weather_timing
mình hỏi Homestay đẹp ở Hà Nội,search_accommodation
ad ơi Món ngon Hà Giang giá rẻ,search_food_dining
làm ơn Hà Giang mùa xuân thời tiết ra sao,ask_weather_timing
cho tôi hỏi Bảng báo giá Hà Giang,search_price
cho em hỏi Kỳ nghỉ Hà Giang,search_travel
ad ơi Gợi ý tour Hà Nội 2 ngày,ask_itinerary
cho em hỏi Đặt tour Đà Lạt trả góp,book_tour
cho em hỏi Resort Hà Giang 5 sao,search_accommodation
ad ơi Vé máy bay đi Hà Giang giá rẻ,search_price
Resort Hà Giang 5 sao,search_accommodation
mình hỏi Taxi ở Đà Nẵng giá rẻ,ask_transportation
Taxi ở Đà Nẵng giá rẻ,ask_transportation
ad ơi Resort Phú Quốc 5 sao,search_accommodation
Đi cáp treo Nha Trang,search_activity
Đặc sản Hà Giang phải thử,search_food_dining
mình hỏi Đi Huế bằng tàu cao tốc,ask_transportation
làm ơn Đi bộ biển Hà Giang,search_activity
mình hỏi Mùa khô ở Hà Giang,ask_weather_timing
ad ơi Đi Hà Giang từ Sài Gòn bao xa,ask_transportation
Một mình đi Hà Giang có an toàn không,search_destination
mình hỏi Chèo kayak Hà Giang,search_activity
làm ơn Nên đi Đà Lạt không,search_destination
Thời tiết Phú Quốc tháng 12,ask_weather_timing
ad ơi Mùa mưa ở Hội An tháng nào,ask_weather_timing
cho em hỏi Ẩm thực Hà Giang món gì đặc sản,search_food_dining
cho tôi hỏi Camping Hà Giang qua đêm,search_accommodation
ad ơi Giá vé tham quan Hà Giang,search_price
mình hỏi Tour Hà Giang cuối tuần,search_travel
ad ơi Khu nghỉ Hà Giang view núi,search_accommodation
cho tôi hỏi Công ty tôi tổ chức team building ở Hà Giang,inform
ad ơi Thời tiết Hà Giang tháng 2,ask_weather_timing
cho tôi hỏi Xe giường nằm đi Hà Giang,ask_transportation
mình hỏi Bố mẹ tôi muốn đi Hà Giang,inform
cho tôi hỏi Bố mẹ tôi thích Vũng Tàu,inform
mình hỏi Đi Hà Giang bằng tàu cao tốc,ask_transportation
cho tôi hỏi Lịch trình tour Đà Nẵng,search_travel
cho tôi hỏi Tour Hà Giang 3 ngày 2 đêm,search_travel
Đặt tour Sa Pa online,book_tour
cho em hỏi Đặt tour Hà Giang tận nơi,book_tour
Lẩu Sa Pa ăn ở đâu,search_food_dining
ad ơi Lịch trình Sa Pa sinh viên,ask_itinerary
cho em hỏi Đi Hội An cuối tuần,ask_itinerary
mình hỏi Lặn biển ở Sa Pa,search_activity
làm ơn Các hãng bay đến Hà Giang,ask_transportation
cho tôi hỏi Phương tiện đi Hà Giang rẻ nhất,ask_transportation
cho tôi hỏi Giữ chỗ tour Hà Giang,book_tour
cho tôi hỏi Chèo kayak Hà Giang,search_activity
mình hỏi Kinh phí đi Mũi Né tiết kiệm,search_price
Kỳ nghỉ Hà Giang,search_travel
cho tôi hỏi Các hãng bay đến Hà Giang,ask_transportation
cho tôi hỏi Đường đi Hà Giang có khó không,ask_transportation
cho em hỏi Tour Mũi Né cho người già,search_travel
cho tôi hỏi Giữ chỗ tour Hà Nội,book_tour
cho tôi hỏi Tour Sa Pa giá bao nhiêu tiền,search_price
cho tôi hỏi Nha Trang có đáng đi không,search_destination
ad ơi Gợi ý tour Hà Giang 2 ngày,ask_itinerary
cho tôi hỏi Bố mẹ tôi muốn đi Hà Giang,inform
ad ơi Đặc sản Hà Giang phải thử,search_food_dining
Giá homestay Mũi Né,search_price
mình hỏi Tour Hà Giang VIP 5 sao,search_travel
làm ơn Ăn tối trên du thuyền Hà Giang,search_activity
ad ơi Đi chợ nổi Hà Giang,search_activity
cho em hỏi Từ Hà Nội đi Hà Giang bằng gì,ask_transportation
cho tôi hỏi Xe khách đi Mũi Né giờ nào,ask_transportation
mình hỏi Ở đâu chơi ở Hà Giang,search_destination
làm ơn Đi Hà Giang ở đâu chơi đẹp,search_destination
làm ơn Tôi thích Hà Giang vì không khí mát mẻ,inform
cho tôi hỏi Tàu hỏa Hà Giang bao nhiêu tiền,ask_transportation
cho tôi hỏi Lịch trình Hà Giang cho gia đình,ask_itinerary
ad ơi Quán nhậu Hà Giang,search_food_dining
Hải sản Hà Giang giá rẻ,search_food_dining
làm ơn Booking tour Hà Giang giá tốt,search_travel
cho em hỏi Tour Hà Giang cho cặp đôi,search_travel
mình hỏi Resort Hà Giang gia đình,search_accommodation
cho tôi hỏi Booking homestay Sa Pa giá rẻ,book_tour
Tour Hà Giang 3 ngày 2 đêm,search_travel
mình hỏi Giá dịch vụ Hà Giang,search_price
cho em hỏi Du lịch Hà Giang 1 ngày,search_travel
cho em hỏi Đi chợ nổi Sa Pa,search_activity
làm ơn Lịch trình tour Huế,search_travel
cho tôi hỏi Đi cáp treo Hà Giang,search_activity
cho em hỏi Chèo thuyền ở Hà Giang,search_activity
cho tôi hỏi Mùa đẹp nhất ở Hà Nội,ask_weather_timing
mình hỏi Nhiệt độ Hà Giang trung bình,ask_weather_timing
ad ơi Thời gian lý tưởng đi Hà Giang,ask_weather_timing
mình hỏi Mì quảng Hà Giang,search_food_dining
Hà Giang mùa xuân,ask_weather_timing
cho em hỏi Ăn vặt Sa Pa,search_food_dining
cho tôi hỏi Hà Giang nổi tiếng về gì,search_destination
mình hỏi Glamping Hà Giang,search_accommodation
Đi Hà Giang bằng máy bay giá rẻ,ask_transportation
ad ơi Resort Hà Nội gia đình,search_accommodation
cho tôi hỏi Một mình đi Hà Giang có an toàn không,search_destination
ad ơi Hà Giang nổi tiếng về gì,search_destination
ad ơi Ở Huế mấy ngày là đủ,ask_itinerary
mình hỏi Giữ chỗ tour Hà Giang,book_tour
Xem biểu diễn Hội An,search_activity
làm ơn Ăn tối trên du thuyền Vũng Tàu,search_activity
ad ơi Mùa mưa ở Phú Quốc tháng nào,ask_weather_timing
ad ơi Tour Hà Giang 4 ngày 3 đêm,search_travel
ad ơi Hải sản Hà Giang giá rẻ,search_food_dining
Thời tiết Hà Giang tháng 2,ask_weather_timing
mình hỏi Tôi nghe nói Hà Giang rất đẹp,inform
ad ơi Ăn tối trên du thuyền Hà Giang,search_activity
cho em hỏi Lịch trình Hà Giang tiết kiệm,ask_itinerary
Tour Hà Giang 4 ngày 3 đêm,search_travel
mình hỏi Nên đi Nha Trang mấy ngày,ask_itinerary
Ở Hà Giang 4 ngày đi đâu,ask_itinerary
ad ơi Bản đồ du lịch Hà Giang,search_destination
cho em hỏi Phương tiện đi Hà Giang rẻ nhất,ask_transportation
ad ơi Tour Phú Quốc tiết kiệm,search_travel
cho tôi hỏi Taxi Hà Giang giá bao nhiêu,ask_transportation
mình hỏi Xe limousine đi Hà Giang,ask_transportation
cho tôi hỏi Khuyến mãi tour Hà Giang,search_price
mình hỏi Tham quan làng nghề Hà Giang,search_activity
làm ơn Khách sạn Hà Giang giá tốt,search_accommodation
cho em hỏi Thông tin du lịch Hà Giang,search_destination
mình hỏi Ở Huế 4 ngày đi đâu,ask_itinerary
ad ơi Tôi muốn khám phá Đà Lạt,inform
cho em hỏi Tiền ăn ở Huế 1 ngày,search_price
ad ơi Chụp ảnh ở Hà Giang,search_activity
làm ơn Mì quảng Hà Giang,search_food_dining
ad ơi Vẻ đẹp Hà Giang,search_destination
làm ơn Nên đi Hà Giang tháng mấy,ask_weather_timing
Hải sản Hà Giang tươi ngon,search_food_dining
Mùa bão Hà Giang,ask_weather_timing
ad ơi Hà Giang mùa xuân,ask_weather_timing
mình hỏi Đường đi Hà Giang có khó không,ask_transportation
cho em hỏi Câu cá ở Hà Giang,search_activity
cho tôi hỏi Đi Hội An mùa nào đẹp,search_destination
làm ơn Tôi đã book tour Sa Pa rồi,inform
mình hỏi Hà Nội có gì chơi,search_destination
làm ơn Xe limousine đi Hà Giang,ask_transportation
Hà Giang mùa xuân,ask_weather_timing
ad ơi Lượng mưa Nha Trang hàng năm,ask_weather_timing
mình hỏi Nên đi Hà Giang tháng mấy,ask_weather_timing
Mũi Né có gì đặc biệt,search_destination
cho tôi hỏi Du lịch Hà Giang tự túc,search_travel
Đi cáp treo Hà Giang,search_activity
mình hỏi Xe khách đi Hà Giang từ Sài Gòn,ask_transportation
cho tôi hỏi Giá tour Vũng Tàu 3 ngày,search_travel
mình hỏi Đi Phú Quốc 1 ngày thì đi đâu,ask_itinerary
ad ơi Đi phượt Hội An bằng xe máy,search_activity
làm ơn Homestay Đà Nẵng gần trung tâm,search_accommodation
cho tôi hỏi Ngắm hoàng hôn Hà Giang,search_activity
cho em hỏi Hà Giang cách Hà Nội bao xa,search_destination
cho em hỏi Tôi nghe nói Hà Giang rất đẹp,inform
cho em hỏi Đi Hà Giang bằng xe máy,ask_transportation
làm ơn Tắm biển Hà Giang,search_activity
Tiền ăn ở Hà Giang 1 ngày,search_price
làm ơn Lịch Huế phù hợp,ask_itinerary
mình hỏi Thời tiết Hà Giang tháng 2,ask_weather_timing
mình hỏi Đi Hà Giang bao nhiêu ngày,ask_itinerary
mình hỏi Tour Hà Giang giá học sinh,search_travel
mình hỏi Đi Hà Giang mùa nào đẹp,search_destination
cho em hỏi Hà Giang có gì đặc biệt,search_destination
Nhiệt độ Vũng Tàu trung bình,ask_weather_timing
cho em hỏi Ngân sách đi Hà Nội,search_price
làm ơn Hà Nội có quán nào nổi tiếng,search_food_dining
cho em hỏi Đặt homestay Đà Nẵng,book_tour
ad ơi Tour Hà Giang cho gia đình,search_travel
Tôi đã book tour Hà Giang rồi,inform
cho em hỏi Tour Hà Giang khởi hành từ Hà Nội,search_travel
mình hỏi Đặt tour Hà Giang khuyến mãi,book_tour
cho em hỏi Đi Hà Giang bao nhiêu ngày là hợp lý,ask_itinerary
cho tôi hỏi Đi Huế bao nhiêu ngày,ask_itinerary
Bản đồ du lịch Hà Giang,search_destination
Tôi muốn đưa con đi Đà Nẵng,inform
mình hỏi Xe khách đi Vũng Tàu từ Sài Gòn,ask_transportation
làm ơn Đặt vé máy bay đi Hà Giang,book_tour
Bài viết về Hà Giang,search_destination
Đi Hà Giang trong 2 ngày,ask_itinerary
cho em hỏi Lặn ngắm san hô Hà Giang,search_activity
làm ơn Lặn ngắm san hô Hà Giang,search_activity
ad ơi Resort Hà Giang view biển,search_accommodation
cho tôi hỏi Đi Hà Giang dịp lễ có vui không,ask_weather_timing
ad ơi Lặn ngắm san hô Hà Nội,search_activity
mình hỏi Cảnh đẹp Hà Giang nổi tiếng,search_destination
làm ơn Vé máy bay Hà Giang khứ hồi,search_price
Nhiệt độ Phú Quốc tháng 7,ask_weather_timing
Taxi ở Hà Giang giá rẻ,ask_transportation
mình hỏi Thời tiết Hà Giang cuối tuần,ask_weather_timing
ad ơi Tôi ở Hà Giang rồi muốn đi tiếp,inform
mình hỏi Tôi thích Hà Giang vì không khí mát mẻ,inform
làm ơn Lịch trình Hà Giang tự túc,ask_itinerary
cho em hỏi Camping ở Hà Giang,search_accommodation
Nên ở Sa Pa bao lâu,ask_itinerary
làm ơn Combo Hà Giang trọn gói,search_travel
mình hỏi Chi phí ăn uống ở Hà Giang,search_price
mình hỏi Top địa điểm Hà Giang,search_destination
cho tôi hỏi Du lịch Đà Lạt tự túc,search_travel
mình hỏi Tắm biển Đà Lạt,search_activity
ad ơi Vé máy bay đi Huế,ask_transportation
làm ơn Tiền ăn ở Hà Giang 1 ngày,search_price
cho em hỏi Homestay Hà Giang view đẹp,search_accommodation
Thời tiết Hà Giang tháng 3,ask_weather_timing
cho em hỏi Giới thiệu về Hà Giang,search_destination
ad ơi Cafe view đẹp Hà Giang,search_food_dining
cho tôi hỏi Mùa đẹp nhất ở Hà Giang,ask_weather_timing
cho em hỏi Booking homestay Hà Giang giá rẻ,book_tour
ad ơi Tôi đã đi Phú Quốc năm ngoái rất thích,inform
cho tôi hỏi Có gì đẹp ở Hà Giang,search_destination
mình hỏi Sa Pa có gì chơi,search_destination
Giới thiệu về Hà Giang,search_destination
ad ơi Tôi đã đi Hà Giang vào năm ngoái,inform
Chi phí Hà Giang 4 ngày 3 đêm,search_price
làm ơn Xem biểu diễn Hà Giang,search_activity
làm ơn Thời tiết Nha Trang tháng 12,ask_weather_timing
cho em hỏi Hà Giang nổi tiếng về gì,search_destination
cho em hỏi Hà Giang có quán nào nổi tiếng,search_food_dining
cho tôi hỏi Tour Hà Giang cho gia đình,search_travel
cho tôi hỏi Cả nhà tôi đi Hà Giang dịp Tết,inform
làm ơn Nên đi Huế tháng mấy,ask_weather_timing
làm ơn Giá tour Mũi Né bao nhiêu,search_price
mình hỏi Du lịch Hà Giang mùa đông,search_travel
mình hỏi Đặt phòng Nha Trang online,book_tour
Kinh phí đi Huế tiết kiệm,search_price
cho em hỏi Nên đi Hà Giang không,search_destination
cho em hỏi Tour Sa Pa 6 ngày 5 đêm,search_travel
cho em hỏi Nhà nghỉ Hà Giang gần biển,search_accommodation
cho em hỏi Tour Hà Giang giá sinh viên,search_travel
làm ơn Đi Hà Giang bao nhiêu ngày là hợp lý,ask_itinerary
làm ơn Ăn chay Hà Giang,search_food_dining
cho tôi hỏi Đi bộ biển Hà Giang,search_activity
cho tôi hỏi Du lịch Đà Lạt mùa hè,search_travel
ad ơi Món Việt Mũi Né ngon,search_food_dining
mình hỏi Taxi Hà Giang giá bao nhiêu,ask_transportation
làm ơn Lưu trú ở Hà Nội gần chợ,search_accommodation
mình hỏi Đi Sa Pa cuối tuần,ask_itinerary
ad ơi Tour Hà Giang 6 ngày 5 đêm,search_travel
cho tôi hỏi Glamping Hà Giang,search_accommodation
ad ơi Đi Hà Giang bằng xe máy,ask_transportation
Vẻ đẹp Hà Giang,search_destination
mình hỏi Kế hoạch du lịch Hà Giang,ask_itinerary
Taxi Hà Giang giá bao nhiêu,ask_transportation
Thời tiết Hà Nội tháng 3,ask_weather_timing
cho em hỏi Đặt tour Đà Lạt online,book_tour
Mùa mưa ở Hà Giang tháng nào,ask_weather_timing
Khách sạn Hà Giang giá rẻ,search_accommodation
cho tôi hỏi Thuê xe tự lái đi Hà Giang,ask_transportation
cho em hỏi Đi Hà Giang dịp lễ có vui không,ask_weather_timing
mình hỏi Đi chợ nổi Hà Giang,search_activity
mình hỏi Vé máy bay Hà Giang khứ hồi,search_price
làm ơn Đặt phòng Hà Giang online,book_tour
cho tôi hỏi Tôi đã book tour Hà Giang rồi,inform
mình hỏi Xe giường nằm đi Đà Lạt,ask_transportation
Kinh nghiệm phượt Hà Giang,search_destination
mình hỏi Tôi muốn khám phá Hà Giang,inform
cho tôi hỏi Tour Hà Giang khởi hành từ Hà Nội,search_travel
cho em hỏi Nhà hàng Hà Giang sang trọng,search_food_dining
mình hỏi Tôi thích Hà Giang vì không khí mát mẻ,inform
làm ơn Khu nghỉ Hà Giang view núi,search_accommodation
Khách sạn Mũi Né giá rẻ,search_accommodation
mình hỏi Tour Hà Giang 5 ngày 4 đêm,search_travel
ad ơi Bài viết về Sa Pa,search_destination
ad ơi Combo du lịch Hà Giang,search_travel
cho tôi hỏi Hải sản Hà Giang tươi ngon,search_food_dining
Glamping Hội An,search_accommodation
cho em hỏi Đà Nẵng nổi tiếng về gì,search_destination
mình hỏi Kỳ nghỉ Hà Giang,search_travel
Tour Hà Giang 6 ngày 5 đêm,search_travel
làm ơn Ở đâu chơi ở Hà Giang,search_destination
cho em hỏi Mùa khô ở Hà Giang,ask_weather_timing
làm ơn Leo núi ở Đà Lạt,search_activity
cho tôi hỏi Nên ở Hà Giang bao lâu,ask_itinerary
Cắm trại Đà Lạt,search_activity
ad ơi Hà Giang có homestay nào đẹp,search_accommodation
ad ơi Đến Vũng Tàu nên đi đâu,search_destination
cho em hỏi Tour Hà Giang nghỉ dưỡng,search_travel
Hội An mùa thu,ask_weather_timing
Xe máy đi Hà Giang bao nhiêu km,ask_transportation
ad ơi Đi Hà Giang bao nhiêu ngày,ask_itinerary
làm ơn Check in Đà Nẵng ở đâu,search_destination
ad ơi Giá vé Hà Giang cho trẻ em,search_price
Giá vé tham quan Hà Giang,search_price
làm ơn Hà Giang có món gì đặc biệt,search_food_dining
Lịch trình Sa Pa cho gia đình,ask_itinerary
làm ơn Đồ nướng Hà Giang,search_food_dining
mình hỏi Tôi đã đi Hà Giang năm ngoái rất thích,inform
cho tôi hỏi Glamping Hà Giang giá rẻ,search_accommodation
mình hỏi Bay đi Hà Giang từ Hà Nội,ask_transportation
cho em hỏi Du lịch Hà Giang có gì hay,search_destination
Tour Hà Giang giá bao nhiêu tiền,search_price
ad ơi Book phòng Sa Pa view biển,book_tour
cho em hỏi Tour Hà Nội 6 ngày 5 đêm,search_travel
cho em hỏi Ẩm thực Hà Giang món gì đặc sản,search_food_dining
cho em hỏi Thời tiết Mũi Né cuối tuần,ask_weather_timing
mình hỏi Du lịch Nha Trang 1 ngày,search_travel
làm ơn Tour Sa Pa 5 ngày 4 đêm,search_travel
làm ơn Khám phá ẩm thực đường phố Hà Giang,search_activity
cho tôi hỏi Khám phá Hà Giang,search_destination
làm ơn Ăn vặt Hà Giang,search_food_dining
cho em hỏi Khách sạn Hà Giang gần chợ đêm,search_accommodation
cho em hỏi Ngắm hoàng hôn Hà Giang,search_activity
mình hỏi Reserve phòng Hà Giang,book_tour
làm ơn Giá vé Huế cho trẻ em,search_price
cho tôi hỏi Đặt vé máy bay đi Hà Giang,book_tour
cho em hỏi Hà Giang có đáng đi không,search_destination
ad ơi Review du lịch Hà Giang,search_destination
cho em hỏi Ngân sách đi Phú Quốc,search_price
mình hỏi Du lịch Hà Giang tự túc,search_travel
Sương mù Hà Giang vào tháng mấy,ask_weather_timing
cho tôi hỏi Tour Hà Giang khuyến mãi,search_travel
cho tôi hỏi Từ Sài Gòn đi Hà Giang bao xa,ask_transportation
mình hỏi Đặt tour Hà Giang tận nơi,book_tour
mình hỏi Từ Sài Gòn đi Đà Nẵng bao xa,ask_transportation
làm ơn Thời tiết Hà Giang cuối tuần,ask_weather_timing
làm ơn Lẩu cá hồi Hà Giang ở đâu,search_food_dining
mình hỏi Kinh nghiệm phượt Hà Giang,search_destination
ad ơi Mùa bão Hà Giang,ask_weather_timing
làm ơn Đến Hà Giang nên đi đâu,search_destination
cho tôi hỏi Nên đi Đà Nẵng mấy ngày,ask_itinerary
Tour Hà Giang cho gia đình,search_travel
cho em hỏi Đi Hà Giang mùa hè có nóng không,ask_weather_timing
Vé máy bay đi Hà Giang giá rẻ,search_price
làm ơn Tour du lịch Hà Giang giá rẻ,search_travel
Khách sạn Hà Giang mới xây,search_accommodation
mình hỏi Thuê xe tự lái Hà Giang,ask_transportation
cho em hỏi Xe đạp đi Hà Giang,ask_transportation
Khí hậu Hà Giang như thế nào,ask_weather_timing
ad ơi Order tour Hà Giang,book_tour
mình hỏi Tour Huế cho gia đình,search_travel
làm ơn Khách sạn Sa Pa mới xây,search_accommodation
làm ơn Phương tiện đi Hà Giang rẻ nhất,ask_transportation
cho tôi hỏi Nhà hàng Hà Giang sang trọng,search_food_dining
làm ơn Bay đi Hà Giang từ Hà Nội,ask_transportation
cho tôi hỏi Cung đường Hà Giang đẹp nhất,search_destination
cho tôi hỏi Nhà nghỉ Hà Giang giá rẻ,search_accommodation
làm ơn Tôi đã đi Hà Giang năm ngoái rất thích,inform
cho tôi hỏi Ngân sách đi Hà Giang tiết kiệm,search_price
cho tôi hỏi Tour Hà Nội 6 ngày 5 đêm,search_travel
Vũng Tàu ở đâu,search_destination
ad ơi Tour Vũng Tàu cho gia đình,search_travel
cho tôi hỏi Tour Hà Giang 2 ngày 1 đêm,search_travel
mình hỏi Tắm nước nóng Hà Giang,search_activity
Vẻ đẹp Hà Giang,search_destination
ad ơi Homestay đẹp ở Hà Giang,search_accommodation
làm ơn Thời tiết Hà Giang tháng 6,ask_weather_timing
cho em hỏi Từ Sài Gòn đi Đà Nẵng bao xa,ask_transportation
cho tôi hỏi Tour Hà Giang tiết kiệm,search_travel
cho tôi hỏi Khách sạn Hà Giang gần sân bay,search_accommodation
Đi bộ biển Hà Giang,search_activity
ad ơi Đi Sa Pa tháng 4 có mưa không,ask_weather_timing
cho em hỏi Hà Giang ở đâu,search_destination
cho tôi hỏi Resort Hà Giang hồ bơi,search_accommodation
cho em hỏi Xe giường nằm đi Nha Trang,ask_transportation
Homestay ở Hà Giang view đẹp,search_accommodation
cho tôi hỏi Book phòng Hà Giang view biển,book_tour
ad ơi Đi Hà Giang bằng máy bay giá rẻ,ask_transportation
mình hỏi Xe buýt đi Hà Giang,ask_transportation
Công ty tôi tổ chức team building ở Vũng Tàu,inform
ad ơi Khách sạn Vũng Tàu giá rẻ,search_accommodation
mình hỏi Cả nhà tôi đi Hà Giang dịp Tết,inform
Ngắm hoàng hôn Hà Giang,search_activity
làm ơn Xe khách đi Hà Giang giờ nào,ask_transportation
mình hỏi Khách sạn Hà Giang trung tâm,search_accommodation
làm ơn Hà Giang có gì chơi,search_destination
mình hỏi Chia sẻ kinh nghiệm Hà Giang,search_destination
mình hỏi Tour Hà Giang cho cặp đôi,search_travel
mình hỏi Ăn vặt Hà Giang,search_food_dining
mình hỏi Chi phí lưu trú Hà Giang,search_price
cho em hỏi Khuyến mãi tour Hà Giang,search_price
cho tôi hỏi Tour Hà Giang trọn gói bao gồm,search_travel
Hà Giang cách Hà Nội bao xa,search_destination
Homestay ở Hà Giang view đẹp,search_accommodation
ad ơi Nhiệt độ Hội An trung bình,ask_weather_timing
cho em hỏi Tour Phú Quốc trọn gói bao gồm,search_travel
cho tôi hỏi Resort Hà Giang hồ bơi,search_accommodation
cho tôi hỏi Món Việt Hà Giang ngon,search_food_dining
cho tôi hỏi Khám phá hang động Hà Giang,search_activity
cho em hỏi Tôi thích đi Hà Giang vào mùa hè,inform
Đi chợ nổi Hà Giang,search_activity
mình hỏi Mùa mưa ở Hà Giang tháng nào,ask_weather_timing
ad ơi Tour Hà Giang giá sinh viên,search_travel
làm ơn Tàu hỏa Vũng Tàu bao nhiêu tiền,ask_transportation
ad ơi Quán ăn ngon ở Hội An,search_food_dining
cho tôi hỏi Đi Nha Trang tháng 4 có mưa không,ask_weather_timing
cho em hỏi Chi phí thuê xe Đà Lạt,search_price
cho tôi hỏi Buffet Phú Quốc giá rẻ,search_food_dining
ad ơi Đi thác Hà Giang tham quan,search_activity
làm ơn Lịch trình Hà Giang cho người già,ask_itinerary
cho em hỏi Thời tiết Hà Giang tháng 6,ask_weather_timing
Nhà nghỉ Hà Giang trung tâm,search_accommodation
cho tôi hỏi Đặt tour Hà Giang online,book_tour
ad ơi Căn hộ Hà Giang view đẹp,search_accommodation
cho em hỏi Lịch trình Hà Giang sinh viên,ask_itinerary
mình hỏi Villa Hà Giang hồ bơi,search_accommodation
cho tôi hỏi Nên đi Hà Giang không,search_destination
làm ơn Ở đâu chơi ở Vũng Tàu,search_destination
cho tôi hỏi Ngân sách đi Hà Giang,search_price
làm ơn Công ty tôi tổ chức team building ở Hà Giang,inform
cho em hỏi Ăn chay Hà Giang,search_food_dining
Book phòng Hà Giang view biển,book_tour
cho em hỏi Đi chợ nổi Hà Giang,search_activity
làm ơn Đi chợ nổi Hà Giang,search_activity
cho tôi hỏi Tiền ăn ở Hà Nội 1 ngày,search_price
Hải sản Vũng Tàu giá rẻ,search_food_dining
mình hỏi Booking tour Hà Giang giá tốt,search_travel
làm ơn Chi phí lưu trú Hà Giang,search_price
Từ Hà Nội đi Nha Trang bằng gì,ask_transportation
mình hỏi Lịch trình Hà Giang cho gia đình,ask_itinerary
cho em hỏi Hải sản Hà Giang tươi ngon,search_food_dining
cho tôi hỏi Đi cáp treo Hà Giang,search_activity
mình hỏi Một mình đi Hà Giang có an toàn không,search_destination
mình hỏi Booking tour Hà Giang giá tốt,search_travel
ad ơi Giá tour Hà Giang bao nhiêu,search_price
cho em hỏi Gợi ý tour Hà Giang 2 ngày,ask_itinerary
mình hỏi Ăn tối trên du thuyền Hà Giang,search_activity
mình hỏi Khách sạn Mũi Né giá rẻ,search_accommodation
làm ơn Book phòng Hà Giang view biển,book_tour
cho tôi hỏi Chi phí ăn uống ở Hội An,search_price
cho em hỏi Thắng cố Hà Giang ở đâu,search_food_dining
cho tôi hỏi Lịch trình Sa Pa tự túc,ask_itinerary
Thời gian lý tưởng đi Hà Giang,ask_weather_timing
ad ơi Từ Mũi Né đi các nơi khác,ask_transportation
Đặt trước tour Hà Giang,book_tour
Khách sạn Hà Giang trung tâm,search_accommodation
cho em hỏi Chi phí thuê xe Hà Giang,search_price
Kinh phí du lịch Hà Giang,search_price
mình hỏi Tắm biển Hà Giang,search_activity
cho tôi hỏi Câu cá ở Hà Giang,search_activity
Khám phá ẩm thực đường phố Hà Giang,search_activity
cho em hỏi Công ty tôi tổ chức team building ở Đà Nẵng,inform
cho em hỏi Tour Hà Giang giá bao nhiêu tiền,search_price
ad ơi Cắm trại Hà Giang,search_activity
Nhà nghỉ Hà Giang giá rẻ,search_accommodation
cho em hỏi Tour Hà Giang cho gia đình,search_travel
cho tôi hỏi Thuê xe tự lái Hà Giang,ask_transportation
cho em hỏi Xe giường nằm đi Hà Giang,ask_transportation
Gợi ý lịch trình Hà Giang,ask_itinerary
Lịch trình Hà Giang cho gia đình,ask_itinerary
làm ơn Đi thác Vũng Tàu tham quan,search_activity
cho em hỏi Glamping Hà Giang giá rẻ,search_accommodation
mình hỏi Đặc sản Mũi Né phải thử,search_food_dining
Hà Giang mùa thu,ask_weather_timing
Đi chợ Hà Giang về đêm,search_activity
cho em hỏi Tour Hà Giang 6 ngày 5 đêm,search_travel
Top địa điểm Hà Giang,search_destination
ad ơi Mùa khô ở Hà Giang,ask_weather_timing
cho em hỏi Tôi muốn tìm hiểu về Hà Giang,inform
cho tôi hỏi Lịch trình Hà Giang cho người mới,ask_itinerary
Khu nghỉ dưỡng Vũng Tàu,search_accommodation
làm ơn Villa Nha Trang cho thuê,search_accommodation
làm ơn Ẩm thực Hà Giang món gì đặc sản,search_food_dining
cho tôi hỏi Đi Hà Giang tháng 4 có mưa không,ask_weather_timing
mình hỏi Khí hậu Hà Giang như thế nào,ask_weather_timing
cho em hỏi Tàu hỏa đi Hà Giang,ask_transportation
ad ơi Dự báo thời tiết Hà Giang,ask_weather_timing
làm ơn Lượng mưa Hội An hàng năm,ask_weather_timing
cho tôi hỏi Combo du lịch Hà Giang,search_travel
cho em hỏi Tour Hà Giang tiết kiệm,search_travel
ad ơi Bài viết về Hà Giang,search_destination
làm ơn Tắm nước nóng Nha Trang,search_activity
cho tôi hỏi Nhiệt độ Hà Giang trung bình,ask_weather_timing
ad ơi Phương tiện đi Hà Giang rẻ nhất,ask_transportation
Chi phí thuê xe Hà Giang,search_price
ad ơi Giới thiệu về Nha Trang,search_destination
Homestay Huế cho đôi người,search_accommodation
cho em hỏi Đi Hà Giang bao nhiêu ngày,ask_itinerary
cho tôi hỏi Cắm trại Hà Giang,search_activity
mình hỏi Lưu trú ở Hà Giang gần chợ,search_accommodation
cho em hỏi Cafe view đẹp Hà Giang,search_food_dining
mình hỏi Đi Hà Giang từ Sài Gòn bao xa,ask_transportation
cho tôi hỏi Vợ chồng tôi đi Hà Giang tuần trăng mật,inform
ad ơi Ăn vặt Hội An,search_food_dining
Hà Giang nổi tiếng về gì,search_destination
mình hỏi Hà Giang mùa nào đẹp nhất,search_destination
mình hỏi Căn hộ Hà Giang view đẹp,search_accommodation
cho tôi hỏi Thời tiết Hà Giang tháng 6,ask_weather_timing
cho em hỏi Kinh phí đi Hà Giang tiết kiệm,search_price
cho em hỏi Review du lịch Hà Giang,search_destination
Giá tour Hà Giang 3 ngày,search_travel
mình hỏi Nhà hàng Hà Giang sang trọng,search_food_dining
mình hỏi Đi Mũi Né trong 2 ngày,ask_itinerary
cho em hỏi Lịch Hà Giang phù hợp,ask_itinerary
làm ơn Đi chợ Hà Giang về đêm,search_activity
Thời tiết Vũng Tàu tháng 2,ask_weather_timing
cho em hỏi Nhiệt độ Hà Giang trung bình,ask_weather_timing
làm ơn Cung đường đèo Hà Giang,search_destination
mình hỏi Ăn vặt Mũi Né,search_food_dining
làm ơn Tour Mũi Né giá học sinh,search_travel
Khuyến mãi tour Đà Nẵng,search_price
cho tôi hỏi Lịch trình Sa Pa cho gia đình,ask_itinerary
mình hỏi Lịch trình Hà Giang 5 ngày,ask_itinerary
ad ơi Booking homestay Hà Giang giá rẻ,book_tour
cho tôi hỏi Nhà nghỉ Hà Giang gần biển,search_accommodation
ad ơi Book combo Hà Giang,book_tour
làm ơn Hà Giang có gì đặc biệt,search_destination
Đi Mũi Né tham quan gì,search_destination
Đồ nướng Hà Giang,search_food_dining
ad ơi Thời tiết Hà Giang tháng 12,ask_weather_timing
mình hỏi Tour Hà Giang tiết kiệm,search_travel
cho em hỏi Thời gian lý tưởng đi Hà Giang,ask_weather_timing
làm ơn Lượng mưa Hà Giang hàng năm,ask_weather_timing
cho tôi hỏi Ẩm thực Hà Giang món gì đặc sản,search_food_dining
mình hỏi Tôi đã book tour Hà Giang rồi,inform
mình hỏi Hà Giang có đáng đi không,search_destination
làm ơn Order tour Hà Giang,book_tour
ad ơi Đi Hà Giang từ Sài Gòn bao xa,ask_transportation
cho em hỏi Thời tiết Hà Giang tháng 10,ask_weather_timing
Bản đồ du lịch Hà Giang,search_destination
mình hỏi Tắm nước nóng Hà Giang,search_activity
cho em hỏi Đặt tour Đà Nẵng khuyến mãi,book_tour
cho tôi hỏi Leo núi ở Hà Giang,search_activity
Vợ chồng tôi cưới ở Hà Giang,inform
mình hỏi Giá vé Mũi Né cho trẻ em,search_price
cho em hỏi Thời tiết Hà Giang tháng 3,ask_weather_timing
cho tôi hỏi Đi Hà Giang tự túc bao nhiêu ngày,ask_itinerary
cho tôi hỏi Xe đạp đi Hà Giang,ask_transportation
cho em hỏi Hà Giang có homestay nào đẹp,search_accommodation
ad ơi Đặt phòng Nha Trang online,book_tour
làm ơn Chi phí du lịch Sa Pa 3 ngày,search_price
cho tôi hỏi Tôi muốn đưa con đi Hà Giang,inform
mình hỏi Tour Hà Giang giá sinh viên,search_travel
Đi Hà Giang cần chuẩn bị gì,search_destination
làm ơn Giá homestay Hà Giang,search_price
làm ơn Từ Hà Nội đi Hà Giang bằng gì,ask_transportation
mình hỏi Đi Vũng Tàu bằng máy bay giá rẻ,ask_transportation
Chi phí lưu trú Hà Giang,search_price
ad ơi Hà Giang ăn gì cho bữa sáng,search_food_dining
cho em hỏi Resort Hà Giang gia đình,search_accommodation
làm ơn Bảng báo giá Hà Giang,search_price
cho tôi hỏi Tour du lịch Hà Giang giá rẻ,search_travel
làm ơn Phương tiện đi Vũng Tàu rẻ nhất,ask_transportation
Vẻ đẹp Huế,search_destination
cho tôi hỏi Du lịch Hà Giang 1 ngày,search_travel
làm ơn Đi Hà Giang trong bao lâu,ask_itinerary
ad ơi Lượng mưa Hà Giang hàng năm,ask_weather_timing
làm ơn Du lịch Hà Giang có gì hay,search_destination
ad ơi Vé máy bay đi Hà Giang,ask_transportation
cho em hỏi Gia đình tôi muốn đi Hà Giang tuần tới,inform
làm ơn Tour Phú Quốc cho người già,search_travel
ad ơi Khí hậu Hà Giang như thế nào,ask_weather_timing
làm ơn Glamping Huế,search_accommodation
cho tôi hỏi Ở Hà Giang ăn gì ngon,search_food_dining
làm ơn Tour Hà Giang cho người già,search_travel
mình hỏi Homestay đẹp ở Hà Giang,search_accommodation
mình hỏi Xe giường nằm đi Hà Giang,ask_transportation
mình hỏi Hà Giang có bao nhiêu huyện,search_destination
cho em hỏi Căn hộ Hà Giang view đẹp,search_accommodation
Tour Hà Giang nghỉ dưỡng,search_travel
cho tôi hỏi Kỳ nghỉ Hà Giang,search_travel
làm ơn Giá vé tham quan Hà Giang,search_price
cho tôi hỏi Tour Hà Giang cuối tuần,search_travel
Đi Hà Giang từ Sài Gòn bao xa,ask_transportation
cho tôi hỏi Căn hộ Hà Giang view đẹp,search_accommodation
cho em hỏi Tour Hà Giang 2 ngày 1 đêm,search_travel
mình hỏi Lịch trình Hà Nội sinh viên,ask_itinerary
cho em hỏi Combo Đà Lạt trọn gói,search_travel
Booking homestay Hà Giang giá rẻ,book_tour
làm ơn Hà Giang có gì đẹp,search_destination
ad ơi Nên đi Hà Giang không,search_destination
mình hỏi Reserve phòng Hà Giang qua app,book_tour
Tôi muốn khám phá Hà Giang,inform
làm ơn Khí hậu Hà Giang như thế nào,ask_weather_timing
cho tôi hỏi Kế hoạch du lịch Hà Giang,ask_itinerary
làm ơn Khách sạn Hà Giang mới xây,search_accommodation
cho tôi hỏi Khu nghỉ dưỡng Vũng Tàu,search_accommodation
Câu cá ở Hà Giang,search_activity
cho tôi hỏi Xe limousine đi Hà Giang,ask_transportation
ad ơi Lịch Nha Trang phù hợp,ask_itinerary
mình hỏi Khuyến mãi tour Hà Giang,search_price
mình hỏi Lịch trình Đà Lạt nghỉ dưỡng,ask_itinerary
Đồ nướng Hà Nội,search_food_dining
ad ơi Tour Hà Giang nghỉ dưỡng,search_travel
cho tôi hỏi Lặn biển ở Đà Nẵng,search_activity
ad ơi Mùa đẹp nhất ở Hà Giang,ask_weather_timing
cho tôi hỏi Thời tiết Hà Giang tháng 3,ask_weather_timing
cho tôi hỏi Sinh nhật tôi ở Hà Giang,inform
ad ơi Sinh nhật tôi ở Đà Nẵng,inform
cho em hỏi Giá dịch vụ Sa Pa,search_price
Hà Giang có homestay nào đẹp,search_accommodation
làm ơn Đi Vũng Tàu bằng máy bay giá rẻ,ask_transportation
ad ơi Bay đi Hà Giang từ Hà Nội,ask_transportation
làm ơn Villa Vũng Tàu cho thuê,search_accommodation
cho em hỏi Tour Hà Giang giá học sinh,search_travel
cho tôi hỏi Tôi đã đến Hà Giang 3 lần rồi,inform
cho tôi hỏi Hà Giang có bao nhiêu huyện,search_destination
cho em hỏi Xe khách đi Hà Giang từ Sài Gòn,ask_transportation
làm ơn Đặt trước tour Hà Nội,book_tour
cho tôi hỏi Từ Hà Nội đi Hà Giang bằng gì,ask_transportation
cho em hỏi Lịch trình Hội An cho gia đình,ask_itinerary
làm ơn Lịch trình Hà Giang 3 ngày 2 đêm,ask_itinerary
Kế hoạch du lịch Hà Giang,ask_itinerary
cho em hỏi Gợi ý lịch trình Hà Giang,ask_itinerary
cho em hỏi Thời tiết Hà Giang cuối tuần,ask_weather_timing
Mua vé tham quan Hà Giang,book_tour
mình hỏi Tour Hà Giang cho người già,search_travel
ad ơi Tour du lịch Hà Giang giá rẻ,search_travel
làm ơn Đi Hà Giang bằng tàu cao tốc,ask_transportation
Kinh nghiệm đi Hà Giang lần đầu,search_destination
mình hỏi Chụp ảnh ở Hà Giang,search_activity
Hà Giang ở đâu,search_destination
ad ơi Xe máy đi Hà Giang bao nhiêu km,ask_transportation
mình hỏi Tôi thích đi Hà Giang vào mùa hè,inform
Hà Giang có bao nhiêu huyện,search_destination
mình hỏi Thuê xe tự lái đi Hà Giang,ask_transportation
Cafe view đẹp Hà Giang,search_food_dining
làm ơn Mùa khô ở Hà Nội,ask_weather_timing
mình hỏi Vé máy bay Hà Giang khứ hồi,search_price
mình hỏi Nhóm bạn tôi định đi Vũng Tàu tháng sau,inform
cho tôi hỏi Tôi đã đi Hà Giang năm ngoái rất thích,inform
ad ơi Giá dịch vụ Hà Giang,search_price
làm ơn Hà Giang có quán nào nổi tiếng,search_food_dining
cho em hỏi Chi phí thuê xe Hà Nội,search_price
ad ơi Tour Hà Giang VIP,search_travel
cho em hỏi Xe giường nằm đi Hà Giang,ask_transportation
Cảnh đẹp Đà Lạt nổi tiếng,search_destination
cho em hỏi Khách sạn Hà Giang gần biển,search_accommodation
Tôi nghe nói Hà Giang rất đẹp,inform
cho em hỏi Khách sạn Hà Giang mới xây,search_accommodation
cho em hỏi Đi Hà Giang mùa nào đẹp,search_destination
làm ơn Đặt tour Hà Giang tận nơi,book_tour
cho em hỏi Ăn vặt Hà Giang,search_food_dining
ad ơi Nhiệt độ Hà Giang trung bình,ask_weather_timing
ad ơi Xe buýt đi Hà Giang,ask_transportation
cho tôi hỏi Taxi ở Mũi Né giá rẻ,ask_transportation
mình hỏi Lịch trình tour Hà Giang,search_travel
làm ơn Đi Phú Quốc bằng tàu cao tốc,ask_transportation
ad ơi Vợ chồng tôi cưới ở Hà Giang,inform
Villa Hà Giang hồ bơi,search_accommodation
ad ơi Ngắm hoàng hôn Hà Giang,search_activity
làm ơn Nhà hàng Sa Pa sang trọng,search_food_dining
làm ơn Tour Hà Giang nghỉ dưỡng,search_travel
mình hỏi Khách sạn Hà Giang gần biển,search_accommodation
làm ơn Top địa điểm Hà Giang,search_destination
Khu nghỉ Hà Giang view núi,search_accommodation
ad ơi Tour Hà Giang tiết kiệm,search_travel
cho em hỏi Đặt trước tour Hà Giang,book_tour
cho em hỏi Món ngon Hội An giá rẻ,search_food_dining
mình hỏi Đi Hà Giang trong 2 ngày,ask_itinerary
ad ơi Khám phá Hà Giang,search_destination
cho tôi hỏi Sương mù Hà Giang vào tháng mấy,ask_weather_timing
cho tôi hỏi Tôi muốn tìm hiểu về Hà Giang,inform
cho em hỏi Du lịch Hà Giang mùa đông,search_travel
Từ Sài Gòn đi Hà Giang bao xa,ask_transportation
cho em hỏi Villa Hà Giang cho thuê,search_accommodation
Chụp ảnh ở Hà Giang,search_activity
Homestay Hà Giang gần trung tâm,search_accommodation
Chè Hà Giang ngon,search_food_dining
ad ơi Giá khách sạn Hà Giang 1 đêm,search_price
cho em hỏi Tour Mũi Né nghỉ dưỡng,search_travel
mình hỏi Vũng Tàu cách Hà Nội bao xa,search_destination
cho tôi hỏi Đặt trước tour Hà Giang,book_tour
ad ơi Thời tiết Hà Giang tháng 10,ask_weather_timing
ad ơi Sinh nhật tôi ở Huế,inform
cho em hỏi Tour Nha Trang VIP 5 sao,search_travel
mình hỏi Lặn ngắm san hô Hà Giang,search_activity
cho em hỏi Chi phí Hà Giang 4 ngày 3 đêm,search_price
Giá dịch vụ Hà Giang,search_price
cho tôi hỏi Lượng mưa Hội An hàng năm,ask_weather_timing
cho em hỏi Đặt tour Hà Giang khuyến mãi,book_tour
cho tôi hỏi Chợ Hà Giang ẩm thực,search_food_dining
mình hỏi Có gì đẹp ở Hà Giang,search_destination
mình hỏi Tour Hà Giang trọn gói bao gồm,search_travel
cho tôi hỏi Leo núi ở Sa Pa,search_activity
cho tôi hỏi Bánh cuốn Hà Giang,search_food_dining
Vợ chồng tôi đi Hà Giang tuần trăng mật,inform
cho em hỏi Tổng chi phí đi Hà Giang,search_price
ad ơi Glamping Hà Giang,search_accommodation
Tắm biển Hà Giang,search_activity
Lượng mưa Phú Quốc hàng năm,ask_weather_timing
Phương tiện đi Hà Giang rẻ nhất,ask_transportation
Mùa bão Hà Giang,ask_weather_timing
Quán ăn ngon ở Vũng Tàu,search_food_dining
Lặn biển ở Hà Giang,search_activity
ad ơi Đà Lạt ở đâu,search_destination
mình hỏi Tôi ở Hà Giang rồi muốn đi tiếp,inform
Thời tiết Hà Giang tháng 3,ask_weather_timing
ad ơi Từ Sài Gòn đi Hà Giang bao xa,ask_transportation
Sinh nhật tôi ở Hà Giang,inform
làm ơn Homestay đẹp ở Hà Giang,search_accommodation
cho tôi hỏi Điểm đến Hà Giang,search_destination
làm ơn Đặc sản Đà Nẵng phải thử,search_food_dining
mình hỏi Homestay Nha Trang cho đôi người,search_accommodation
cho em hỏi Villa Hà Giang hồ bơi,search_accommodation
cho em hỏi Resort Hà Giang gia đình,search_accommodation
mình hỏi Hà Giang có quán nào nổi tiếng,search_food_dining
mình hỏi Tôi muốn tìm hiểu về Hà Giang,inform
Đi cáp treo Vũng Tàu,search_activity
Tour Sa Pa giá học sinh,search_travel
cho em hỏi Công ty tôi tổ chức team building ở Hà Giang,inform
làm ơn Vợ chồng tôi đi Hà Giang tuần trăng mật,inform
cho em hỏi Từ Sài Gòn đi Hà Giang bao xa,ask_transportation
cho tôi hỏi Đi Hà Giang cần chuẩn bị gì,search_destination
cho em hỏi Đi Huế tháng 4 có mưa không,ask_weather_timing
cho tôi hỏi Đặt phòng Hà Giang online,book_tour
làm ơn Tôi muốn khám phá Hà Giang,inform
ad ơi Chia sẻ kinh nghiệm Hà Giang,search_destination
ad ơi Đi Hà Giang cuối tuần,ask_itinerary
ad ơi Hà Giang mùa xuân thời tiết ra sao,ask_weather_timing
mình hỏi Ở Huế mấy ngày là đủ,ask_itinerary
mình hỏi Chợ Hà Giang ẩm thực,search_food_dining
ad ơi Nhóm bạn tôi định đi Huế tháng sau,inform
Xe limousine đi Nha Trang,ask_transportation
cho tôi hỏi Kinh nghiệm phượt Hà Giang,search_destination
ad ơi Thông tin du lịch Hà Giang,search_destination
ad ơi Giới thiệu về Hà Giang,search_destination
làm ơn Cắm trại Hà Giang,search_activity
cho em hỏi Chơi dù bay Hà Giang,search_activity
Đặt phòng khách sạn Hà Giang,book_tour
mình hỏi Vé máy bay đi Hà Giang giá rẻ,search_price
cho em hỏi Rượu ngô Hà Giang mua ở đâu,search_food_dining
làm ơn Tour Hà Giang cuối tuần,search_travel
cho em hỏi Cắm trại Hà Giang,search_activity
mình hỏi Đi chợ Hà Giang về đêm,search_activity
ad ơi Chi phí du lịch Đà Nẵng 3 ngày,search_price
cho tôi hỏi Combo Hà Giang trọn gói,search_travel
cho tôi hỏi Nên đi Hà Giang mấy ngày,ask_itinerary
làm ơn Đặt tour Hà Giang cho đoàn,book_tour
mình hỏi Hà Giang mùa nào đẹp nhất,search_destination
mình hỏi Chi phí đi Hà Giang tự túc,search_price
làm ơn Taxi ở Hà Giang giá rẻ,ask_transportation
mình hỏi Tour Hà Giang team building,search_travel
mình hỏi Dự báo thời tiết Đà Lạt,ask_weather_timing
cho em hỏi Lịch trình tour Hà Giang,search_travel
cho em hỏi Gợi ý tour Hà Giang 2 ngày,ask_itinerary
cho em hỏi Nhiệt độ Hà Giang tháng 7,ask_weather_timing
cho tôi hỏi Gợi ý lịch trình Hà Giang,ask_itinerary
ad ơi Bố mẹ tôi muốn đi Hà Giang,inform
mình hỏi Quán nhậu Đà Lạt,search_food_dining
cho em hỏi Xe limousine đi Mũi Né,ask_transportation
làm ơn Ngắm hoàng hôn Hà Giang,search_activity
Cắm trại Hà Giang,search_activity
ad ơi Ở Hà Giang 4 ngày đi đâu,ask_itinerary
cho tôi hỏi Mì quảng Hà Giang,search_food_dining
Homestay Hà Giang cho đôi người,search_accommodation
mình hỏi Tắm nước nóng Nha Trang,search_activity
cho tôi hỏi Reserve phòng Hà Nội,book_tour
cho em hỏi Tổng chi phí đi Nha Trang,search_price
mình hỏi Điểm đến Hà Giang,search_destination
cho tôi hỏi Lẩu Hà Giang ăn ở đâu,search_food_dining
làm ơn Đường đi Đà Nẵng có khó không,ask_transportation
làm ơn Book phòng Sa Pa view biển,book_tour
cho tôi hỏi Tổng chi phí đi Hà Giang,search_price
Giữ chỗ tour Hà Giang,book_tour
mình hỏi Bài viết về Hà Giang,search_destination
cho em hỏi Đi Hà Giang tham quan gì,search_destination
cho em hỏi Khách sạn Mũi Né mới xây,search_accommodation
làm ơn Hà Giang mùa xuân,ask_weather_timing
ad ơi Căn hộ Hà Nội view đẹp,search_accommodation
làm ơn Thời tiết Hà Giang tháng 2,ask_weather_timing
ad ơi Giá tour Phú Quốc 3 ngày,search_travel
ad ơi Khách sạn Hà Giang giá tốt,search_accommodation
cho tôi hỏi Khách sạn Hà Giang giá tốt,search_accommodation
Đi chợ nổi Đà Nẵng,search_activity
mình hỏi Có gì đẹp ở Huế,search_destination
mình hỏi Thời tiết Hà Giang tháng 6,ask_weather_timing
mình hỏi Tắm nước nóng Phú Quốc,search_activity
ad ơi Đi Hà Giang tham quan gì,search_destination
làm ơn Du lịch Hà Giang mùa đông,search_travel
Đi Hà Giang tự túc bao nhiêu ngày,ask_itinerary
làm ơn Đi Hà Giang bằng máy bay giá rẻ,ask_transportation
làm ơn Thuê xe tự lái Đà Nẵng,ask_transportation
Homestay đẹp ở Hà Giang,search_accommodation
Lịch trình Vũng Tàu cho gia đình,ask_itinerary
cho em hỏi Thời tiết Hà Nội tháng 12,ask_weather_timing
cho tôi hỏi Lẩu Hà Giang ăn ở đâu,search_food_dining
cho tôi hỏi Đặt vé máy bay đi Mũi Né,book_tour
làm ơn Đặt tour Huế khuyến mãi,book_tour
mình hỏi Hà Giang nổi tiếng về gì,search_destination
ad ơi Nhà nghỉ Hà Giang giá rẻ,search_accommodation
cho em hỏi Bạn tôi gợi ý đi Hà Giang,inform
mình hỏi Homestay Hà Giang gần trung tâm,search_accommodation
Đặt phòng Hà Giang online,book_tour
Ở Hà Giang mấy ngày là đủ,ask_itinerary
mình hỏi Giá tour Hà Nội 3 ngày,search_travel
cho em hỏi Đi Hà Giang trong 2 ngày,ask_itinerary
mình hỏi Nhóm bạn tôi định đi Hà Nội tháng sau,inform
cho em hỏi Giá khách sạn Hà Giang 1 đêm,search_price
ad ơi Kinh nghiệm đi Vũng Tàu lần đầu,search_destination
cho em hỏi Khu nghỉ Hà Giang view núi,search_accommodation
ad ơi Chi phí thuê xe Hà Giang,search_price
cho tôi hỏi Lịch trình Hà Giang tự túc,ask_itinerary
mình hỏi Camping ở Hà Giang,search_accommodation
cho tôi hỏi Đặt trước tour Đà Nẵng,book_tour
Tôi đã đến Hà Giang 3 lần rồi,inform
làm ơn Du lịch Huế tự túc,search_travel
Bánh xèo Hà Nội,search_food_dining
mình hỏi Tôi muốn đưa con đi Hội An,inform
Chi phí ăn uống ở Hà Giang,search_price
cho em hỏi Món ngon Hà Giang giá rẻ,search_food_dining
Dự báo thời tiết Hà Giang,ask_weather_timing
làm ơn Đặt tour Hà Giang online,book_tour
ad ơi Lịch trình Hà Giang cho người già,ask_itinerary
cho tôi hỏi Ở Nha Trang mấy ngày là đủ,ask_itinerary
Cả nhà tôi đi Huế dịp Tết,inform
cho em hỏi Tour Hà Giang 5 ngày 4 đêm,search_travel
ad ơi Lưu trú ở Hà Giang gần chợ,search_accommodation
cho tôi hỏi Rượu ngô Hà Giang mua ở đâu,search_food_dining
Glamping Hà Giang giá rẻ,search_accommodation
làm ơn Đặt tour Sa Pa trả góp,book_tour
cho em hỏi Vé máy bay đi Sa Pa giá rẻ,search_price
cho tôi hỏi Tour Nha Trang 3 ngày 2 đêm,search_travel
mình hỏi Cung đường Hà Giang đẹp nhất,search_destination
mình hỏi Đi thác Mũi Né tham quan,search_activity
cho em hỏi Đặt tour Phú Quốc cho đoàn,book_tour
ad ơi Đặt tour Hà Giang cho đoàn,book_tour
làm ơn Kỳ nghỉ Hà Giang,search_travel
mình hỏi Vé máy bay đi Hà Giang,ask_transportation
Vợ chồng tôi cưới ở Đà Nẵng,inform
ad ơi Bài viết về Phú Quốc,search_destination
làm ơn Đi thác Hà Giang tham quan,search_activity
Camping Huế qua đêm,search_accommodation
làm ơn Khách sạn Hà Giang trung tâm,search_accommodation
làm ơn Mũi Né mùa xuân,ask_weather_timing
cho em hỏi Tour Hà Giang team building,search_travel
ad ơi Tôi muốn đưa con đi Vũng Tàu,inform
Tham quan phố cổ Hà Giang,search_activity
mình hỏi Sinh nhật tôi ở Hà Giang,inform
ad ơi Tôi đã book tour Hội An rồi,inform
Giá combo Vũng Tàu,search_price
cho em hỏi Mua vé tham quan Hà Giang,book_tour
cho em hỏi Du lịch Hà Giang mùa hè,search_travel
ad ơi Cả nhà tôi đi Mũi Né dịp Tết,inform
làm ơn Hà Giang nổi tiếng về gì,search_destination
Lịch trình Hà Giang tiết kiệm,ask_itinerary
Resort Hà Giang gia đình,search_accommodation
cho em hỏi Tôi thích đi Phú Quốc vào mùa hè,inform
cho tôi hỏi Tôi muốn đưa con đi Sa Pa,inform
cho em hỏi Tour Sa Pa cho cặp đôi,search_travel
ad ơi Mì quảng Mũi Né,search_food_dining
làm ơn Chợ Hà Giang ẩm thực,search_food_dining
ad ơi Homestay Đà Lạt cho đôi người,search_accommodation
ad ơi Đặt tour Hà Giang tiết kiệm,book_tour
mình hỏi Thời tiết Nha Trang tháng 6,ask_weather_timing
cho em hỏi Lịch trình Sa Pa tiết kiệm,ask_itinerary
ad ơi Lịch trình Huế cho người già,ask_itinerary
ad ơi Đi Hà Nội trong bao lâu,ask_itinerary
làm ơn Vẻ đẹp Mũi Né,search_destination
Đặt phòng khách sạn Hà Giang,book_tour
cho tôi hỏi Ăn vặt Mũi Né,search_food_dining
cho tôi hỏi Chè Hà Giang ngon,search_food_dining
cho tôi hỏi Tiền ăn ở Hà Giang 1 ngày,search_price
làm ơn Nhà nghỉ Hà Giang giá rẻ,search_accommodation
Villa Hà Giang hồ bơi,search_accommodation
cho em hỏi Mì quảng Hà Giang,search_food_dining
ad ơi Giá tour Sa Pa 3 ngày,search_travel
cho tôi hỏi Tour Hà Giang cho người già,search_travel
ad ơi Mua vé tham quan Đà Nẵng,book_tour
cho em hỏi Lịch trình tour Phú Quốc,search_travel
ad ơi Ăn chay Hà Giang,search_food_dining
làm ơn Tour Đà Lạt 3 ngày 2 đêm,search_travel
ad ơi Tàu hỏa đi Hà Giang,ask_transportation
ad ơi Nên đi Hà Giang tháng mấy,ask_weather_timing
ad ơi Chèo kayak Vũng Tàu,search_activity
mình hỏi Homestay Hà Giang gần trung tâm,search_accommodation
Hội An có quán nào nổi tiếng,search_food_dining
mình hỏi Hội An có đáng đi không,search_destination
cho em hỏi Đi thác Mũi Né tham quan,search_activity
làm ơn Chơi dù bay Nha Trang,search_activity
ad ơi Từ Hà Giang đi các nơi khác,ask_transportation
cho em hỏi Giá vé Phú Quốc cho trẻ em,search_price
Cafe view đẹp Vũng Tàu,search_food_dining
ad ơi Lặn biển ở Hà Giang,search_activity
cho tôi hỏi Đi Hà Giang ở đâu chơi đẹp,search_destination
cho em hỏi Xe limousine đi Hà Giang,ask_transportation
làm ơn Lịch trình Hà Giang 5 ngày,ask_itinerary
mình hỏi Phương tiện đi Hà Giang rẻ nhất,ask_transportation
mình hỏi Đi Hà Giang tự túc bao nhiêu ngày,ask_itinerary
Hà Giang có gì đặc biệt,search_destination
cho tôi hỏi Khách sạn Hội An mới xây,search_accommodation
làm ơn Xe giường nằm đi Hà Giang,ask_transportation
ad ơi Tôi mới đến Vũng Tàu lần đầu,inform
ad ơi Tour Hà Giang cho cặp đôi,search_travel
cho tôi hỏi Ở Đà Lạt ăn gì ngon,search_food_dining
ad ơi Tour Vũng Tàu giá bao nhiêu tiền,search_price
ad ơi Mua tour Hà Giang giảm giá,book_tour
cho em hỏi Nhà hàng Huế sang trọng,search_food_dining
mình hỏi Đi Hà Giang mùa hè có nóng không,ask_weather_timing
cho tôi hỏi Khách sạn Hà Giang gần biển,search_accommodation
làm ơn Lịch trình Hà Giang cho gia đình,ask_itinerary
cho tôi hỏi Tour Hà Giang giá học sinh,search_travel
làm ơn Đi Hà Giang cần chuẩn bị gì,search_destination
ad ơi Resort Hà Giang 5 sao,search_accommodation
làm ơn Chèo kayak Hà Nội,search_activity
cho em hỏi Khách sạn Hà Giang giá tốt,search_accommodation
ad ơi Tour Hà Giang 3 ngày 2 đêm,search_travel
Quán ăn ngon ở Hà Giang,search_food_dining
cho em hỏi Đi Hà Giang ở đâu chơi đẹp,search_destination
cho tôi hỏi Nhóm bạn tôi định đi Hà Giang tháng sau,inform
Xe khách đi Hà Giang giờ nào,ask_transportation
mình hỏi Thời tiết Hà Giang tháng 10,ask_weather_timing
cho em hỏi Chèo thuyền ở Đà Lạt,search_activity
ad ơi Du lịch Hà Nội có gì hay,search_destination
cho tôi hỏi Tour Hà Giang giá bao nhiêu tiền,search_price
làm ơn Cả nhà tôi đi Hà Giang dịp Tết,inform
ad ơi Hà Giang có đáng đi không,search_destination
làm ơn Ăn chay Đà Nẵng,search_food_dining
Hải sản Hà Nội giá rẻ,search_food_dining
cho em hỏi Khách sạn Hà Giang giá rẻ,search_accommodation
Book combo Vũng Tàu,book_tour
mình hỏi Thời tiết Hà Giang tháng 12,ask_weather_timing
mình hỏi Giá khách sạn Hà Giang 1 đêm,search_price
cho tôi hỏi Tour Hà Giang giá sinh viên,search_travel
làm ơn Đi chợ nổi Hà Giang,search_activity
làm ơn Tour Hà Giang giá bao nhiêu tiền,search_price
Tổng chi phí đi Hà Giang,search_price
ad ơi Tour Đà Lạt giá bao nhiêu tiền,search_price
mình hỏi Quán ăn ngon ở Vũng Tàu,search_food_dining
cho em hỏi Chơi dù bay Hà Giang,search_activity
cho em hỏi Tour Hà Giang 2 ngày 1 đêm,search_travel
làm ơn Lịch trình Hà Giang tiết kiệm,ask_itinerary
ad ơi Chi phí du lịch Hà Giang 3 ngày,search_price
mình hỏi Đặt homestay Hà Giang,book_tour
Ở Đà Lạt 4 ngày đi đâu,ask_itinerary
làm ơn Kinh phí đi Hà Giang tiết kiệm,search_price
ad ơi Tour Hà Giang 2 ngày 1 đêm,search_travel
mình hỏi Tôi muốn đưa con đi Vũng Tàu,inform
Khám phá hang động Hà Giang,search_activity
làm ơn Đi bộ đường dài Hà Giang,search_activity
cho em hỏi Tôi ở Nha Trang rồi muốn đi tiếp,inform
cho tôi hỏi Tôi thích đi Hà Giang vào mùa hè,inform
ad ơi Hà Giang có món gì đặc biệt,search_food_dining
ad ơi Đi Hà Giang cần chuẩn bị gì,search_destination
làm ơn Ẩm thực Hà Giang món gì đặc sản,search_food_dining
Villa Sa Pa cho thuê,search_accommodation
cho em hỏi Hà Giang mùa xuân thời tiết ra sao,ask_weather_timing
làm ơn Bạn tôi gợi ý đi Hà Nội,inform
cho tôi hỏi Vẻ đẹp Hà Giang,search_destination
Thắng cố Hà Giang ở đâu,search_food_dining
mình hỏi Chè Hà Nội ngon,search_food_dining
mình hỏi Chi phí đi Hà Giang tự túc,search_price
Villa Phú Quốc hồ bơi,search_accommodation
cho em hỏi Bảng báo giá Hà Giang,search_price
mình hỏi Khách sạn Hà Giang gần sân bay,search_accommodation
cho tôi hỏi Đi Hà Giang trong bao lâu,ask_itinerary
cho tôi hỏi Khuyến mãi tour Hà Giang,search_price
Tôi thích đi Hà Giang vào mùa hè,inform
mình hỏi Khách sạn Hà Giang trung tâm,search_accommodation
cho em hỏi Đặt tour Hà Giang online,book_tour
cho tôi hỏi Chợ Hà Giang ẩm thực,search_food_dining
mình hỏi Đi bộ biển Hội An,search_activity
cho tôi hỏi Cafe view đẹp Hà Giang,search_food_dining
Khuyến mãi tour Hà Giang,search_price
cho em hỏi Chi phí đi Hà Giang tự túc,search_price
cho em hỏi Giá homestay Hà Giang,search_price
cho tôi hỏi Xe máy đi Hà Giang bao nhiêu km,ask_transportation
ad ơi Đà Nẵng cách Hà Nội bao xa,search_destination
ad ơi Villa Hà Giang cho thuê,search_accommodation
làm ơn Tôi thích đi Hà Giang vào mùa hè,inform
mình hỏi Lịch trình tour Phú Quốc,search_travel
mình hỏi Lịch trình Hà Giang sinh viên,ask_itinerary
cho em hỏi Tôi yêu thích Phú Quốc,inform
cho em hỏi Kinh phí du lịch Hà Giang,search_price
cho tôi hỏi Khách sạn Hà Giang giá rẻ,search_accommodation
ad ơi Đặt phòng Hà Giang online,book_tour
làm ơn Taxi Hà Giang giá bao nhiêu,ask_transportation
mình hỏi Ở Hà Giang mấy ngày là đủ,ask_itinerary
làm ơn Từ Mũi Né đi các nơi khác,ask_transportation
cho em hỏi Chi phí thuê xe Phú Quốc,search_price
cho em hỏi Ngân sách đi Hà Giang tiết kiệm,search_price
cho tôi hỏi Resort Huế hồ bơi,search_accommodation
làm ơn Quán ăn ngon ở Hà Giang,search_food_dining
cho em hỏi Combo Đà Nẵng trọn gói,search_travel
mình hỏi Tôi muốn đưa con đi Hà Giang,inform
mình hỏi Hải sản Hà Giang giá rẻ,search_food_dining
ad ơi Đặt tour Vũng Tàu trả góp,book_tour
Homestay Hà Giang view đẹp,search_accommodation
cho em hỏi Đi phượt Hà Giang bằng xe máy,search_activity
ad ơi Công ty tôi tổ chức team building ở Hội An,inform
Giá vé Hà Giang cho trẻ em,search_price
Đi chợ Hà Giang về đêm,search_activity
mình hỏi Dự báo thời tiết Hà Giang,ask_weather_timing
mình hỏi Tour Hà Giang VIP,search_travel
làm ơn Hải sản Hà Giang tươi ngon,search_food_dining
Tôi ở Hà Giang rồi muốn đi tiếp,inform
cho em hỏi Giá homestay Phú Quốc,search_price
ad ơi Lịch trình Hà Giang sinh viên,ask_itinerary
làm ơn Hà Giang có homestay nào đẹp,search_accommodation
làm ơn Tour Hà Giang giá học sinh,search_travel
làm ơn Lịch trình Hà Giang sinh viên,ask_itinerary
ad ơi Chi phí lưu trú Hà Giang,search_price
làm ơn Nên ở Hà Giang bao lâu,ask_itinerary
Chia sẻ kinh nghiệm Hà Giang,search_destination
làm ơn Đi cáp treo Hà Giang,search_activity
làm ơn Đặc sản Hà Giang phải thử,search_food_dining
ad ơi Cảnh đẹp Hà Giang nổi tiếng,search_destination
Chơi dù bay Vũng Tàu,search_activity
Nhóm bạn tôi định đi Nha Trang tháng sau,inform
cho em hỏi Homestay Hà Giang gần trung tâm,search_accommodation
ad ơi Xe đạp đi Hà Giang,ask_transportation
cho em hỏi Thuê xe tự lái Hà Giang,ask_transportation
mình hỏi Đường đi Nha Trang có khó không,ask_transportation
ad ơi Đường đi Sa Pa có khó không,ask_transportation
làm ơn Tàu hỏa đi Hà Giang,ask_transportation
ad ơi Đi phượt Hà Giang bằng xe máy,search_activity
mình hỏi Bố mẹ tôi thích Hà Giang,inform
ad ơi Kế hoạch du lịch Hà Giang,ask_itinerary
làm ơn Điểm đến Hà Giang,search_destination
cho tôi hỏi Chè Đà Nẵng ngon,search_food_dining
cho tôi hỏi Nhiệt độ Hà Giang trung bình,ask_weather_timing
Bay đi Mũi Né từ Hà Nội,ask_transportation
Reserve phòng Hà Giang,book_tour
làm ơn Tổng chi phí đi Hà Giang,search_price
cho tôi hỏi Đi Hà Giang trong 2 ngày,ask_itinerary
làm ơn Du lịch Hà Giang có gì hay,search_destination
cho em hỏi Tour Hà Giang VIP 5 sao,search_travel
mình hỏi Đến Hà Giang nên đi đâu,search_destination
Ăn vặt Hà Giang,search_food_dining
làm ơn Tham quan làng nghề Hà Giang,search_activity
mình hỏi Đi Hà Giang tháng 4 có mưa không,ask_weather_timing
làm ơn Tắm nước nóng Hà Giang,search_activity
cho em hỏi Hà Giang có bao nhiêu huyện,search_destination
mình hỏi Thời tiết Hà Giang tháng 6,ask_weather_timing
mình hỏi Xe limousine đi Hà Giang,ask_transportation
cho em hỏi Tham quan phố cổ Hà Giang,search_activity
ad ơi Homestay Hà Giang view đẹp,search_accommodation
làm ơn Dự báo thời tiết Hà Giang,ask_weather_timing
Dự báo thời tiết Hà Giang,ask_weather_timing
làm ơn Vợ chồng tôi cưới ở Hà Giang,inform
mình hỏi Bảng báo giá Hà Giang,search_price
cho tôi hỏi Quán ăn ngon ở Hà Giang,search_food_dining
cho tôi hỏi Xe khách đi Hà Giang từ Sài Gòn,ask_transportation
mình hỏi Khí hậu Hà Giang như thế nào,ask_weather_timing
mình hỏi Booking homestay Hà Giang giá rẻ,book_tour
ad ơi Tôi đã đến Huế 3 lần rồi,inform
cho em hỏi Tôi đã đến Huế 3 lần rồi,inform
làm ơn Nhiệt độ Hà Giang trung bình,ask_weather_timing
làm ơn Tôi muốn tìm hiểu về Hà Giang,inform
Tôi muốn tìm hiểu về Nha Trang,inform
làm ơn Đi Hà Giang tham quan gì,search_destination
ad ơi Phú Quốc có homestay nào đẹp,search_accommodation
mình hỏi Từ Hà Giang đi các nơi khác,ask_transportation
ad ơi Du lịch Hà Nội 1 ngày,search_travel
cho tôi hỏi Kinh nghiệm đi Hà Giang lần đầu,search_destination
cho tôi hỏi Chèo thuyền ở Hà Giang,search_activity
Buffet Hà Giang giá rẻ,search_food_dining
cho tôi hỏi Khách sạn Huế mới xây,search_accommodation
làm ơn Xem biểu diễn Hà Giang,search_activity
cho tôi hỏi Đi thác Hà Giang tham quan,search_activity
ad ơi Du lịch Hà Giang có gì hay,search_destination
Bay đi Sa Pa từ Hà Nội,ask_transportation
làm ơn Hà Giang cách Hà Nội bao xa,search_destination
ad ơi Đặt vé máy bay đi Hà Giang,book_tour
cho em hỏi Đồ nướng Vũng Tàu,search_food_dining
cho em hỏi Ở đâu chơi ở Hà Giang,search_destination
ad ơi Lịch trình Hà Giang tiết kiệm,ask_itinerary
cho tôi hỏi Đi bộ đường dài Hà Giang,search_activity
cho em hỏi Lịch trình Hà Giang nghỉ dưỡng,ask_itinerary
làm ơn Đặt vé máy bay đi Hà Giang,book_tour
Mùa khô ở Hà Giang,ask_weather_timing
cho tôi hỏi Tôi yêu thích Mũi Né,inform
cho tôi hỏi Xe buýt đi Hà Giang,ask_transportation
cho tôi hỏi Du lịch Hà Giang mùa hè,search_travel
mình hỏi Đặt vé máy bay đi Hà Giang,book_tour
ad ơi Tôi đã book tour Hà Giang rồi,inform
làm ơn Homestay Vũng Tàu view đẹp,search_accommodation
cho em hỏi Lặn biển ở Hà Giang,search_activity
làm ơn Món Việt Đà Nẵng ngon,search_food_dining
cho em hỏi Chi phí du lịch Phú Quốc 3 ngày,search_price
cho tôi hỏi Camping ở Hà Giang,search_accommodation
làm ơn Đặt tour Hà Giang trả góp,book_tour
cho tôi hỏi Thông tin du lịch Hà Giang,search_destination
làm ơn Chi phí ăn uống ở Hà Giang,search_price
Lịch trình Hà Giang nghỉ dưỡng,ask_itinerary
làm ơn Chụp ảnh ở Sa Pa,search_activity
cho tôi hỏi Kinh phí đi Hà Giang tiết kiệm,search_price
ad ơi Tour Phú Quốc 4 ngày 3 đêm,search_travel
làm ơn Đi Hà Giang bằng xe máy,ask_transportation
cho em hỏi Đi thuyền Hội An,search_activity
ad ơi Bạn tôi gợi ý đi Hà Giang,inform
cho tôi hỏi Homestay Vũng Tàu view đẹp,search_accommodation
làm ơn Tôi thích Hà Nội vì không khí mát mẻ,inform
làm ơn Villa Hà Giang hồ bơi,search_accommodation
ad ơi Món ngon Đà Nẵng giá rẻ,search_food_dining
Tôi mới đến Hà Nội lần đầu,inform
mình hỏi Check in Hà Giang ở đâu,search_destination
Lịch trình Hà Giang cho người mới,ask_itinerary
ad ơi Tour Hà Giang giá học sinh,search_travel
cho em hỏi Xe giường nằm đi Hội An,ask_transportation
làm ơn Lượng mưa Sa Pa hàng năm,ask_weather_timing
mình hỏi Lịch trình Vũng Tàu sinh viên,ask_itinerary
mình hỏi Đi Hà Giang tham quan gì,search_destination
cho em hỏi Từ Hà Nội đi Nha Trang bằng gì,ask_transportation
Nên đi Hội An tháng mấy,ask_weather_timing
cho tôi hỏi Check in Hà Giang ở đâu,search_destination
cho em hỏi Đi Hà Giang tháng 4 có mưa không,ask_weather_timing
làm ơn Camping Hà Giang qua đêm,search_accommodation
ad ơi Ở đâu chơi ở Hà Giang,search_destination
cho tôi hỏi Giá khách sạn Đà Lạt 1 đêm,search_price
mình hỏi Khu nghỉ Hà Giang view núi,search_accommodation
mình hỏi Chi phí Hà Giang 4 ngày 3 đêm,search_price
cho tôi hỏi Giá tour Hà Giang bao nhiêu,search_price
Ẩm thực Sa Pa món gì đặc sản,search_food_dining
làm ơn Chi phí Hà Nội 4 ngày 3 đêm,search_price
cho em hỏi Đi Hà Giang bằng máy bay giá rẻ,ask_transportation
cho em hỏi Vẻ đẹp Hà Giang,search_destination
làm ơn Ngân sách đi Hà Giang,search_price
cho em hỏi Tôi đã book tour Hà Giang rồi,inform
Đi Hà Giang bao nhiêu ngày là hợp lý,ask_itinerary
Công ty tôi tổ chức team building ở Hà Giang,inform
mình hỏi Đặt trước tour Hà Giang,book_tour
cho em hỏi Từ Sài Gòn đi Hà Giang bao xa,ask_transportation
làm ơn Lịch trình Mũi Né 5 ngày,ask_itinerary
mình hỏi Khách sạn Hà Giang giá rẻ,search_accommodation
Vé máy bay đi Huế giá rẻ,search_price
làm ơn Đặt tour Hà Giang trả góp,book_tour
Hà Giang mùa thu,ask_weather_timing
làm ơn Đi Đà Lạt mùa nào đẹp,search_destination
cho em hỏi Giữ chỗ tour Hà Giang,book_tour
ad ơi Vợ chồng tôi cưới ở Phú Quốc,inform
Tôi muốn khám phá Hà Giang bằng xe máy,inform
cho tôi hỏi Bản đồ du lịch Hà Giang,search_destination
Mùa đẹp nhất ở Hà Giang,ask_weather_timing
cho em hỏi Ở Hà Giang mấy ngày là đủ,ask_itinerary
cho em hỏi Kế hoạch du lịch Hà Giang,ask_itinerary
mình hỏi Đi Hà Giang bao nhiêu ngày là hợp lý,ask_itinerary
Đi Huế bao nhiêu ngày,ask_itinerary
ad ơi Đi Hà Giang tháng 4 có mưa không,ask_weather_timing
mình hỏi Đi bộ đường dài Vũng Tàu,search_activity
mình hỏi Lịch trình Hà Giang tiết kiệm,ask_itinerary
cho tôi hỏi Kế hoạch du lịch Hà Giang,ask_itinerary
cho em hỏi Tiền ăn ở Đà Lạt 1 ngày,search_price
cho em hỏi Vé máy bay Nha Trang khứ hồi,search_price
cho em hỏi Quán ăn ngon ở Hà Giang,search_food_dining
cho tôi hỏi Hà Giang có món gì đặc biệt,search_food_dining
cho tôi hỏi Sa Pa nổi tiếng về gì,search_destination
làm ơn Thông tin du lịch Hà Giang,search_destination
Chơi dù bay Hà Giang,search_activity
ad ơi Đi Hà Giang bao nhiêu ngày là hợp lý,ask_itinerary
làm ơn Resort Hà Giang gia đình,search_accommodation
ad ơi Mùa bão Hà Giang,ask_weather_timing
làm ơn Tôi muốn đưa con đi Hà Giang,inform
ad ơi Hà Giang có gì chơi,search_destination
Hải sản Hà Giang tươi ngon,search_food_dining
ad ơi Tôi yêu thích Vũng Tàu,inform
Book combo Đà Nẵng,book_tour
Khám phá Hà Giang,search_destination
ad ơi Giá tham quan Hà Giang 2026,search_price
cho tôi hỏi Tắm nước nóng Hà Giang,search_activity
cho em hỏi Ngắm hoàng hôn Hà Giang,search_activity
mình hỏi Combo Hà Giang trọn gói,search_travel
cho em hỏi Hà Giang mùa nào đẹp nhất,search_destination
cho tôi hỏi Tàu hỏa đi Hà Giang,ask_transportation
cho em hỏi Thời tiết Hội An tháng 6,ask_weather_timing
làm ơn Tour Hà Giang 5 ngày 4 đêm,search_travel
cho tôi hỏi Homestay Hà Giang view đẹp,search_accommodation
cho em hỏi Reserve phòng Hà Giang qua app,book_tour
ad ơi Lịch Hà Giang phù hợp,ask_itinerary
cho tôi hỏi Bài viết về Hà Giang,search_destination
Xe giường nằm đi Huế,ask_transportation
cho tôi hỏi Lượng mưa Hà Giang hàng năm,ask_weather_timing
ad ơi Đặc sản Hội An phải thử,search_food_dining
Nên đi Nha Trang không,search_destination
mình hỏi Chèo kayak Vũng Tàu,search_activity
mình hỏi Khách sạn Hà Giang gần chợ đêm,search_accommodation
cho tôi hỏi Đồ nướng Hà Giang,search_food_dining
mình hỏi Đi Hà Giang mùa nào đẹp,search_destination
làm ơn Kế hoạch du lịch Hà Giang,ask_itinerary
cho em hỏi Đi cáp treo Hà Giang,search_activity
cho tôi hỏi Tour du lịch Hà Giang giá rẻ,search_travel
ad ơi Phú Quốc có quán nào nổi tiếng,search_food_dining
Đi Hội An 1 ngày thì đi đâu,ask_itinerary
cho em hỏi Bố mẹ tôi muốn đi Hà Giang,inform
ad ơi Giữ chỗ tour Hà Giang,book_tour
làm ơn Món ngon Hà Giang giá rẻ,search_food_dining
mình hỏi Lịch trình Huế sinh viên,ask_itinerary
cho em hỏi Đi thác Hà Giang tham quan,search_activity
Tour Hà Giang trọn gói bao gồm,search_travel
cho tôi hỏi Chi phí lưu trú Hà Giang,search_price
ad ơi Đi Hà Giang bằng tàu cao tốc,ask_transportation
Gia đình tôi muốn đi Hà Giang tuần tới,inform
cho em hỏi Thuê xe tự lái đi Hà Giang,ask_transportation
cho em hỏi Cảnh đẹp Hà Giang nổi tiếng,search_destination
Tour Vũng Tàu cho gia đình,search_travel
làm ơn Gợi ý tour Hà Giang 2 ngày,ask_itinerary
cho em hỏi Đi Hà Giang mùa nào đẹp,search_destination
mình hỏi Chè Hà Giang ngon,search_food_dining
ad ơi Cảnh đẹp Huế nổi tiếng,search_destination
cho em hỏi Xe limousine đi Hà Giang,ask_transportation
làm ơn Resort Hà Giang 5 sao,search_accommodation
cho em hỏi Lịch trình Hà Giang tự túc,ask_itinerary
mình hỏi Thời gian lý tưởng đi Hà Giang,ask_weather_timing
cho tôi hỏi Hà Giang có đáng đi không,search_destination
làm ơn Ngân sách đi Hà Giang tiết kiệm,search_price
cho tôi hỏi Giới thiệu về Hà Giang,search_destination
mình hỏi Đặt phòng khách sạn Hà Giang,book_tour
cho em hỏi Leo núi ở Hà Giang,search_activity
mình hỏi Hà Giang có homestay nào đẹp,search_accommodation
mình hỏi Tôi muốn khám phá Vũng Tàu,inform
làm ơn Mua tour Hà Giang giảm giá,book_tour
Đến Hà Giang nên đi đâu,search_destination
cho em hỏi Bay đi Hà Giang từ Hà Nội,ask_transportation
cho em hỏi Resort Vũng Tàu 5 sao,search_accommodation
mình hỏi Bánh cuốn Hà Giang,search_food_dining
Bạn tôi gợi ý đi Sa Pa,inform
làm ơn Vẻ đẹp Huế,search_destination
cho tôi hỏi Tour Đà Nẵng 6 ngày 5 đêm,search_travel
Hà Giang có đáng đi không,search_destination
làm ơn Bảng giá tour Mũi Né,search_price
ad ơi Mua tour Hội An giảm giá,book_tour
cho em hỏi Tắm biển Phú Quốc,search_activity
ad ơi Xe limousine đi Hà Giang,ask_transportation
làm ơn Nên đi Hà Giang mấy ngày,ask_itinerary
mình hỏi Công ty tôi tổ chức team building ở Hà Giang,inform
cho tôi hỏi Nhà nghỉ Hà Giang trung tâm,search_accommodation
làm ơn Bài viết về Sa Pa,search_destination
mình hỏi Tour Hà Giang giá học sinh,search_travel
làm ơn Phương tiện đi Mũi Né rẻ nhất,ask_transportation
cho em hỏi Buffet Hà Giang giá rẻ,search_food_dining
cho em hỏi Khám phá ẩm thực đường phố Hà Giang,search_activity
ad ơi Tôi đã đi Hà Giang vào năm ngoái,inform
Đặt tour Hà Giang cho đoàn,book_tour
cho tôi hỏi Đi chợ nổi Đà Lạt,search_activity
mình hỏi Combo du lịch Hà Giang,search_travel
cho tôi hỏi Tắm nước nóng Vũng Tàu,search_activity
Villa Đà Lạt cho thuê,search_accommodation
cho tôi hỏi Có gì đẹp ở Hà Giang,search_destination
cho tôi hỏi Glamping Hà Giang,search_accommodation
mình hỏi Nhiệt độ Hà Giang trung bình,ask_weather_timing
mình hỏi Đi bộ đường dài Hà Nội,search_activity
Tiền ăn ở Đà Nẵng 1 ngày,search_price
ad ơi Tour Nha Trang cuối tuần,search_travel
Tổng chi phí đi Hà Giang,search_price
làm ơn Nhà hàng Hà Giang sang trọng,search_food_dining
mình hỏi Lịch Hà Giang phù hợp,ask_itinerary
mình hỏi Món Việt Hà Giang ngon,search_food_dining
làm ơn Thời tiết Hà Giang tháng 10,ask_weather_timing
làm ơn Mùa mưa ở Đà Nẵng tháng nào,ask_weather_timing
ad ơi Leo núi ở Hà Nội,search_activity
cho tôi hỏi Tour Huế 2 ngày 1 đêm,search_travel
Tour Hà Giang khởi hành từ Hà Nội,search_travel
cho tôi hỏi Du lịch Phú Quốc có gì hay,search_destination
ad ơi Đi Hà Giang mùa nào đẹp,search_destination
làm ơn Xem biểu diễn Mũi Né,search_activity
mình hỏi Mua vé tham quan Hà Giang,book_tour
mình hỏi Mua vé tham quan Huế,book_tour
cho em hỏi Lịch trình Hà Giang 5 ngày,ask_itinerary
mình hỏi Tour Hà Giang cho gia đình,search_travel
làm ơn Đi Huế tháng 4 có mưa không,ask_weather_timing
Cung đường Hà Giang đẹp nhất,search_destination
cho em hỏi Hà Giang có gì ngon,search_food_dining
cho tôi hỏi Book combo Hà Giang,book_tour
mình hỏi Khách sạn Hà Giang mới xây,search_accommodation
mình hỏi Giá tour Hà Giang cho sinh viên,search_price
cho tôi hỏi Hà Giang có gì ngon,search_food_dining
cho em hỏi Chia sẻ kinh nghiệm Hà Giang,search_destination
cho tôi hỏi Lịch Hà Giang phù hợp,ask_itinerary
Review du lịch Đà Nẵng,search_destination
ad ơi Ngân sách đi Hà Giang,search_price
cho em hỏi Lưu trú ở Mũi Né gần chợ,search_accommodation
cho tôi hỏi Đặt tour Hà Nội cho đoàn,book_tour
ad ơi Đặt homestay Hà Giang,book_tour
ad ơi Hà Giang mùa thu,ask_weather_timing
Order tour Hà Giang,book_tour
mình hỏi Du lịch Hà Giang có gì hay,search_destination
cho tôi hỏi Mua tour Hà Giang giảm giá,book_tour
làm ơn Resort Mũi Né gia đình,search_accommodation
cho em hỏi Nên đi Hà Giang tháng mấy,ask_weather_timing
ad ơi Cảnh đẹp Hà Nội nổi tiếng,search_destination
Ở đâu chơi ở Hà Giang,search_destination
làm ơn Vé máy bay đi Hà Giang giá rẻ,search_price
mình hỏi Tôi đã book tour Huế rồi,inform
làm ơn Gợi ý tour Phú Quốc 2 ngày,ask_itinerary
Hà Giang có quán nào nổi tiếng,search_food_dining
Nên đi Đà Nẵng mấy ngày,ask_itinerary
ad ơi Giá khách sạn Nha Trang 1 đêm,search_price
làm ơn Mua vé tham quan Hà Giang,book_tour
làm ơn Hà Giang ăn gì cho bữa sáng,search_food_dining
làm ơn Sinh nhật tôi ở Hà Giang,inform
mình hỏi Chụp ảnh ở Hà Giang,search_activity
mình hỏi Đồ nướng Hà Giang,search_food_dining
ad ơi Khám phá ẩm thực đường phố Hà Giang,search_activity
làm ơn Nha Trang mùa nào đẹp nhất,search_destination
cho tôi hỏi Hà Giang mùa thu,ask_weather_timing
làm ơn Câu cá ở Phú Quốc,search_activity
làm ơn Mùa mưa ở Hà Giang tháng nào,ask_weather_timing
làm ơn Cắm trại Vũng Tàu,search_activity
làm ơn Hải sản Hà Giang giá rẻ,search_food_dining
mình hỏi Đi Hà Giang cần chuẩn bị gì,search_destination
ad ơi Tôi nghe nói Hà Giang rất đẹp,inform
ad ơi Chèo thuyền ở Phú Quốc,search_activity
làm ơn Du lịch Hà Giang tự túc,search_travel
ad ơi Hải sản Đà Lạt tươi ngon,search_food_dining
mình hỏi Khu nghỉ dưỡng Mũi Né,search_accommodation
cho tôi hỏi Tiền ăn ở Hà Giang 1 ngày,search_price
ad ơi Khuyến mãi tour Hà Giang,search_price
cho tôi hỏi Bánh xèo Hà Giang,search_food_dining
Tour Vũng Tàu 6 ngày 5 đêm,search_travel
cho tôi hỏi Ở Hà Giang ăn gì ngon,search_food_dining
làm ơn Vợ chồng tôi đi Hà Giang tuần trăng mật,inform
ad ơi Thời gian lý tưởng đi Hà Nội,ask_weather_timing
Ăn tối trên du thuyền Nha Trang,search_activity
ad ơi Xe khách đi Hà Giang từ Sài Gòn,ask_transportation
Tour Phú Quốc cho gia đình,search_travel
mình hỏi Nên đi Hà Giang không,search_destination
cho tôi hỏi Tắm biển Hà Giang,search_activity
cho tôi hỏi Kinh phí du lịch Hà Giang,search_price
mình hỏi Tour Hà Giang nghỉ dưỡng,search_travel
cho em hỏi Mua tour Hà Giang giảm giá,book_tour
cho tôi hỏi Giá vé Hà Giang cho trẻ em,search_price
cho em hỏi Đi chợ Hà Giang về đêm,search_activity
cho em hỏi Cafe view đẹp Đà Lạt,search_food_dining
làm ơn Thời gian lý tưởng đi Hà Giang,ask_weather_timing
Mùa đẹp nhất ở Nha Trang,ask_weather_timing
cho em hỏi Booking tour Hà Giang giá tốt,search_travel
làm ơn Từ Hà Giang đi các nơi khác,ask_transportation
làm ơn Khách sạn Hà Giang gần sân bay,search_accommodation
cho em hỏi Giá tour Hà Giang 3 ngày,search_travel
Đi Vũng Tàu tham quan gì,search_destination
Nên đi Hà Giang mấy ngày,ask_itinerary
mình hỏi Tôi mới đến Hội An lần đầu,inform
mình hỏi Từ Hà Nội đi Hà Giang bằng gì,ask_transportation
Từ Hà Nội đi Hà Giang bằng gì,ask_transportation
làm ơn Tour Hà Giang khởi hành từ Hà Nội,search_travel
cho tôi hỏi Khách sạn Hà Giang mới xây,search_accommodation
làm ơn Bản đồ du lịch Hà Giang,search_destination
Khu nghỉ dưỡng Phú Quốc,search_accommodation
cho em hỏi Cafe view đẹp Hà Giang,search_food_dining
làm ơn Chơi dù bay Hà Giang,search_activity
ad ơi Lịch trình tour Sa Pa,search_travel
Tôi thích Hà Giang vì không khí mát mẻ,inform
cho tôi hỏi Booking tour Đà Lạt giá rẻ,book_tour
làm ơn Đi Hà Giang tự túc bao nhiêu ngày,ask_itinerary
ad ơi Kinh phí du lịch Hà Giang,search_price
Cắm trại Hà Giang,search_activity
Thời tiết Mũi Né tháng 10,ask_weather_timing
cho tôi hỏi Món ngon Hà Giang giá rẻ,search_food_dining
cho em hỏi Có gì đẹp ở Hội An,search_destination
cho tôi hỏi Đi Nha Trang trong bao lâu,ask_itinerary
mình hỏi Tour Hà Giang 2 ngày 1 đêm,search_travel
mình hỏi Đi bộ đường dài Hà Giang,search_activity
cho em hỏi Thời tiết Hà Giang tháng 12,ask_weather_timing
ad ơi Đi Hà Giang cuối tuần,ask_itinerary
cho tôi hỏi Lịch trình Hà Giang 3 ngày 2 đêm,ask_itinerary
cho tôi hỏi Đi Hà Giang trong 2 ngày,ask_itinerary
Cả nhà tôi đi Hội An dịp Tết,inform
ad ơi Khách sạn Hà Giang gần chợ đêm,search_accommodation
mình hỏi Đi Hà Giang bằng xe máy,ask_transportation
Giá dịch vụ Nha Trang,search_price
làm ơn Tour Hà Giang 2 ngày 1 đêm,search_travel
cho tôi hỏi Giá vé tham quan Hà Giang,search_price
ad ơi Nhóm bạn tôi định đi Hà Giang tháng sau,inform
cho em hỏi Đặt tour Hội An khuyến mãi,book_tour
làm ơn Tham quan phố cổ Hà Giang,search_activity
cho em hỏi Leo núi ở Đà Lạt,search_activity
cho tôi hỏi Xe khách đi Hà Giang giờ nào,ask_transportation
ad ơi Gợi ý tour Đà Nẵng 2 ngày,ask_itinerary
mình hỏi Tour Hà Giang khuyến mãi,search_travel
làm ơn Tàu hỏa Hà Giang bao nhiêu tiền,ask_transportation
làm ơn Lưu trú ở Hà Giang gần chợ,search_accommodation
ad ơi Đặt tour Hà Giang tận nơi,book_tour
cho em hỏi Bảng báo giá Hội An,search_price
làm ơn Khách sạn Hà Giang giá tốt,search_accommodation
ad ơi Lịch trình Hà Giang cho gia đình,ask_itinerary
mình hỏi Giá homestay Hội An,search_price
Check in Hà Giang ở đâu,search_destination
cho tôi hỏi Taxi ở Hà Giang giá rẻ,ask_transportation
ad ơi Bảng báo giá Hà Giang,search_price
cho em hỏi Mùa bão Hà Giang,ask_weather_timing
cho tôi hỏi Nhóm bạn tôi định đi Vũng Tàu tháng sau,inform
ad ơi Lặn ngắm san hô Hà Giang,search_activity
cho tôi hỏi Đi chợ nổi Hà Giang,search_activity
cho tôi hỏi Căn hộ Phú Quốc view đẹp,search_accommodation
cho tôi hỏi Tôi yêu thích Hà Giang,inform
ad ơi Đi bộ biển Hà Giang,search_activity
cho em hỏi Resort Hà Giang hồ bơi,search_accommodation
cho tôi hỏi Lịch trình Hà Giang sinh viên,ask_itinerary
Đà Nẵng có homestay nào đẹp,search_accommodation
ad ơi Chi phí Hà Giang 4 ngày 3 đêm,search_price
Lượng mưa Hà Giang hàng năm,ask_weather_timing
ad ơi Lịch trình Hà Giang cho người mới,ask_itinerary
mình hỏi Villa Huế cho thuê,search_accommodation
cho tôi hỏi Tổng chi phí đi Hà Giang,search_price
làm ơn Nhóm bạn tôi định đi Đà Lạt tháng sau,inform
Nhiệt độ Hà Giang trung bình,ask_weather_timing
cho em hỏi Hà Giang có gì chơi,search_destination
ad ơi Lặn biển ở Hội An,search_activity
cho em hỏi Hà Giang có quán nào nổi tiếng,search_food_dining
mình hỏi Mùa mưa ở Đà Lạt tháng nào,ask_weather_timing
Đi Hà Giang tham quan gì,search_destination
Chèo kayak Hà Giang,search_activity
ad ơi Xe khách đi Đà Lạt từ Sài Gòn,ask_transportation
mình hỏi Khách sạn Hà Giang giá tốt,search_accommodation
mình hỏi Du lịch Hà Giang mùa hè,search_travel
làm ơn Tôi ở Hà Giang rồi muốn đi tiếp,inform
ad ơi Tour Hà Giang VIP 5 sao,search_travel
làm ơn Tour Hà Giang 3 ngày 2 đêm,search_travel
ad ơi Xe khách đi Hà Giang giờ nào,ask_transportation
làm ơn Tôi đã đi Hà Giang vào năm ngoái,inform
mình hỏi Quán ăn ngon ở Hà Giang,search_food_dining
làm ơn Reserve phòng Hà Giang qua app,book_tour
cho em hỏi Sinh nhật tôi ở Hà Giang,inform
cho tôi hỏi Tôi đã đi Hà Giang vào năm ngoái,inform
ad ơi Tắm nước nóng Hà Giang,search_activity
ad ơi Ở Mũi Né ăn gì ngon,search_food_dining
Tour Hà Giang tiết kiệm,search_travel
mình hỏi Hải sản Vũng Tàu tươi ngon,search_food_dining
mình hỏi Nhiệt độ Mũi Né trung bình,ask_weather_timing
cho em hỏi Nhà nghỉ Hà Giang trung tâm,search_accommodation
cho tôi hỏi Thời tiết Hà Giang tháng 2,ask_weather_timing
ad ơi Chi phí ăn uống ở Hà Giang,search_price
cho tôi hỏi Tôi mới đến Hà Giang lần đầu,inform
làm ơn Khám phá Hà Giang,search_destination
ad ơi Nhà nghỉ Hà Giang gần biển,search_accommodation
ad ơi Tôi đã đến Hà Giang 3 lần rồi,inform
cho em hỏi Tour Đà Nẵng khuyến mãi,search_travel
mình hỏi Xe khách đi Hà Giang giờ nào,ask_transportation
mình hỏi Vợ chồng tôi đi Hà Giang tuần trăng mật,inform
Đặt homestay Hà Giang,book_tour
mình hỏi Đi Mũi Né mùa nào đẹp,search_destination
Đặt tour Hà Giang online,book_tour
ad ơi Chơi dù bay Hội An,search_activity
mình hỏi Khám phá ẩm thực đường phố Hà Giang,search_activity
Từ Phú Quốc đi các nơi khác,ask_transportation
làm ơn Bảng báo giá Đà Nẵng,search_price
cho em hỏi Tour Hà Giang 3 ngày 2 đêm,search_travel
mình hỏi Bảng giá tour Hà Giang,search_price
ad ơi Giá tour Hà Giang 3 ngày,search_travel
ad ơi Kinh phí đi Hà Giang tiết kiệm,search_price
làm ơn Review du lịch Hà Giang,search_destination
làm ơn Tôi ở Hà Giang rồi muốn đi tiếp,inform
Đi cáp treo Hà Giang,search_activity
cho em hỏi Huế ở đâu,search_destination
cho tôi hỏi Lặn biển ở Hà Giang,search_activity
Thời tiết Hà Giang tháng 10,ask_weather_timing
Homestay Mũi Né view đẹp,search_accommodation
cho tôi hỏi Thời tiết Hà Giang cuối tuần,ask_weather_timing
cho em hỏi Homestay Hà Giang view đẹp,search_accommodation
cho tôi hỏi Reserve phòng Hà Giang,book_tour
mình hỏi Hà Giang có gì chơi,search_destination
mình hỏi Tour Hà Giang 4 ngày 3 đêm,search_travel
Đi Hà Giang tháng 4 có mưa không,ask_weather_timing
mình hỏi Món Việt Đà Nẵng ngon,search_food_dining
cho tôi hỏi Căn hộ Hà Giang view đẹp,search_accommodation
cho tôi hỏi Vé máy bay đi Hội An giá rẻ,search_price
Xe giường nằm đi Hà Giang,ask_transportation
ad ơi Kinh nghiệm phượt Hà Giang,search_destination
cho tôi hỏi Reserve phòng Hà Giang qua app,book_tour
làm ơn Khách sạn Mũi Né giá rẻ,search_accommodation
ad ơi Xem biểu diễn Hà Giang,search_activity
mình hỏi Thời tiết Hội An tháng 12,ask_weather_timing
Tour Hà Giang cho cặp đôi,search_travel
làm ơn Giới thiệu về Đà Nẵng,search_destination
cho tôi hỏi Kinh nghiệm phượt Hà Giang,search_destination
làm ơn Lịch trình Sa Pa sinh viên,ask_itinerary
làm ơn Homestay ở Hà Giang view đẹp,search_accommodation
làm ơn Hà Giang có homestay nào đẹp,search_accommodation
Đi Hà Giang bằng xe máy,ask_transportation
cho tôi hỏi Hà Giang có gì chơi,search_destination
Thời tiết Hà Giang cuối tuần,ask_weather_timing
cho tôi hỏi Hà Giang có homestay nào đẹp,search_accommodation
mình hỏi Lẩu cá hồi Hà Giang ở đâu,search_food_dining
Lưu trú ở Hà Giang gần chợ,search_accommodation
mình hỏi Nhóm bạn tôi định đi Hà Giang tháng sau,inform
ad ơi Giá vé Hà Giang cho trẻ em,search_price
cho em hỏi Vé máy bay Hà Giang khứ hồi,search_price
mình hỏi Mùa khô ở Hà Giang,ask_weather_timing
ad ơi Tiền ăn ở Hà Giang 1 ngày,search_price
cho tôi hỏi Tour Sa Pa cho người già,search_travel
làm ơn Resort Hà Nội view biển,search_accommodation
mình hỏi Chi phí ăn uống ở Huế,search_price
mình hỏi Tiền ăn ở Huế 1 ngày,search_price
ad ơi Chợ Hà Giang ẩm thực,search_food_dining
ad ơi Vé máy bay Nha Trang khứ hồi,search_price
làm ơn Mùa đẹp nhất ở Nha Trang,ask_weather_timing
mình hỏi Xe máy đi Hà Giang bao nhiêu km,ask_transportation
Villa Hà Giang cho thuê,search_accommodation
làm ơn Lặn biển ở Hà Giang,search_activity
cho em hỏi Chụp ảnh ở Hà Giang,search_activity
mình hỏi Chi phí du lịch Hà Giang 3 ngày,search_price
Bố mẹ tôi thích Hà Giang,inform
làm ơn Mùa đẹp nhất ở Hà Giang,ask_weather_timing
làm ơn Du lịch Hà Giang mùa hè,search_travel
ad ơi Lịch trình Đà Lạt 5 ngày,ask_itinerary
cho em hỏi Nhà hàng Hà Nội sang trọng,search_food_dining
Đi chợ Huế về đêm,search_activity
cho tôi hỏi Ăn vặt Phú Quốc,search_food_dining
ad ơi Nhà nghỉ Đà Lạt gần biển,search_accommodation
cho tôi hỏi Homestay Hà Giang gần trung tâm,search_accommodation
ad ơi Ăn chay Phú Quốc,search_food_dining
làm ơn Chèo thuyền ở Hà Giang,search_activity
ad ơi Ăn tối trên du thuyền Hà Giang,search_activity
mình hỏi Tour Hà Giang khởi hành từ Hà Nội,search_travel
làm ơn Tour Đà Lạt giá sinh viên,search_travel
mình hỏi Khu nghỉ Sa Pa view núi,search_accommodation
Sa Pa ở đâu,search_destination
làm ơn Thời tiết Đà Lạt tháng 6,ask_weather_timing
làm ơn Glamping Hà Giang,search_accommodation
mình hỏi Vợ chồng tôi cưới ở Hà Giang,inform
cho tôi hỏi Combo Phú Quốc trọn gói,search_travel
cho em hỏi Mùa mưa ở Phú Quốc tháng nào,ask_weather_timing
mình hỏi Đi Hà Giang dịp lễ có vui không,ask_weather_timing
mình hỏi Rượu ngô Hà Giang mua ở đâu,search_food_dining
Hà Giang có gì ngon,search_food_dining
cho em hỏi Mũi Né ăn gì cho bữa sáng,search_food_dining
làm ơn Hội An có gì chơi,search_destination
cho tôi hỏi Có gì đẹp ở Huế,search_destination
làm ơn Homestay đẹp ở Đà Lạt,search_accommodation
cho tôi hỏi Hà Nội có đáng đi không,search_destination
làm ơn Giới thiệu về Hà Giang,search_destination
ad ơi Camping ở Hà Giang,search_accommodation
Hà Giang ăn gì cho bữa sáng,search_food_dining
làm ơn Thời tiết Hà Giang tháng 10,ask_weather_timing
ad ơi Bạn tôi gợi ý đi Vũng Tàu,inform
ad ơi Lịch trình Hà Giang 5 ngày,ask_itinerary
Khách sạn Hà Giang gần biển,search_accommodation
mình hỏi Tôi muốn tìm hiểu về Huế,inform
Đi thác Hà Giang tham quan,search_activity
làm ơn Bảng giá tour Hà Giang,search_price
làm ơn Kinh nghiệm đi Hà Giang lần đầu,search_destination
cho em hỏi Đi Hà Giang từ Sài Gòn bao xa,ask_transportation
cho tôi hỏi Đi Hà Giang mùa nào đẹp,search_destination
cho tôi hỏi Homestay Hà Giang cho đôi người,search_accommodation
Hải sản Vũng Tàu tươi ngon,search_food_dining
làm ơn Nên đi Hà Giang không,search_destination
cho tôi hỏi Mùa bão Hà Giang,ask_weather_timing
cho tôi hỏi Hà Giang có quán nào nổi tiếng,search_food_dining
cho em hỏi Câu cá ở Mũi Né,search_activity
làm ơn Thời tiết Hà Giang tháng 3,ask_weather_timing
cho tôi hỏi Thời tiết Nha Trang tháng 12,ask_weather_timing
cho em hỏi Bánh xèo Hà Giang,search_food_dining
cho em hỏi Khách sạn Hà Giang gần biển,search_accommodation
làm ơn Hải sản Nha Trang giá rẻ,search_food_dining
ad ơi Nhiệt độ Phú Quốc trung bình,ask_weather_timing
mình hỏi Các hãng bay đến Hà Giang,ask_transportation
cho tôi hỏi Bánh xèo Hà Giang,search_food_dining
cho em hỏi Từ Hà Giang đi các nơi khác,ask_transportation
Chi phí Nha Trang 4 ngày 3 đêm,search_price
cho tôi hỏi Chi phí thuê xe Hà Giang,search_price
mình hỏi Chèo kayak Huế,search_activity
cho tôi hỏi Lẩu cá hồi Hà Giang ở đâu,search_food_dining
ad ơi Gia đình tôi muốn đi Hà Giang tuần tới,inform
Đồ nướng Mũi Né,search_food_dining
Tham quan làng nghề Hà Giang,search_activity
ad ơi Villa Hà Giang hồ bơi,search_accommodation
cho em hỏi Ở Hà Giang 4 ngày đi đâu,ask_itinerary
Booking tour Hà Giang giá rẻ,book_tour
làm ơn Gia đình tôi muốn đi Hà Giang tuần tới,inform
cho em hỏi Khí hậu Hà Giang như thế nào,ask_weather_timing
ad ơi Nên ở Hà Giang bao lâu,ask_itinerary
cho em hỏi Khám phá Hà Giang,search_destination
ad ơi Thông tin du lịch Sa Pa,search_destination
làm ơn Vé máy bay đi Hà Giang,ask_transportation
Giá khách sạn Hà Giang 1 đêm,search_price
ad ơi Lịch trình Sa Pa tự túc,ask_itinerary
cho tôi hỏi Hà Giang mùa xuân,ask_weather_timing
làm ơn Chi phí thuê xe Hà Giang,search_price
ad ơi Resort Hà Giang hồ bơi,search_accommodation
mình hỏi Từ Sài Gòn đi Hà Giang bao xa,ask_transportation
ad ơi Resort Hà Giang gia đình,search_accommodation
mình hỏi Lẩu Hà Giang ăn ở đâu,search_food_dining
cho em hỏi Khách sạn Vũng Tàu mới xây,search_accommodation
cho em hỏi Có gì đẹp ở Hà Giang,search_destination
làm ơn Combo du lịch Hà Giang,search_travel
Tôi đã đi Đà Nẵng năm ngoái rất thích,inform
làm ơn Bài viết về Hà Giang,search_destination
cho tôi hỏi Du lịch Hà Giang có gì hay,search_destination
làm ơn Tôi muốn khám phá Hà Giang bằng xe máy,inform
mình hỏi Khám phá Nha Trang,search_destination
cho em hỏi Khách sạn Hà Giang trung tâm,search_accommodation
ad ơi Hà Giang có bao nhiêu huyện,search_destination
cho tôi hỏi Gia đình tôi muốn đi Hà Giang tuần tới,inform
Đặt tour Hà Giang tiết kiệm,book_tour
cho em hỏi Lịch trình Đà Lạt 3 ngày 2 đêm,ask_itinerary
Từ Sài Gòn đi Đà Lạt bao xa,ask_transportation
Nhà nghỉ Hà Giang gần biển,search_accommodation
cho em hỏi Đường đi Hà Giang có khó không,ask_transportation
ad ơi Đi cáp treo Hà Giang,search_activity
cho tôi hỏi Homestay Hà Giang view đẹp,search_accommodation
Tôi mới đến Hà Giang lần đầu,inform
cho em hỏi Du lịch Hà Giang tự túc,search_travel
mình hỏi Tiền ăn ở Hà Giang 1 ngày,search_price
Cắm trại Huế,search_activity
ad ơi Đi Hà Giang ở đâu chơi đẹp,search_destination
cho tôi hỏi Cảnh đẹp Hà Giang nổi tiếng,search_destination
Lịch Hà Giang phù hợp,ask_itinerary
cho tôi hỏi Resort Nha Trang view biển,search_accommodation
ad ơi Ở Vũng Tàu 4 ngày đi đâu,ask_itinerary
cho tôi hỏi Đi Hà Giang bao nhiêu ngày,ask_itinerary
làm ơn Thuê xe tự lái đi Hà Giang,ask_transportation
mình hỏi Đặt tour Hội An khuyến mãi,book_tour
cho em hỏi Vé máy bay đi Nha Trang giá rẻ,search_price
Hà Giang có gì đẹp,search_destination
làm ơn Du lịch Hà Giang 1 ngày,search_travel
Khách sạn Hà Giang gần biển,search_accommodation
Hà Giang có món gì đặc biệt,search_food_dining
làm ơn Vẻ đẹp Hà Giang,search_destination
mình hỏi Book combo Hà Giang,book_tour
ad ơi Ẩm thực Hà Giang món gì đặc sản,search_food_dining
làm ơn Đi Hà Giang trong bao lâu,ask_itinerary
cho tôi hỏi Lịch trình Phú Quốc 5 ngày,ask_itinerary
Cung đường đèo Hà Giang,search_destination
cho em hỏi Tour Hà Giang cuối tuần,search_travel
Ở đâu chơi ở Hà Giang,search_destination
ad ơi Nên đi Huế mấy ngày,ask_itinerary
ad ơi Vẻ đẹp Đà Nẵng,search_destination
Villa Mũi Né cho thuê,search_accommodation
làm ơn Top địa điểm Phú Quốc,search_destination
cho tôi hỏi Top địa điểm Hà Giang,search_destination
ad ơi Cắm trại Sa Pa,search_activity
cho tôi hỏi Hà Giang ở đâu,search_destination
mình hỏi Vé máy bay đi Nha Trang giá rẻ,search_price
Tắm biển Phú Quốc,search_activity
làm ơn Thuê xe tự lái Hà Giang,ask_transportation
Tour Hà Giang 2 ngày 1 đêm,search_travel
ad ơi Hà Giang mùa nào đẹp nhất,search_destination
Thuê xe tự lái đi Hà Giang,ask_transportation
mình hỏi Khu nghỉ dưỡng Đà Lạt,search_accommodation
mình hỏi Lịch trình Vũng Tàu nghỉ dưỡng,ask_itinerary
cho em hỏi Lịch trình Hà Giang 3 ngày 2 đêm,ask_itinerary
cho tôi hỏi Ở đâu chơi ở Hội An,search_destination
cho em hỏi Ăn chay Hà Nội,search_food_dining
cho tôi hỏi Đặt homestay Hà Giang,book_tour
mình hỏi Du lịch Nha Trang tự túc,search_travel
cho tôi hỏi Ở đâu chơi ở Hà Giang,search_destination
cho em hỏi Khu nghỉ dưỡng Sa Pa,search_accommodation
ad ơi Lượng mưa Đà Nẵng hàng năm,ask_weather_timing
cho em hỏi Đặt tour Đà Lạt khuyến mãi,book_tour
Lịch trình Hà Giang 3 ngày 2 đêm,ask_itinerary
làm ơn Tàu hỏa đi Hà Giang,ask_transportation
Tour Hà Giang khuyến mãi,search_travel
cho tôi hỏi Hà Giang cách Hà Nội bao xa,search_destination
làm ơn Tour Hà Giang 6 ngày 5 đêm,search_travel
ad ơi Đi Hà Giang trong 2 ngày,ask_itinerary
làm ơn Nên đi Vũng Tàu mấy ngày,ask_itinerary
Nên đi Phú Quốc không,search_destination
ad ơi Bảng giá tour Hà Giang,search_price
Món ngon Huế giá rẻ,search_food_dining
cho em hỏi Khách sạn Hội An gần sân bay,search_accommodation
mình hỏi Gia đình tôi muốn đi Hà Giang tuần tới,inform
cho em hỏi Tôi ở Mũi Né rồi muốn đi tiếp,inform
làm ơn Resort Hà Giang hồ bơi,search_accommodation
cho em hỏi Lịch trình Hà Giang cho gia đình,ask_itinerary
cho em hỏi Tôi mới đến Hà Giang lần đầu,inform
cho tôi hỏi Đi Nha Trang mùa nào đẹp,search_destination
ad ơi Khách sạn Hà Giang mới xây,search_accommodation
cho em hỏi Có gì đẹp ở Phú Quốc,search_destination
cho em hỏi Đặt vé máy bay đi Vũng Tàu,book_tour
cho tôi hỏi Thuê xe tự lái đi Hà Giang,ask_transportation
mình hỏi Lịch trình Hà Nội tự túc,ask_itinerary
Mì quảng Hà Giang,search_food_dining
ad ơi Đặt trước tour Phú Quốc,book_tour
cho tôi hỏi Xe giường nằm đi Hà Giang,ask_transportation
ad ơi Tắm nước nóng Mũi Né,search_activity
ad ơi Tour Hà Giang khuyến mãi,search_travel
cho em hỏi Xe đạp đi Hà Giang,ask_transportation
cho em hỏi Nhà nghỉ Hà Giang giá rẻ,search_accommodation
cho tôi hỏi Tour Hà Giang 4 ngày 3 đêm,search_travel
ad ơi Check in Hà Giang ở đâu,search_destination
Xe buýt đi Hà Giang,ask_transportation
Lịch trình tour Hà Giang,search_travel
cho tôi hỏi Xe khách đi Hà Giang từ Sài Gòn,ask_transportation
cho em hỏi Thời gian lý tưởng đi Hà Giang,ask_weather_timing
cho em hỏi Giới thiệu về Đà Nẵng,search_destination
mình hỏi Nên đi Hà Giang mấy ngày,ask_itinerary
cho tôi hỏi Đà Nẵng mùa nào đẹp nhất,search_destination
ad ơi Đi Hà Giang 1 ngày thì đi đâu,ask_itinerary
mình hỏi Đi Hà Giang bằng tàu cao tốc,ask_transportation
cho tôi hỏi Lịch trình Hà Giang cho người già,ask_itinerary
cho em hỏi Lịch trình Hà Nội 5 ngày,ask_itinerary
mình hỏi Tour Đà Nẵng VIP 5 sao,search_travel
ad ơi Order tour Phú Quốc,book_tour
ad ơi Lượng mưa Hà Giang hàng năm,ask_weather_timing
cho tôi hỏi Booking homestay Hà Giang giá rẻ,book_tour
ad ơi Thời tiết Hà Giang cuối tuần,ask_weather_timing
cho tôi hỏi Resort Hội An gia đình,search_accommodation
cho tôi hỏi Tour Hà Giang VIP 5 sao,search_travel
cho em hỏi Xe giường nằm đi Đà Nẵng,ask_transportation
cho em hỏi Đi Hà Giang mùa hè có nóng không,ask_weather_timing
ad ơi Công ty tôi tổ chức team building ở Hà Giang,inform
ad ơi Tham quan làng nghề Hà Giang,search_activity
ad ơi Tôi đã đi Hà Giang năm ngoái rất thích,inform
làm ơn Giá dịch vụ Hà Giang,search_price
mình hỏi Tôi thích Phú Quốc vì không khí mát mẻ,inform
Tour Hà Giang 3 ngày 2 đêm,search_travel
cho tôi hỏi Villa Hà Giang cho thuê,search_accommodation
cho tôi hỏi Đi Hà Giang từ Sài Gòn bao xa,ask_transportation
Du lịch Hà Giang có gì hay,search_destination
cho tôi hỏi Đi Hà Giang bằng máy bay giá rẻ,ask_transportation
cho tôi hỏi Lịch trình Sa Pa nghỉ dưỡng,ask_itinerary
ad ơi Chơi dù bay Hà Giang,search_activity
cho tôi hỏi Lịch trình Hà Giang tiết kiệm,ask_itinerary
mình hỏi Nhà nghỉ Hà Giang trung tâm,search_accommodation
làm ơn Ở Đà Nẵng 4 ngày đi đâu,ask_itinerary
cho em hỏi Chợ Hà Giang ẩm thực,search_food_dining
cho tôi hỏi Giá tham quan Hà Giang 2026,search_price
Nhà nghỉ Hà Giang gần biển,search_accommodation
ad ơi Resort Hà Giang gia đình,search_accommodation
làm ơn Ở Vũng Tàu mấy ngày là đủ,ask_itinerary
mình hỏi Tour Hà Giang trọn gói bao gồm,search_travel
làm ơn Ở Hà Giang ăn gì ngon,search_food_dining
mình hỏi Đồ nướng Hà Giang,search_food_dining
ad ơi Homestay Hà Giang gần trung tâm,search_accommodation
ad ơi Đi Hà Giang tham quan gì,search_destination
ad ơi Lịch trình Huế tiết kiệm,ask_itinerary
cho em hỏi Cảnh đẹp Hà Giang nổi tiếng,search_destination
làm ơn Nhóm bạn tôi định đi Hà Giang tháng sau,inform
làm ơn Đi Hà Giang dịp lễ có vui không,ask_weather_timing
ad ơi Hà Giang có gì đẹp,search_destination
ad ơi Khách sạn Hà Nội gần chợ đêm,search_accommodation
làm ơn Đà Nẵng có gì chơi,search_destination
làm ơn Chèo kayak Sa Pa,search_activity
Đặt tour Hà Giang trả góp,book_tour
mình hỏi Đi phượt Hà Nội bằng xe máy,search_activity
Review du lịch Hà Giang,search_destination
mình hỏi Glamping Hà Giang giá rẻ,search_accommodation
Đi Hà Giang ở đâu chơi đẹp,search_destination
cho em hỏi Nhóm bạn tôi định đi Hà Giang tháng sau,inform
ad ơi Đi chợ nổi Đà Nẵng,search_activity
cho em hỏi Check in Hà Giang ở đâu,search_destination
Đặt vé máy bay đi Hà Giang,book_tour
cho tôi hỏi Bảng báo giá Hà Giang,search_price
cho tôi hỏi Đi thuyền Hà Giang,search_activity
cho em hỏi Tôi đã đi Hà Giang năm ngoái rất thích,inform
cho tôi hỏi Villa Hội An hồ bơi,search_accommodation
cho tôi hỏi Đi Hà Giang bằng xe máy,ask_transportation
Cảnh đẹp Hà Giang nổi tiếng,search_destination
cho em hỏi Xe giường nằm đi Vũng Tàu,ask_transportation
mình hỏi Tour Sa Pa 5 ngày 4 đêm,search_travel
làm ơn Khí hậu Mũi Né như thế nào,ask_weather_timing
làm ơn Đi bộ biển Hà Giang,search_activity
Chi phí ăn uống ở Hà Giang,search_price
ad ơi Hải sản Hà Giang tươi ngon,search_food_dining
cho em hỏi Quán nhậu Hà Giang,search_food_dining
ad ơi Ở Hà Giang mấy ngày là đủ,ask_itinerary
ad ơi Khám phá hang động Hà Giang,search_activity
làm ơn Kế hoạch du lịch Phú Quốc,ask_itinerary
cho tôi hỏi Nhiệt độ Hà Giang tháng 7,ask_weather_timing
ad ơi Du lịch Huế tự túc,search_travel
Thời tiết Hà Giang tháng 12,ask_weather_timing
ad ơi Nên đi Đà Lạt tháng mấy,ask_weather_timing
cho tôi hỏi Chơi dù bay Hà Giang,search_activity
cho tôi hỏi Ở Hà Giang mấy ngày là đủ,ask_itinerary
cho em hỏi Tôi thích Hà Giang vì không khí mát mẻ,inform
ad ơi Taxi Hà Giang giá bao nhiêu,ask_transportation
làm ơn Thắng cố Hà Giang ở đâu,search_food_dining
ad ơi Book phòng Hà Giang view biển,book_tour
mình hỏi Đặt phòng khách sạn Hà Giang,book_tour
Lịch trình Đà Lạt 5 ngày,ask_itinerary
cho tôi hỏi Hải sản Nha Trang tươi ngon,search_food_dining
Đi Hà Giang bao nhiêu ngày,ask_itinerary
ad ơi Thắng cố Hà Giang ở đâu,search_food_dining
Order tour Hà Giang,book_tour
mình hỏi Hà Giang ăn gì cho bữa sáng,search_food_dining
cho em hỏi Đi Hà Giang bằng tàu cao tốc,ask_transportation
mình hỏi Sương mù Hà Giang vào tháng mấy,ask_weather_timing
làm ơn Tour Hà Giang tiết kiệm,search_travel
Đi Hà Giang tham quan gì,search_destination
cho tôi hỏi Tour Hà Giang VIP,search_travel
làm ơn Tôi đã đi Phú Quốc năm ngoái rất thích,inform
làm ơn Tàu hỏa Nha Trang bao nhiêu tiền,ask_transportation
cho tôi hỏi Booking homestay Hà Giang giá rẻ,book_tour
ad ơi Cafe view đẹp Hà Giang,search_food_dining
làm ơn Hải sản Vũng Tàu giá rẻ,search_food_dining
cho tôi hỏi Đi Hà Giang trong bao lâu,ask_itinerary
cho tôi hỏi Chụp ảnh ở Hà Giang,search_activity
làm ơn Giá homestay Sa Pa,search_price
cho tôi hỏi Đi Hà Giang bao nhiêu ngày,ask_itinerary
cho em hỏi Đặt vé máy bay đi Hà Giang,book_tour
Mũi Né có gì chơi,search_destination
ad ơi Đặt vé máy bay đi Mũi Né,book_tour
ad ơi Mì quảng Hà Giang,search_food_dining
cho tôi hỏi Tour Nha Trang giá bao nhiêu tiền,search_price
Tôi yêu thích Hà Giang,inform
Reserve phòng Phú Quốc,book_tour
ad ơi Đặt phòng khách sạn Hà Giang,book_tour
Đi Hà Giang trong bao lâu,ask_itinerary
làm ơn Tôi muốn khám phá Hà Giang bằng xe máy,inform
Nhóm bạn tôi định đi Hà Giang tháng sau,inform
cho tôi hỏi Mua vé tham quan Hà Giang,book_tour
làm ơn Đi thuyền Hà Giang,search_activity
mình hỏi Combo Hà Giang trọn gói,search_travel
cho em hỏi Đi cáp treo Hà Giang,search_activity
Công ty tôi tổ chức team building ở Phú Quốc,inform
cho em hỏi Đi Hà Giang tự túc bao nhiêu ngày,ask_itinerary
làm ơn Nhiệt độ Hà Giang tháng 7,ask_weather_timing
cho tôi hỏi Book phòng Huế view biển,book_tour
mình hỏi Gợi ý lịch trình Đà Nẵng,ask_itinerary
cho tôi hỏi Phương tiện đi Hà Giang rẻ nhất,ask_transportation
cho tôi hỏi Taxi ở Hà Nội giá rẻ,ask_transportation
mình hỏi Ở Hà Nội 4 ngày đi đâu,ask_itinerary
làm ơn Đi Hà Giang mùa hè có nóng không,ask_weather_timing
Leo núi ở Hà Giang,search_activity
cho em hỏi Tour Hà Giang khuyến mãi,search_travel
Lịch trình Phú Quốc nghỉ dưỡng,ask_itinerary
cho em hỏi Tôi muốn đưa con đi Phú Quốc,inform
cho em hỏi Tour Hà Giang cho người già,search_travel
mình hỏi Tôi thích đi Hội An vào mùa hè,inform
cho em hỏi Khám phá ẩm thực đường phố Hà Nội,search_activity
làm ơn Lẩu Hà Giang ăn ở đâu,search_food_dining
làm ơn Kinh phí du lịch Hà Giang,search_price
cho em hỏi Chi phí ăn uống ở Hà Giang,search_price
cho tôi hỏi Reserve phòng Hà Giang qua app,book_tour
cho tôi hỏi Hà Giang có gì đẹp,search_destination
cho em hỏi Combo du lịch Hà Giang,search_travel
mình hỏi Đặc sản Hà Giang phải thử,search_food_dining
cho tôi hỏi Tham quan làng nghề Hà Giang,search_activity
ad ơi Tôi mới đến Hà Giang lần đầu,inform
mình hỏi Tour du lịch Hà Giang giá rẻ,search_travel
mình hỏi Ở Hà Giang 4 ngày đi đâu,ask_itinerary
mình hỏi Thuê xe tự lái Hà Nội,ask_transportation
cho em hỏi Homestay Hà Nội gần trung tâm,search_accommodation
làm ơn Nhà nghỉ Hà Giang giá rẻ,search_accommodation
làm ơn Vợ chồng tôi cưới ở Hà Giang,inform
làm ơn Tôi đã book tour Hà Giang rồi,inform
Cả nhà tôi đi Hà Giang dịp Tết,inform
cho em hỏi Đặt tour Hà Giang cho đoàn,book_tour
làm ơn Đường đi Hà Giang có khó không,ask_transportation
cho tôi hỏi Chi phí du lịch Hà Giang 3 ngày,search_price
làm ơn Đi Hà Giang cuối tuần,ask_itinerary
ad ơi Khách sạn Mũi Né giá rẻ,search_accommodation
mình hỏi Tổng chi phí đi Hà Giang,search_price
cho tôi hỏi Khách sạn Hà Giang giá tốt,search_accommodation
cho tôi hỏi Khám phá ẩm thực đường phố Hà Giang,search_activity
cho tôi hỏi Khách sạn Hà Giang trung tâm,search_accommodation
mình hỏi Tôi đã đi Hà Giang năm ngoái rất thích,inform
cho tôi hỏi Tôi yêu thích Hội An,inform
Đi phượt Hà Giang bằng xe máy,search_activity
Resort Hà Giang view biển,search_accommodation
ad ơi Đi bộ đường dài Hà Giang,search_activity
cho tôi hỏi Hà Giang mùa xuân thời tiết ra sao,ask_weather_timing
mình hỏi Đặt trước tour Hà Giang,book_tour
mình hỏi Tôi muốn đưa con đi Đà Lạt,inform
cho tôi hỏi Cắm trại Hội An,search_activity
cho em hỏi Giá tham quan Hà Giang 2026,search_price
cho tôi hỏi Hà Nội có gì chơi,search_destination
mình hỏi Leo núi ở Hà Giang,search_activity
cho tôi hỏi Đặt phòng Hội An online,book_tour
ad ơi Taxi Hà Giang giá bao nhiêu,ask_transportation
Tour Hà Giang 2 ngày 1 đêm,search_travel
làm ơn Tour Phú Quốc 3 ngày 2 đêm,search_travel
cho tôi hỏi Khách sạn Nha Trang giá rẻ,search_accommodation
ad ơi Đi Hà Giang bằng tàu cao tốc,ask_transportation
cho em hỏi Đi Sa Pa bao nhiêu ngày,ask_itinerary
cho tôi hỏi Khu nghỉ dưỡng Hà Giang,search_accommodation
cho em hỏi Đặc sản Hà Giang phải thử,search_food_dining
cho tôi hỏi Đi Hà Giang bao nhiêu ngày là hợp lý,ask_itinerary
Khách sạn Hà Giang giá tốt,search_accommodation
Nhà hàng Hà Giang sang trọng,search_food_dining
cho em hỏi Đặt tour Phú Quốc tận nơi,book_tour
mình hỏi Lịch trình Hà Giang nghỉ dưỡng,ask_itinerary
mình hỏi Khách sạn Hà Nội trung tâm,search_accommodation
mình hỏi Ẩm thực Hà Giang món gì đặc sản,search_food_dining
ad ơi Tắm nước nóng Phú Quốc,search_activity
làm ơn Đi Hà Giang bằng tàu cao tốc,ask_transportation
ad ơi Đi Hà Giang trong bao lâu,ask_itinerary
Giá tour Hà Giang bao nhiêu,search_price
cho em hỏi Buffet Đà Nẵng giá rẻ,search_food_dining
ad ơi Cafe view đẹp Đà Nẵng,search_food_dining
cho em hỏi Chèo kayak Hà Giang,search_activity
cho tôi hỏi Homestay đẹp ở Hà Giang,search_accommodation
Điểm đến Hà Giang,search_destination
cho em hỏi Du lịch Vũng Tàu mùa hè,search_travel
Lịch trình Hà Giang tự túc,ask_itinerary
Xe khách đi Hà Giang từ Sài Gòn,ask_transportation
làm ơn Đi Hà Giang từ Sài Gòn bao xa,ask_transportation
mình hỏi Chèo thuyền ở Hà Giang,search_activity
mình hỏi Book phòng Hà Giang view biển,book_tour
Resort Hà Giang view biển,search_accommodation
cho em hỏi Kinh phí đi Huế tiết kiệm,search_price
ad ơi Tắm biển Hà Giang,search_activity
làm ơn Leo núi ở Hà Giang,search_activity
cho em hỏi Ăn tối trên du thuyền Hà Giang,search_activity
làm ơn Mua tour Nha Trang giảm giá,book_tour
làm ơn Đặt trước tour Hà Giang,book_tour
ad ơi Đi Hà Giang trong 2 ngày,ask_itinerary
cho tôi hỏi Đặt tour Mũi Né trả góp,book_tour
Hà Giang có gì đẹp,search_destination
cho em hỏi Món Việt Hà Giang ngon,search_food_dining
Đi Hà Giang mùa nào đẹp,search_destination
mình hỏi Resort Vũng Tàu hồ bơi,search_accommodation
mình hỏi Bay đi Đà Nẵng từ Hà Nội,ask_transportation
cho tôi hỏi Đặc sản Hà Giang phải thử,search_food_dining
mình hỏi Khám phá Hà Giang,search_destination
Bạn tôi gợi ý đi Vũng Tàu,inform
ad ơi Tour Hà Giang cuối tuần,search_travel
ad ơi Thời tiết Phú Quốc tháng 2,ask_weather_timing
ad ơi Đường đi Hà Giang có khó không,ask_transportation
cho em hỏi Homestay Hà Giang cho đôi người,search_accommodation
làm ơn Ở Hà Giang mấy ngày là đủ,ask_itinerary
làm ơn Món Việt Hà Giang ngon,search_food_dining
Vé máy bay đi Hà Giang,ask_transportation
cho em hỏi Reserve phòng Hà Giang,book_tour
ad ơi Lịch trình Phú Quốc 3 ngày 2 đêm,ask_itinerary
mình hỏi Ngân sách đi Hà Giang,search_price
cho tôi hỏi Chi phí ăn uống ở Hà Giang,search_price
làm ơn Bố mẹ tôi muốn đi Hà Giang,inform
Tour Hà Giang tiết kiệm,search_travel
ad ơi Cung đường Hà Giang đẹp nhất,search_destination
cho tôi hỏi Tôi muốn đưa con đi Phú Quốc,inform
cho em hỏi Xe đạp đi Vũng Tàu,ask_transportation
ad ơi Tôi đã book tour Vũng Tàu rồi,inform
Tour du lịch Hà Giang giá rẻ,search_travel
Đi bộ đường dài Hà Giang,search_activity
ad ơi Tour Hà Giang team building,search_travel
mình hỏi Hà Giang có món gì đặc biệt,search_food_dining
ad ơi Hà Giang ở đâu,search_destination
Bảng báo giá Hà Giang,search_price
Ăn chay Hà Giang,search_food_dining
mình hỏi Ăn chay Hà Giang,search_food_dining
cho em hỏi Đi cáp treo Nha Trang,search_activity
làm ơn Tôi mới đến Sa Pa lần đầu,inform
ad ơi Chi phí ăn uống ở Hà Giang,search_price
cho em hỏi Tôi đã đi Hà Nội năm ngoái rất thích,inform
cho em hỏi Đặt phòng khách sạn Hà Giang,book_tour
cho tôi hỏi Resort Sa Pa hồ bơi,search_accommodation
mình hỏi Phương tiện đi Hà Giang rẻ nhất,ask_transportation
mình hỏi Khách sạn Hà Giang gần chợ đêm,search_accommodation
mình hỏi Chi phí thuê xe Hà Giang,search_price
làm ơn Buffet Huế giá rẻ,search_food_dining
làm ơn Du lịch Nha Trang có gì hay,search_destination
Sa Pa mùa thu,ask_weather_timing
cho em hỏi Hà Nội mùa xuân,ask_weather_timing
cho tôi hỏi Bảng giá tour Hà Giang,search_price
mình hỏi Ẩm thực Hà Giang món gì đặc sản,search_food_dining
ad ơi Khách sạn Phú Quốc gần chợ đêm,search_accommodation
Bánh cuốn Hà Giang,search_food_dining
ad ơi Nên đi Hà Giang mấy ngày,ask_itinerary
làm ơn Lịch trình Hà Giang cho người già,ask_itinerary
cho em hỏi Bài viết về Hà Giang,search_destination
cho tôi hỏi Xe limousine đi Huế,ask_transportation
ad ơi Lẩu cá hồi Hà Giang ở đâu,search_food_dining
Homestay Hà Giang cho đôi người,search_accommodation
cho em hỏi Vé máy bay đi Hà Giang,ask_transportation
Bánh xèo Đà Lạt,search_food_dining
cho tôi hỏi Top địa điểm Hà Giang,search_destination
Hà Giang có đáng đi không,search_destination
Hội An có đáng đi không,search_destination
cho em hỏi Xem biểu diễn Hà Giang,search_activity
cho tôi hỏi Tour Hà Giang 6 ngày 5 đêm,search_travel
cho em hỏi Các hãng bay đến Hà Giang,ask_transportation
cho tôi hỏi Tôi đã book tour Hà Giang rồi,inform
Lẩu cá hồi Hà Giang ở đâu,search_food_dining
mình hỏi Tàu hỏa đi Hà Giang,ask_transportation
mình hỏi Đặt tour Đà Lạt cho đoàn,book_tour
Vũng Tàu nổi tiếng về gì,search_destination
ad ơi Reserve phòng Hà Giang qua app,book_tour
làm ơn Lịch trình Huế tiết kiệm,ask_itinerary
làm ơn Sương mù Hà Giang vào tháng mấy,ask_weather_timing
làm ơn Ở Hà Giang ăn gì ngon,search_food_dining
làm ơn Tôi yêu thích Hà Giang,inform
Nên đi Hà Giang không,search_destination
Chợ Hà Giang ẩm thực,search_food_dining
Bảng giá tour Hà Giang,search_price
cho tôi hỏi Ăn vặt Hà Giang,search_food_dining
cho tôi hỏi Tour Hà Giang cho cặp đôi,search_travel
ad ơi Sinh nhật tôi ở Hà Giang,inform
cho tôi hỏi Chi phí Hà Giang 4 ngày 3 đêm,search_price
làm ơn Đi Hà Giang mùa nào đẹp,search_destination
cho tôi hỏi Đi bộ đường dài Đà Lạt,search_activity
làm ơn Quán ăn ngon ở Hà Giang,search_food_dining
cho tôi hỏi Khí hậu Sa Pa như thế nào,ask_weather_timing
làm ơn Cafe view đẹp Hà Giang,search_food_dining
Khách sạn Đà Nẵng trung tâm,search_accommodation
làm ơn Lịch trình Sa Pa tiết kiệm,ask_itinerary
mình hỏi Đi Hội An dịp lễ có vui không,ask_weather_timing
cho em hỏi Chè Hà Giang ngon,search_food_dining
ad ơi Bài viết về Hội An,search_destination
cho tôi hỏi Ở Hà Giang mấy ngày là đủ,ask_itinerary
làm ơn Tàu hỏa Hà Giang bao nhiêu tiền,ask_transportation
mình hỏi Mùa đẹp nhất ở Hà Giang,ask_weather_timing
Review du lịch Nha Trang,search_destination
cho em hỏi Du lịch Hội An mùa hè,search_travel
ad ơi Đặt tour Hà Giang online,book_tour
ad ơi Chi phí đi Hà Giang tự túc,search_price
mình hỏi Xe buýt đi Hà Giang,ask_transportation
Đi Hà Giang bằng tàu cao tốc,ask_transportation
làm ơn Có gì đẹp ở Hà Giang,search_destination
cho tôi hỏi Homestay Đà Nẵng view đẹp,search_accommodation
cho tôi hỏi Xe khách đi Hà Giang giờ nào,ask_transportation
Du lịch Hà Giang tự túc,search_travel
cho tôi hỏi Cafe view đẹp Mũi Né,search_food_dining
ad ơi Booking tour Hà Giang giá rẻ,book_tour
Có gì đẹp ở Hà Giang,search_destination
cho em hỏi Hà Giang có gì đẹp,search_destination
Đi Hà Giang dịp lễ có vui không,ask_weather_timing
cho em hỏi Kinh phí đi Hà Giang tiết kiệm,search_price
Đặt tour Hà Giang khuyến mãi,book_tour
cho em hỏi Hải sản Hà Giang giá rẻ,search_food_dining
cho em hỏi Khách sạn Hà Giang gần sân bay,search_accommodation
cho em hỏi Bảng báo giá Hà Giang,search_price
cho tôi hỏi Chi phí lưu trú Đà Nẵng,search_price
ad ơi Đi phượt Huế bằng xe máy,search_activity
mình hỏi Quán nhậu Hà Giang,search_food_dining
Các hãng bay đến Hà Giang,ask_transportation
cho em hỏi Giới thiệu về Đà Lạt,search_destination
mình hỏi Nên ở Hà Giang bao lâu,ask_itinerary
cho em hỏi Vợ chồng tôi đi Hà Giang tuần trăng mật,inform
cho tôi hỏi Khu nghỉ Hà Giang view núi,search_accommodation
cho em hỏi Hà Giang ăn gì cho bữa sáng,search_food_dining
làm ơn Tôi muốn tìm hiểu về Hội An,inform
làm ơn Taxi ở Hà Giang giá rẻ,ask_transportation
mình hỏi Tôi muốn khám phá Hà Giang bằng xe máy,inform
cho em hỏi Khu nghỉ dưỡng Hà Giang,search_accommodation
Tour Hà Giang team building,search_travel
Rượu ngô Hà Giang mua ở đâu,search_food_dining
mình hỏi Lịch trình Hà Giang tự túc,ask_itinerary
mình hỏi Lượng mưa Hà Giang hàng năm,ask_weather_timing
làm ơn Cảnh đẹp Hà Giang nổi tiếng,search_destination
cho em hỏi Tắm biển Mũi Né,search_activity
cho em hỏi Giá khách sạn Phú Quốc 1 đêm,search_price
cho em hỏi Tôi đã đi Hà Giang vào năm ngoái,inform
mình hỏi Ngắm hoàng hôn Hà Giang,search_activity
ad ơi Mùa mưa ở Hà Giang tháng nào,ask_weather_timing
ad ơi Các hãng bay đến Mũi Né,ask_transportation
cho tôi hỏi Chia sẻ kinh nghiệm Hà Giang,search_destination
cho em hỏi Gợi ý lịch trình Hội An,ask_itinerary
Bay đi Hà Giang từ Hà Nội,ask_transportation
cho tôi hỏi Chèo thuyền ở Hà Giang,search_activity
làm ơn Đi Hà Giang 1 ngày thì đi đâu,ask_itinerary
ad ơi Đi thuyền Mũi Né,search_activity
làm ơn Mùa bão Hà Giang,ask_weather_timing
làm ơn Mùa khô ở Hà Giang,ask_weather_timing
cho em hỏi Taxi ở Đà Nẵng giá rẻ,ask_transportation
cho em hỏi Đi Hà Giang trong bao lâu,ask_itinerary
mình hỏi Homestay Hà Giang cho đôi người,search_accommodation
làm ơn Huế mùa xuân,ask_weather_timing
mình hỏi Khuyến mãi tour Hà Giang,search_price
làm ơn Tour Hà Giang team building,search_travel
Giá homestay Hà Giang,search_price
Tôi muốn đưa con đi Hà Giang,inform
Mùa đẹp nhất ở Hà Nội,ask_weather_timing
mình hỏi Ngân sách đi Hà Giang tiết kiệm,search_price
làm ơn Bảng báo giá Hà Giang,search_price
ad ơi Tắm biển Vũng Tàu,search_activity
Lịch trình Hà Giang 5 ngày,ask_itinerary
ad ơi Gợi ý lịch trình Huế,ask_itinerary
cho tôi hỏi Bài viết về Sa Pa,search_destination
cho em hỏi Du lịch Hà Giang tự túc,search_travel
Đi Hà Giang cuối tuần,ask_itinerary
cho tôi hỏi Dự báo thời tiết Nha Trang,ask_weather_timing
cho em hỏi Khách sạn Sa Pa trung tâm,search_accommodation
làm ơn Tour Hà Giang cho cặp đôi,search_travel
làm ơn Tour Đà Nẵng khuyến mãi,search_travel
Tàu hỏa Hà Giang bao nhiêu tiền,ask_transportation
ad ơi Tàu hỏa đi Phú Quốc,ask_transportation
Đi thác Hà Giang tham quan,search_activity
làm ơn Giá tour Hà Giang cho sinh viên,search_price
làm ơn Chèo thuyền ở Hà Giang,search_activity
mình hỏi Khách sạn Đà Lạt gần chợ đêm,search_accommodation
ad ơi Giá combo Hà Giang,search_price
cho em hỏi Homestay đẹp ở Hà Giang,search_accommodation
làm ơn Chè Hà Giang ngon,search_food_dining
cho em hỏi Cả nhà tôi đi Hà Giang dịp Tết,inform
