date,text
2026-06-01,làm ơn Nha Trang cách Hà Nội bao xa
2026-06-01,ad ơi Đi Mũi Né bằng xe máy
2026-06-01,cho tôi hỏi Giới thiệu về Mũi Né
2026-06-01,cho tôi hỏi Nha Trang có quán nào nổi tiếng
2026-06-01,làm ơn Thông tin du lịch Mũi Né
2026-06-01,ad ơi Đi Nha Trang tham quan gì
2026-06-01,ad ơi Combo Huế trọn gói
2026-06-01,homestay
2026-06-01,cho tôi hỏi Tôi muốn đưa con đi Mũi Né
2026-06-01,chỗ nào chụp hình sống ảo cháy máy ta
2026-06-01,mình hỏi Nhà nghỉ Nha Trang giá rẻ
2026-06-01,Đặt tour Hà Nội khuyến mãi
2026-06-01,Cắm trại Hội An
2026-06-01,mình hỏi Nên đi Mũi Né không
2026-06-01,cho tôi hỏi Tour Đà Lạt khởi hành từ Hà Nội
2026-06-01,Cần Thơ
2026-06-01,mình hỏi Đặc sản Sa Pa phải thử
2026-06-01,tàu cánh ngầm
2026-06-01,ad ơi Hải sản Hà Nội tươi ngon
2026-06-01,khách sạn
2026-06-01,t muốn đi Đà Lạt
2026-06-01,cho em hỏi Tour Nha Trang 4 ngày 3 đêm
2026-06-01,lên plan đi Đà Lạt giúp mình
2026-06-01,Tour Nha Trang khuyến mãi
2026-06-01,cho em hỏi Tour du lịch Đà Lạt giá rẻ
2026-06-01,Chi phí du lịch Hà Nội 3 ngày
2026-06-01,tôi muốn [leo núi](activity)
2026-06-01,cho em hỏi Quán ăn ngon ở Nha Trang
2026-06-01,cho tôi hỏi Du lịch Hà Nội tự túc
2026-06-01,cho em hỏi Đặc sản Sa Pa phải thử
2026-06-01,làm ơn Lịch trình Hội An cho người già
2026-06-01,mình hỏi Có gì đẹp ở Hội An
2026-06-01,cho tôi hỏi Tour Đà Nẵng 4 ngày 3 đêm
2026-06-01,cho tôi hỏi Bánh xèo Phú Quốc
2026-06-01,ad ơi Tôi nghe nói Sa Pa rất đẹp
2026-06-01,cho tôi hỏi Tour Sa Pa VIP 5 sao
2026-06-01,Book phòng Đà Lạt view biển
2026-06-01,cho em hỏi Thông tin du lịch Mũi Né
2026-06-01,ad ơi Mũi Né ăn gì cho bữa sáng
2026-06-01,cho em hỏi Căn hộ Hội An view đẹp
2026-06-01,chính sách cho người cao tuổi
2026-06-01,mua sắm
2026-06-01,ad ơi Booking tour Huế giá tốt
2026-06-01,Chi phí thuê xe Hội An
2026-06-01,ad ơi Tắm nước nóng Đà Lạt
2026-06-01,vùng quê
2026-06-01,cho tôi hỏi Khí hậu Vũng Tàu như thế nào
2026-06-01,ad ơi Homestay Vũng Tàu view đẹp
2026-06-01,cho tôi hỏi Mũi Né ăn gì cho bữa sáng
2026-06-01,mình hỏi Đi bộ biển Đà Lạt
2026-06-01,mình hỏi Booking tour Đà Lạt giá rẻ
2026-06-01,Buffet Hội An giá rẻ
2026-06-01,ad ơi Booking tour Vũng Tàu giá rẻ
2026-06-01,cho em hỏi Mùa khô ở Hà Nội
2026-06-01,cho tôi hỏi Đi chợ Hội An về đêm
2026-06-01,Nha Trang có quán nào nổi tiếng
2026-06-01,ad ơi Tôi nghe nói Sa Pa rất đẹp
2026-06-01,cho tôi hỏi Du lịch Hà Nội tự túc
2026-06-01,giá vé [xe khách](transportation) bao nhiêu
2026-06-01,mình hỏi Tour Đà Nẵng cho người già
2026-06-01,Ăn vặt Hội An
2026-06-01,làm ơn Nhà nghỉ Sa Pa giá rẻ
2026-06-01,làm ơn Chi phí thuê xe Hội An
2026-06-01,cho em hỏi Lịch trình Hội An cho người già
2026-06-01,làm ơn Đi Mũi Né dịp lễ có vui không
2026-06-01,cho tôi hỏi Homestay Mũi Né gần trung tâm
2026-06-01,mình hỏi Tour Phú Quốc cuối tuần
2026-06-01,check-in
2026-06-01,Tour Đà Nẵng 3 ngày 2 đêm
2026-06-01,ad ơi Ở Đà Nẵng mấy ngày là đủ
2026-06-01,tìm tour đi Phú Quốc [3 ngày 2 đêm](duration)
2026-06-01,cho em hỏi Ăn tối trên du thuyền Huế
2026-06-01,cho tôi hỏi Buffet Nha Trang giá rẻ
2026-06-01,tàu hỏa
2026-06-01,ad ơi Thông tin du lịch Mũi Né
2026-06-01,cho tôi hỏi Mì quảng Hà Nội
2026-06-01,Hải sản Sa Pa tươi ngon
2026-06-01,làm ơn Tắm nước nóng Hà Nội
2026-06-01,cho em hỏi Check in Đà Nẵng ở đâu
2026-06-01,mình hỏi Booking homestay Đà Nẵng giá rẻ
2026-06-01,have a nice day
2026-06-01,ad ơi Lịch trình Đà Lạt 3 ngày 2 đêm
2026-06-01,mình hỏi Tôi muốn đưa con đi Phú Quốc
2026-06-01,mình hỏi Vũng Tàu nổi tiếng về gì
2026-06-01,ad ơi Mua vé tham quan Đà Lạt
2026-06-01,cho em hỏi Đặt tour Hà Nội khuyến mãi
2026-06-01,mùa lạnh
2026-06-01,hello there
2026-06-01,trẻ dưới 2 tuổi tính vé sao
2026-06-01,làm ơn Tôi đã đi Sa Pa năm ngoái rất thích
2026-06-01,cho em hỏi Lượng mưa Đà Lạt hàng năm
2026-06-01,ad ơi Đi Nha Trang tham quan gì
2026-06-01,mình hỏi Nhóm bạn tôi định đi Vũng Tàu tháng sau
2026-06-01,tàu khách
2026-06-01,trượt tuyết
2026-06-01,Khí hậu Vũng Tàu như thế nào
2026-06-01,đi leo núi [tháng 10](month) hết bao nhiêu tiền
2026-06-01,có ai ở đó không
2026-06-01,Lặn ngắm san hô Sa Pa
2026-06-01,Khách sạn Vũng Tàu trung tâm
2026-06-01,cho em hỏi Booking tour Đà Lạt giá rẻ
2026-06-01,Hưng Yên
2026-06-01,muốn đặt tour du lịch
2026-06-01,làm ơn Các hãng bay đến Vũng Tàu
2026-06-01,cho em hỏi Bánh xèo Phú Quốc
2026-06-01,Giá vé Huế cho trẻ em
2026-06-01,làm ơn Chè Hội An ngon
2026-06-01,cho em hỏi Xe đạp đi Phú Quốc
2026-06-01,có nơi nào chill chill không bot
2026-06-01,làm ơn Top địa điểm Huế
2026-06-01,làm ơn Có gì đẹp ở Hội An
2026-06-01,ad ơi Lịch Sa Pa phù hợp
2026-06-01,đi phượt Sapa thôi
2026-06-01,trekking
2026-06-01,Tắm nước nóng Hà Nội
2026-06-01,sôi động
2026-06-01,mình hỏi Du lịch Nha Trang mùa đông
2026-06-01,Hải sản Phú Quốc tươi ngon
2026-06-01,ẩm thực
2026-06-01,cho em hỏi Ở Hà Nội ăn gì ngon
2026-06-01,cho em hỏi Quán ăn ngon ở Nha Trang
2026-06-01,làm ơn Nha Trang cách Hà Nội bao xa
2026-06-01,làm ơn Lặn biển ở Nha Trang
2026-06-01,mình muốn tìm chỗ ăn ngủ
2026-06-01,cho em hỏi Xe limousine đi Mũi Né
2026-06-01,đi [tàu hỏa](transportation) ra Đà Nẵng mất bao lâu
2026-06-01,mình hỏi Đặt tour Vũng Tàu cho đoàn
2026-06-01,mình hỏi Chi phí Mũi Né 4 ngày 3 đêm
2026-06-01,dạo này
2026-06-01,cho em hỏi Leo núi ở Mũi Né
2026-06-01,Bắc Kạn
2026-06-01,ad ơi Cắm trại Hội An
2026-06-01,ad ơi Tour Nha Trang khuyến mãi
2026-06-01,Bắc Kạn
2026-06-01,ad ơi Hải sản Hà Nội tươi ngon
2026-06-01,làm ơn Chè Hội An ngon
2026-06-01,mình hỏi Tôi đã đi Hội An năm ngoái rất thích
2026-06-01,mình hỏi Giá tour Phú Quốc bao nhiêu
2026-06-01,zipline
2026-06-01,dù lượn
2026-06-01,ad ơi Nhà nghỉ Nha Trang giá rẻ
2026-06-01,ad ơi Tour Đà Lạt khởi hành từ Hà Nội
2026-06-01,[xe khách](transportation)
2026-06-01,Booking tour Vũng Tàu giá rẻ
2026-06-01,Đi Vũng Tàu bằng xe máy
2026-06-01,ad ơi Chợ Mũi Né ẩm thực
2026-06-01,cho em hỏi Lịch trình Vũng Tàu tự túc
2026-06-01,cho tôi hỏi Mũi Né mùa nào đẹp nhất
2026-06-01,cho em hỏi Ăn vặt Hội An
2026-06-01,mình hỏi Đặt tour Mũi Né cho đoàn
2026-06-01,ad ơi Tắm nước nóng Đà Lạt
2026-06-01,làm ơn Gợi ý lịch trình Mũi Né
2026-06-01,[mùa thu](season)
2026-06-01,cho tôi hỏi Top địa điểm Huế
2026-06-01,picnic
2026-06-01,cho em hỏi Đi Vũng Tàu bằng xe máy
2026-06-01,cho em hỏi Tour Phú Quốc trọn gói bao gồm
2026-06-01,từ Sài Gòn qua Vũng Tàu
2026-06-01,gói du lịch
2026-06-01,cho tôi hỏi Tour Hội An team building
2026-06-01,cho tôi hỏi Đi Mũi Né dịp lễ có vui không
2026-06-01,Củ Chi
2026-06-01,mình muốn leo núi vào [tháng 10](month)
2026-06-01,cho em hỏi Lặn biển ở Nha Trang
2026-06-01,trượt nước
2026-06-01,cho tôi hỏi Tour Đà Nẵng nghỉ dưỡng
2026-06-01,làm ơn Nên đi Phú Quốc mấy ngày
2026-06-01,chào ngày mới
2026-06-01,cho em hỏi Tour Đà Nẵng team building
2026-06-01,nơi nào đi chơi tiết kiệm
2026-06-01,An Giang
2026-06-01,tạo giúp mình lịch trình tự túc
2026-06-01,mình hỏi Tiền ăn ở Hội An 1 ngày
2026-06-01,làm ơn Tôi nghe nói Đà Nẵng rất đẹp
2026-06-01,mình hỏi Đi Mũi Né dịp lễ có vui không
2026-06-01,ad ơi Homestay Mũi Né gần trung tâm
2026-06-01,cho em hỏi Booking tour Huế giá tốt
2026-06-01,ad ơi Đà Nẵng ăn gì cho bữa sáng
2026-06-01,sang trọng
2026-06-01,cho tôi hỏi Đi Đà Lạt mùa nào đẹp
2026-06-01,cho em hỏi Tour Nha Trang 4 ngày 3 đêm
2026-06-01,mình hỏi Chia sẻ kinh nghiệm Đà Nẵng
2026-06-01,cho tôi hỏi Review du lịch Hà Nội
2026-06-01,ad ơi Gợi ý tour Nha Trang 2 ngày
2026-06-01,cho em hỏi Tour Nha Trang 5 ngày 4 đêm
2026-06-01,cho tôi hỏi Lịch trình tour Nha Trang
2026-06-01,ad ơi Đi thuyền Hà Nội
2026-06-01,Lịch Sa Pa phù hợp
2026-06-01,cho tôi hỏi Review du lịch Hà Nội
2026-06-01,Bình Thuận
2026-06-01,làm ơn Khuyến mãi tour Phú Quốc
2026-06-01,Đi phượt Hội An bằng xe máy
2026-06-01,[cuối tuần](time_window)
2026-06-01,cho tôi hỏi Lặn biển ở Nha Trang
2026-06-01,trượt nước
2026-06-01,mình hỏi Ăn vặt Hội An
2026-06-01,tôi muốn đi Hội An
2026-06-01,cho tôi hỏi Đặt phòng khách sạn Đà Lạt
2026-06-01,mình muốn đi Nha Trang
2026-06-01,tuyệt vời
2026-06-01,làm ơn Đặt tour Đà Nẵng tiết kiệm
2026-06-01,cho tôi hỏi Xe limousine đi Hội An
2026-06-01,ad ơi Đi thuyền Vũng Tàu
2026-06-01,[lặn san hô](activity) Phú Quốc [tháng 10](month)
2026-06-01,cho tôi hỏi Tiền ăn ở Hội An 1 ngày
2026-06-01,chỗ nào leo núi đẹp vào [tháng 10](month)
2026-06-01,am I talking to a human?
2026-06-01,tài chính [10 củ](budget) quay đầu
2026-06-01,cho tôi hỏi Tour Nha Trang 4 ngày 3 đêm
2026-06-01,Villa Mũi Né hồ bơi
2026-06-01,làm ơn Tắm nước nóng Phú Quốc
2026-06-01,bai bai
2026-06-01,ad ơi Đặt tour Hội An khuyến mãi
2026-06-01,làm ơn Hà Nội nổi tiếng về gì
2026-06-01,mình hỏi Ăn tối trên du thuyền Huế
2026-06-01,làm ơn Bạn tôi gợi ý đi Sa Pa
2026-06-01,làm ơn Đặt tour Đà Nẵng tiết kiệm
2026-06-01,mua sắm
2026-06-01,mình cần lên lịch trình đi sapa
2026-06-01,cho tôi hỏi Tour Huế khuyến mãi
2026-06-01,chỗ nào chụp hình sống ảo cháy máy ta
2026-06-01,cho tôi hỏi Đặt tour Hà Nội khuyến mãi
2026-06-01,Đi phượt Hội An bằng xe máy
2026-06-01,có tour nào từ Vinh đi Đồi Chè Thanh Chương không?
2026-06-01,ad ơi Chi phí ăn uống ở Đà Lạt
2026-06-01,cho em hỏi Giá vé tham quan Sa Pa
2026-06-01,cho mình xin địa chỉ vài quán hải sản hạt dẻ ở nha trang
2026-06-01,miền Tây
2026-06-01,Booking tour Đà Lạt giá rẻ
2026-06-01,cho em hỏi Khách sạn Sa Pa gần chợ đêm
2026-06-01,chèo kayak
2026-06-01,cho tôi hỏi Thời tiết Huế tháng 12
2026-06-01,cho tôi hỏi Đi Mũi Né bằng xe máy
2026-06-01,Nhà nghỉ Đà Nẵng trung tâm
2026-06-01,làm ơn Đi bộ biển Đà Nẵng
2026-06-01,chốt luôn
2026-06-01,[tháng 8](month)
2026-06-01,Đà Lạt mưa nhiều không
2026-06-01,cho tôi hỏi Thời tiết Vũng Tàu tháng 6
2026-06-01,goodbye
2026-06-01,cho tôi hỏi Giới thiệu về Phú Quốc
2026-06-01,mình hỏi Tour Sa Pa VIP 5 sao
2026-06-01,Điểm đến Đà Lạt
2026-06-01,cho em hỏi Hải sản Hà Nội tươi ngon
2026-06-01,ad ơi Tôi muốn đưa con đi Vũng Tàu
2026-06-01,cho tôi hỏi Combo Phú Quốc trọn gói
2026-06-01,đi bằng [ô tô](transportation) cá nhân được không
2026-06-01,cho em hỏi Chia sẻ kinh nghiệm Phú Quốc
2026-06-01,[leo núi](activity) [tháng 10](month)
2026-06-01,trung tâm
2026-06-01,muốn đi [biển](category)
2026-06-01,mình hỏi Lặn ngắm san hô Nha Trang
2026-06-01,mình hỏi Đặt vé máy bay đi Hà Nội
2026-06-01,Tour Sa Pa cho người già
2026-06-01,mình hỏi Homestay đẹp ở Đà Nẵng
2026-06-01,cho em hỏi Tour Vũng Tàu giá học sinh
2026-06-01,homestay trải nghiệm
2026-06-01,cho tôi hỏi Khu nghỉ dưỡng Hội An
2026-06-01,ad ơi Sa Pa cách Hà Nội bao xa
2026-06-01,làm ơn Tour Nha Trang khuyến mãi
2026-06-01,ad ơi Phú Quốc nổi tiếng về gì
2026-06-01,từ Sài Gòn đến Đà Lạt
2026-06-01,(?i)\d+\s*(?:ngày|ngay)\s*\d+\s*(?:đêm|dem)
2026-06-01,tắm biển
2026-06-01,cho em hỏi Taxi ở Nha Trang giá rẻ
2026-06-01,cho tôi hỏi Cả nhà tôi đi Nha Trang dịp Tết
2026-06-01,Thái Nguyên
2026-06-01,ad ơi Cắm trại Huế
2026-06-01,cho em hỏi Tour Nha Trang khuyến mãi
2026-06-01,Hải sản Đà Lạt tươi ngon
2026-06-01,ad ơi Order tour Vũng Tàu
2026-06-01,làm ơn Hải sản Hà Nội tươi ngon
2026-06-01,hẹn gặp lại
2026-06-01,ad ơi Phú Quốc có gì chơi
2026-06-01,cho tôi hỏi Lặn ngắm san hô Nha Trang
2026-06-01,ad ơi Cafe view đẹp Hội An
2026-06-01,Phương tiện đi Hà Nội rẻ nhất
2026-06-01,[tháng 12](month) đi đâu ở [miền bắc](category) đẹp
2026-06-01,Bích Động
2026-06-01,làm ơn Xe limousine đi Mũi Né
2026-06-01,Từ Hà Nội đi Sa Pa bằng gì
2026-06-01,mình hỏi Công ty tôi tổ chức team building ở Phú Quốc
2026-06-01,ad ơi Vé máy bay Hội An khứ hồi
2026-06-01,cho em hỏi Dự báo thời tiết Huế
2026-06-01,mình hỏi Lịch trình Vũng Tàu tự túc
2026-06-01,good morning
2026-06-01,cho tôi hỏi Mùa mưa ở Mũi Né tháng nào
2026-06-01,mình hỏi Nhà hàng Vũng Tàu sang trọng
2026-06-01,trẻ em có miễn phí không
2026-06-01,làm ơn Xe limousine đi Mũi Né
2026-06-01,Sa Pa ăn gì cho bữa sáng
2026-06-01,Tour Vũng Tàu cho cặp đôi
2026-06-01,có xuất hóa đơn VAT không
2026-06-01,review [Phú Quốc](location) mùa này vậy
2026-06-01,làm ơn Tôi muốn tìm hiểu về Vũng Tàu
2026-06-01,làm ơn Thời tiết Vũng Tàu tháng 6
2026-06-01,giải trí
2026-06-01,làm ơn Đặt tour Đà Lạt tiết kiệm
2026-06-01,Cao Bằng
2026-06-01,cho tôi hỏi Combo Phú Quốc trọn gói
2026-06-02,cho em hỏi Nhà nghỉ Đà Nẵng trung tâm
2026-06-02,ad ơi Chia sẻ kinh nghiệm Đà Nẵng
2026-06-02,ad ơi Cảnh đẹp Mũi Né nổi tiếng
2026-06-02,ad ơi Các hãng bay đến Vũng Tàu
2026-06-02,ad ơi Đi bộ biển Mũi Né
2026-06-02,làm ơn Bánh xèo Phú Quốc
2026-06-02,cho tôi hỏi Ngắm hoàng hôn Hội An
2026-06-02,nơi nào đi chơi tiết kiệm
2026-06-02,cưỡi voi
2026-06-02,mình hỏi Phú Quốc có gì chơi
2026-06-02,leo núi
2026-06-02,mình hỏi Tôi muốn đưa con đi Mũi Né
2026-06-02,tiết kiệm
2026-06-02,làm ơn Đi Huế bao nhiêu ngày
2026-06-02,cho em hỏi Gợi ý lịch trình Mũi Né
2026-06-02,mình hỏi Booking tour Đà Nẵng giá rẻ
2026-06-02,ad ơi Mũi Né ăn gì cho bữa sáng
2026-06-02,cho tôi hỏi Thời tiết Nha Trang tháng 12
2026-06-02,ad ơi Lịch trình Phú Quốc cho gia đình
2026-06-02,sôi động
2026-06-02,cho em hỏi Đặc sản Sa Pa phải thử
2026-06-02,mình hỏi Cafe view đẹp Nha Trang
2026-06-02,mình hỏi Đi Vũng Tàu bằng xe máy
2026-06-02,ad ơi Leo núi ở Mũi Né
2026-06-02,mình hỏi Nhiệt độ Nha Trang trung bình
2026-06-02,làm ơn Đi thác Đà Nẵng tham quan
2026-06-02,cho em hỏi Lịch trình Đà Lạt 3 ngày 2 đêm
2026-06-02,Hạ Long
2026-06-02,[xe khách](transportation)
2026-06-02,cho em hỏi Mua vé tham quan Đà Lạt
2026-06-02,ad ơi Taxi ở Nha Trang giá rẻ
2026-06-02,cho tôi hỏi Khách sạn Sa Pa giá rẻ
2026-06-02,chỗ nào leo núi đẹp vào [tháng 10](month)
2026-06-02,làm ơn Lịch trình Vũng Tàu tự túc
2026-06-02,mình hỏi Sa Pa cách Hà Nội bao xa
2026-06-02,cho tôi hỏi Đi bộ biển Mũi Né
2026-06-02,làm ơn Lẩu Hà Nội ăn ở đâu
2026-06-02,ad ơi Nhiệt độ Nha Trang trung bình
2026-06-02,Chi phí du lịch Huế 3 ngày
2026-06-02,mình hỏi Giá tour Phú Quốc bao nhiêu
2026-06-02,mức giá vé như nào
2026-06-02,hòn đảo
2026-06-02,tôi muốn [lên núi](activity) chơi
2026-06-02,tàu cao tốc
2026-06-02,làm ơn Resort Mũi Né gia đình
2026-06-02,Đi Vũng Tàu bằng xe máy
2026-06-02,cho em hỏi Giá vé tham quan Sa Pa
2026-06-02,Gợi ý lịch trình Mũi Né
2026-06-02,resort
2026-06-02,cho em hỏi Phú Quốc nổi tiếng về gì
2026-06-02,mình hỏi Nhà nghỉ Sa Pa giá rẻ
2026-06-02,cao nguyên
2026-06-02,mình hỏi Book combo Huế
2026-06-02,đi [leo núi](activity) ở đâu
2026-06-02,Chi phí thuê xe Hà Nội
2026-06-02,cho em hỏi Đặt vé máy bay đi Hà Nội
2026-06-02,mình hỏi Đi Mũi Né bằng xe máy
2026-06-02,ad ơi Mì quảng Hà Nội
2026-06-02,làm ơn Hải sản Sa Pa tươi ngon
2026-06-02,cho tôi hỏi Tour Nha Trang 5 ngày 4 đêm
2026-06-02,mình hỏi Lặn ngắm san hô Sa Pa
2026-06-02,cho em hỏi Khám phá Hà Nội
2026-06-02,mình hỏi Homestay Đà Lạt cho đôi người
2026-06-02,ad ơi Đặt vé máy bay đi Hà Nội
2026-06-02,xe giường nằm
2026-06-02,chốt luôn
2026-06-02,ad ơi Đặt phòng khách sạn Đà Lạt
2026-06-02,ad ơi Phú Quốc có gì ngon
2026-06-02,ad ơi Giới thiệu về Mũi Né
2026-06-02,Dự báo thời tiết Huế
2026-06-02,gọi nhân viên thật ra đây
2026-06-02,cho tôi hỏi Đi Nha Trang tham quan gì
2026-06-02,mình hỏi Chi phí thuê xe Vũng Tàu
2026-06-02,cho em hỏi Tour Phú Quốc giá học sinh
2026-06-02,ai đang chat vậy
2026-06-02,cho em hỏi Combo Phú Quốc trọn gói
2026-06-02,cho em hỏi Ở Hà Nội ăn gì ngon
2026-06-02,cho tôi hỏi Bánh xèo Hà Nội
2026-06-02,cho tôi hỏi Chi phí du lịch Đà Lạt 3 ngày
2026-06-02,Du lịch Đà Lạt tự túc
2026-06-02,mình hỏi Chi phí ăn uống ở Đà Lạt
2026-06-02,mà thôi đi Phú Quốc
2026-06-02,mình hỏi Hội An ở đâu
2026-06-02,Vé máy bay Hội An khứ hồi
2026-06-02,bao lâu thì nhận được tiền hoàn
2026-06-02,cho em hỏi Top địa điểm Hà Nội
2026-06-02,mình hỏi Buffet Nha Trang giá rẻ
2026-06-02,làm ơn Đi bộ biển Mũi Né
2026-06-02,cho em hỏi Bài viết về Đà Lạt
2026-06-02,cho em hỏi Đi thác Đà Nẵng tham quan
2026-06-02,Order tour Vũng Tàu
2026-06-02,chào ad
2026-06-02,làm ơn Tôi muốn đưa con đi Vũng Tàu
2026-06-02,làm ơn Du lịch Hà Nội tự túc
2026-06-02,mình hỏi Đi bộ biển Đà Lạt
2026-06-02,ad ơi Buffet Hội An giá rẻ
2026-06-02,cho em hỏi Đà Nẵng ăn gì cho bữa sáng
2026-06-02,Hải Dương
2026-06-02,súp bro
2026-06-02,mua sắm
2026-06-02,Tiền ăn ở Hà Nội 1 ngày
2026-06-02,cho em hỏi Tiền ăn ở Hội An 1 ngày
2026-06-02,cho tôi hỏi Thời tiết Nha Trang tháng 12
2026-06-02,làm ơn Nhóm bạn tôi định đi Vũng Tàu tháng sau
2026-06-02,cho em hỏi Leo núi ở Mũi Né
2026-06-02,mình hỏi Lịch trình Vũng Tàu tự túc
2026-06-02,cho em hỏi Ẩm thực Hội An món gì đặc sản
2026-06-02,cho em hỏi Đi Đà Lạt 1 ngày thì đi đâu
2026-06-02,đổi sang [nhà nghỉ](category) nhé
2026-06-02,cho tôi hỏi Đi Sa Pa bằng tàu cao tốc
2026-06-02,ad ơi Sa Pa cách Hà Nội bao xa
2026-06-02,muốn thuê [villa](category) nguyên căn
2026-06-02,Nghệ An
2026-06-02,làm ơn Đi thuyền Hà Nội
2026-06-02,Ăn tối trên du thuyền Huế
2026-06-02,làm ơn Khí hậu Vũng Tàu như thế nào
2026-06-02,Homestay Đà Lạt cho đôi người
2026-06-02,cho em hỏi Du lịch Đà Lạt tự túc
2026-06-02,[khách sạn](category) nào gần trung tâm không
2026-06-02,cho tôi hỏi Đi bộ biển Đà Lạt
2026-06-02,Vịnh Lan Hạ
2026-06-02,karaoke
2026-06-02,ad ơi Chi phí thuê xe Vũng Tàu
2026-06-02,mình hỏi Kỳ nghỉ Hà Nội
2026-06-02,đi Sapa [leo núi](activity)
2026-06-02,cho tôi hỏi Đi Vũng Tàu bao nhiêu ngày
2026-06-02,làm ơn Combo Phú Quốc trọn gói
2026-06-02,cho em hỏi Tôi đã đi Sa Pa năm ngoái rất thích
2026-06-02,cho tôi hỏi Nhà nghỉ Mũi Né giá rẻ
2026-06-02,mình hỏi Đi chợ Hội An về đêm
2026-06-02,Yên Bái
2026-06-02,mình hỏi Nha Trang ăn gì cho bữa sáng
2026-06-02,10 điểm cho shop
2026-06-02,mình hỏi Đặt phòng khách sạn Đà Lạt
2026-06-02,cám ơn bot nhé bye
2026-06-02,cho em hỏi Tôi muốn đưa con đi Phú Quốc
2026-06-02,giá rẻ
2026-06-02,cho em hỏi Đi chợ Hội An về đêm
2026-06-02,mình hỏi Dự báo thời tiết Huế
2026-06-02,dịp lễ [30/4](time_window) nên đi tỉnh nào
2026-06-02,Điểm đến Đà Lạt
2026-06-02,cho tôi hỏi Tour Nha Trang khuyến mãi
2026-06-02,mình hỏi Tour Đà Nẵng 3 ngày 2 đêm
2026-06-02,chính xác
2026-06-02,khu cắm trại
2026-06-02,ad ơi Nhiệt độ Phú Quốc trung bình
2026-06-02,cho tôi hỏi Tour Sa Pa trọn gói bao gồm
2026-06-02,cho tôi hỏi Tour Hội An nghỉ dưỡng
2026-06-02,mình hỏi Lặn ngắm san hô Sa Pa
2026-06-02,đi [leo núi](activity) ở đâu
2026-06-02,làm ơn Khám phá Hà Nội
2026-06-02,tui mún đi Đà Nẵng [4 ngày 3 đêm](duration) ngân sách cỡ [5 củ](budget)
2026-06-02,mức giá vé như nào
2026-06-02,xin bảng giá chi tiết
2026-06-02,cho tôi hỏi Thời tiết Vũng Tàu tháng 6
2026-06-02,Thanh Hóa
2026-06-02,mình muốn đi Đà Lạt
2026-06-02,mình hỏi Căn hộ Phú Quốc view đẹp
2026-06-02,làm ơn Đặt tour Hội An khuyến mãi
2026-06-02,mình hỏi Tour Huế khuyến mãi
2026-06-02,Bình Phước
2026-06-02,cho em hỏi Homestay Mũi Né gần trung tâm
2026-06-02,cho tôi hỏi Đi Mũi Né bằng xe máy
2026-06-02,làm ơn Vợ chồng tôi cưới ở Hội An
2026-06-02,ad ơi Khách sạn Nha Trang gần sân bay
2026-06-02,mình hỏi Đi Mũi Né dịp lễ có vui không
2026-06-02,làm ơn Giới thiệu về Phú Quốc
2026-06-02,mình hỏi Quán ăn ngon ở Hội An
2026-06-02,Cả nhà tôi đi Huế dịp Tết
2026-06-02,cho em hỏi Đi bộ biển Đà Nẵng
2026-06-02,Tour Đà Nẵng 3 ngày 2 đêm
2026-06-02,từ Sài Gòn qua Vũng Tàu
2026-06-02,cho em hỏi Villa Mũi Né hồ bơi
2026-06-02,tới Hạ Long đi xe gì hợp lý
2026-06-02,ronaldo hay messi đá hay hơn
2026-06-02,cho em hỏi Nhiệt độ Sa Pa trung bình
2026-06-02,ad ơi Ở Hà Nội ăn gì ngon
2026-06-02,book tour
2026-06-02,hello ad
2026-06-02,làm ơn Ẩm thực Hội An món gì đặc sản
2026-06-02,làm ơn Đặt tour Hà Nội khuyến mãi
2026-06-02,ad ơi Thời tiết Huế tháng 12
2026-06-02,làm ơn Bạn tôi gợi ý đi Mũi Né
2026-06-02,[đi trekking](activity)
2026-06-02,mình hỏi Tour Vũng Tàu 5 ngày 4 đêm
2026-06-02,Công ty tôi tổ chức team building ở Phú Quốc
2026-06-02,Vĩnh Long
2026-06-02,có tour nào dưới [2 triệu](budget) không
2026-06-02,ad ơi Phú Quốc nổi tiếng về gì
2026-06-02,xe lửa
2026-06-02,mình hỏi Review du lịch Huế
2026-06-02,cho tôi hỏi Căn hộ Phú Quốc view đẹp
2026-06-02,bé 4 tuổi thì phụ thu thế nào
2026-06-02,ad ơi Check in Huế ở đâu
2026-06-02,tour đà lạt 3 ngày 2 đêm này giá chính xác bao nhiêu
2026-06-02,tắm biển
2026-06-02,xe đạp điện
2026-06-02,ad ơi Mùa khô ở Hà Nội
2026-06-02,cho hỏi giá phòng 1 đêm
2026-06-02,Hồ Chí Minh
2026-06-02,gợi ý nơi [đi cáp treo](activity)
2026-06-02,khu cắm trại
2026-06-02,địa chỉ ăn hải sản ngon bổ rẻ
2026-06-02,cho em hỏi Nhiệt độ Phú Quốc trung bình
2026-06-02,từ Hà Nội đi Hà Giang
2026-06-02,tư vấn tour [4 ngày 3 đêm](duration)
2026-06-02,cho tôi hỏi Đi thuyền Vũng Tàu
2026-06-02,mình hỏi Tour Đà Lạt khởi hành từ Hà Nội
2026-06-02,làm ơn Giá tour Phú Quốc bao nhiêu
2026-06-02,Mũi Né
2026-06-02,mình xuất phát từ Đà Nẵng
2026-06-02,làm ơn Tour Sa Pa VIP 5 sao
2026-06-02,ad ơi Vợ chồng tôi cưới ở Phú Quốc
2026-06-02,rổ giá như nào
2026-06-02,ad ơi Tour Huế team building
2026-06-02,cho em hỏi Giới thiệu về Mũi Né
2026-06-02,cho em hỏi Tour Phú Quốc cho cặp đôi
2026-06-02,ad ơi Kinh phí đi Vũng Tàu tiết kiệm
2026-06-02,làm ơn Chia sẻ kinh nghiệm Sa Pa
2026-06-02,mình hỏi Tôi đã đi Sa Pa năm ngoái rất thích
2026-06-02,chèo sup
2026-06-02,ad ơi Tôi muốn tìm hiểu về Vũng Tàu
2026-06-02,cho em hỏi Booking tour Đà Lạt giá rẻ
2026-06-02,mình hỏi Tour Đà Nẵng 4 ngày 3 đêm
2026-06-02,ad ơi Nhiệt độ Sa Pa trung bình
2026-06-02,mình hỏi Tour Vũng Tàu 3 ngày 2 đêm
2026-06-02,làm ơn Tour Huế khuyến mãi
2026-06-02,Homestay Mũi Né gần trung tâm
2026-06-02,ad ơi Bánh xèo Phú Quốc
2026-06-02,bitcoin đang giá bao nhiêu
2026-06-02,xịn xò
2026-06-02,cho tôi hỏi Phương tiện đi Hà Nội rẻ nhất
2026-06-02,làm nông
2026-06-02,du lịch [500 nghìn](budget) có lựa chọn nào không
2026-06-02,viết bài văn tả con mèo
2026-06-02,mình hỏi Homestay đẹp ở Hà Nội
2026-06-02,làm ơn Tôi muốn đưa con đi Mũi Né
2026-06-02,dạo này stress quá có chỗ nào [yên tĩnh](category) đi [vài ngày](duration) không
2026-06-02,mình hỏi Lịch trình tour Nha Trang
2026-06-02,cho em hỏi Tôi nghe nói Sa Pa rất đẹp
2026-06-02,cho tôi hỏi Thời gian lý tưởng đi Vũng Tàu
2026-06-02,từ Hà Nội đến Hà Giang
2026-06-02,Các hãng bay đến Vũng Tàu
2026-06-02,cho tôi hỏi Nha Trang ăn gì cho bữa sáng
2026-06-02,cho tôi hỏi Chi phí du lịch Nha Trang 3 ngày
2026-06-02,Bánh xèo Phú Quốc
2026-06-02,đi từ [tháng 9](month_from) sang [tháng 11](month_to) thì có chỗ nào đẹp
2026-06-02,chơi game
2026-06-02,nhà trọ
2026-06-02,ad ơi Chi phí thuê xe Hà Nội
2026-06-02,[10tr](budget)
2026-06-02,Khách sạn Vũng Tàu trung tâm
2026-06-02,cho tôi hỏi Lẩu Hà Nội ăn ở đâu
2026-06-02,tìm [chỗ ở](category) quanh Đà Lạt
2026-06-02,[tháng 8](month)
2026-06-02,mình hỏi Xe giường nằm đi Huế
2026-06-02,mình hỏi Nên đi Phú Quốc mấy ngày
2026-06-02,cho tôi hỏi Nhà nghỉ Đà Nẵng trung tâm
2026-06-02,indeed
2026-06-02,cho tôi hỏi Tour Hội An team building
2026-06-02,đang muốn set kèo đi Vũng Tàu
2026-06-02,Chi phí thuê xe Hà Nội
2026-06-02,check-in
2026-06-02,làm ơn Tour Đà Nẵng cho người già
2026-06-02,cho em hỏi Xe limousine đi Hội An
2026-06-02,tìm [homestay](category) view đẹp ở [Đà Lạt](location)
2026-06-02,cho tôi hỏi Giá vé tham quan Sa Pa
2026-06-02,mình hỏi Tàu hỏa Huế bao nhiêu tiền
2026-06-02,đi [săn mây](activity) ở đâu
2026-06-02,cho tôi hỏi Đặt tour Mũi Né cho đoàn
2026-06-02,thông tin chi tiết tour đà nẵng
2026-06-02,cho em hỏi Nên đi Phú Quốc mấy ngày
2026-06-02,ad ơi Phú Quốc nổi tiếng về gì
2026-06-02,cho em hỏi Thời tiết Vũng Tàu tháng 6
2026-06-02,Điểm đến Đà Lạt
2026-06-02,cho em hỏi Điểm đến Đà Lạt
2026-06-02,Combo Phú Quốc trọn gói
2026-06-02,cách di chuyển từ sân bay về khách sạn
2026-06-02,làm ơn Nhiệt độ Phú Quốc trung bình
2026-06-02,làm ơn Cắm trại Huế
2026-06-02,Điểm đến Đà Lạt
2026-06-02,Tour Nha Trang khuyến mãi
2026-06-02,gợi ý chỗ nào đi chữa lành healing với bot
2026-06-02,làm ơn Tour Hội An nghỉ dưỡng
2026-06-02,Phương tiện đi Hà Nội rẻ nhất
2026-06-02,thôi đi Vũng Tàu
2026-06-02,Booking tour Vũng Tàu giá rẻ
2026-06-02,zipline
2026-06-02,mình hỏi Đi Hội An dịp lễ có vui không
2026-06-02,ad ơi Buffet Nha Trang giá rẻ
2026-06-02,cho em hỏi Hải sản Đà Lạt tươi ngon
2026-06-02,ad ơi Cảnh đẹp Mũi Né nổi tiếng
2026-06-02,cho tôi hỏi Booking tour Vũng Tàu giá rẻ
2026-06-02,làm ơn Leo núi ở Mũi Né
2026-06-02,mình hỏi Tour Đà Lạt khởi hành từ Hà Nội
2026-06-02,cho em hỏi Đặt tour Mũi Né cho đoàn
2026-06-02,làm ơn Check in Huế ở đâu
2026-06-02,làm ơn Đặt phòng khách sạn Đà Lạt
2026-06-02,cho em hỏi Dự báo thời tiết Huế
2026-06-02,làm ơn Chi phí du lịch Nha Trang 3 ngày
2026-06-03,mình muốn đi Phú Quốc
2026-06-03,cho em hỏi Khu nghỉ dưỡng Hội An
2026-06-03,thuê [resort](category) [đà nẵng](location)
2026-06-03,mình hỏi Đi phượt Hội An bằng xe máy
2026-06-03,tui mún đi Đà Nẵng [4 ngày 3 đêm](duration) ngân sách cỡ [5 củ](budget)
2026-06-03,Kinh phí đi Sa Pa tiết kiệm
2026-06-03,cho em hỏi Tôi ở Vũng Tàu rồi muốn đi tiếp
2026-06-03,mình hỏi Phú Quốc có gì ngon
2026-06-03,Hải sản Phú Quốc tươi ngon
2026-06-03,cho tôi hỏi Chi phí đi Vũng Tàu tự túc
2026-06-03,mình hỏi Phương tiện đi Hà Nội rẻ nhất
2026-06-03,cho tôi hỏi Chi phí du lịch Đà Lạt 3 ngày
2026-06-03,cho em hỏi Tour Hội An nghỉ dưỡng
2026-06-03,làm ơn Tôi muốn đưa con đi Đà Lạt
2026-06-03,mình hỏi Tour Huế cho cặp đôi
2026-06-03,let's go
2026-06-03,ad ơi Tôi muốn đưa con đi Phú Quốc
2026-06-03,Vợ chồng tôi cưới ở Hội An
2026-06-03,mình hỏi Chèo thuyền ở Đà Lạt
2026-06-03,cho em hỏi Chèo thuyền ở Đà Lạt
2026-06-03,Xe giường nằm đi Huế
2026-06-03,mình hỏi Tiền ăn ở Hội An 1 ngày
2026-06-03,làm ơn Đặt vé máy bay đi Hà Nội
2026-06-03,ad ơi Vợ chồng tôi cưới ở Hội An
2026-06-03,dã ngoại
2026-06-03,đi leo núi [tháng 10](month) hết bao nhiêu tiền
2026-06-03,cho em hỏi Tour Vũng Tàu cho cặp đôi
2026-06-03,cho em hỏi Cắm trại Hội An
2026-06-03,Cao Bằng
2026-06-03,mình hỏi Xe limousine đi Mũi Né
2026-06-03,mình hỏi Đi phượt Sa Pa bằng xe máy
2026-06-03,dạo này stress quá có chỗ nào [yên tĩnh](category) đi [vài ngày](duration) không
2026-06-03,còn Phú Quốc thì sao
2026-06-03,cho tôi hỏi Check in Đà Nẵng ở đâu
2026-06-03,[nhà nghỉ](category) thì sao
2026-06-03,ad ơi Căn hộ Hội An view đẹp
2026-06-03,thanh toán qua chuyển khoản được không
2026-06-03,làm ơn Chè Hội An ngon
2026-06-03,có gói combo [nhà hàng](category) [khách sạn](category) nào ở Kim Liên rẻ rẻ không
2026-06-03,làm ơn Lặn ngắm san hô Sa Pa
2026-06-03,Fansipan
2026-06-03,cho em hỏi Đi phượt Hội An bằng xe máy
2026-06-03,chơi game
2026-06-03,tầm [10 củ](budget)
2026-06-03,tui mún đi Đà Nẵng [4 ngày 3 đêm](duration) ngân sách cỡ [5 củ](budget)
2026-06-03,cho mình xem vài [khu nghỉ dưỡng](category)
2026-06-03,Tắm nước nóng Đà Lạt
2026-06-03,ad ơi Đặt vé máy bay đi Sa Pa
2026-06-03,cho em hỏi Cafe view đẹp Hội An
2026-06-03,ad ơi Bạn tôi gợi ý đi Mũi Né
2026-06-03,mình hỏi Tour Nha Trang khuyến mãi
2026-06-03,nên đi những đâu trong [3 ngày](duration)
2026-06-03,mình hỏi Ẩm thực Hà Nội món gì đặc sản
2026-06-03,tour đà lạt 3 ngày 2 đêm này giá chính xác bao nhiêu
2026-06-03,Điểm đến Đà Lạt
2026-06-03,Lịch trình Phú Quốc cho gia đình
2026-06-03,ad ơi Tour Nha Trang 4 ngày 3 đêm
2026-06-03,book tour
2026-06-03,cho em hỏi Ở Đà Nẵng mấy ngày là đủ
2026-06-03,cho em hỏi Nên đi Phú Quốc mấy ngày
2026-06-03,[10 triệu](budget)
2026-06-03,ad ơi Tour Phú Quốc 4 ngày 3 đêm
2026-06-03,Đặt tour Hội An khuyến mãi
2026-06-03,làm ơn Chia sẻ kinh nghiệm Vũng Tàu
2026-06-03,làm ơn Homestay Đà Lạt cho đôi người
2026-06-03,ad ơi Khách sạn Sa Pa giá rẻ
2026-06-03,ad ơi Vũng Tàu nổi tiếng về gì
2026-06-03,trung tâm
2026-06-03,làm ơn Gợi ý tour Nha Trang 2 ngày
2026-06-03,Long An
2026-06-03,cho tôi hỏi Mùa khô ở Hà Nội
2026-06-03,làm ơn Gợi ý lịch trình Mũi Né
2026-06-03,mình hỏi Căn hộ Hội An view đẹp
2026-06-03,chốt luôn
2026-06-03,[xe khách](transportation)
2026-06-03,view hồ
2026-06-03,làm ơn Nên đi Mũi Né không
2026-06-03,từ Hà Nội đi Sapa bằng [xe khách](transportation)
2026-06-03,Nha Trang
2026-06-03,tư vấn lịch trình
2026-06-03,làm ơn Đi thuyền Vũng Tàu
2026-06-03,cho em hỏi Du lịch Hà Nội tự túc
2026-06-03,mình hỏi Ăn vặt Huế
2026-06-03,cho em hỏi Nha Trang có quán nào nổi tiếng
2026-06-03,indeed
2026-06-03,Lượng mưa Đà Lạt hàng năm
2026-06-03,mình hỏi Kinh nghiệm đi Đà Nẵng lần đầu
2026-06-03,ad ơi Tour Hà Nội cho gia đình
2026-06-03,mình muốn đi Đà Lạt
2026-06-03,nghỉ dưỡng
2026-06-03,cáp treo
2026-06-03,cho em hỏi Thông tin du lịch Mũi Né
2026-06-03,tôi muốn [trekking](activity)
2026-06-03,miền Tây
2026-06-03,Kỳ nghỉ Hà Nội
2026-06-03,cho em hỏi Kinh phí đi Huế tiết kiệm
2026-06-03,đi [tàu hỏa](transportation) ra Đà Nẵng mất bao lâu
2026-06-03,cho tôi hỏi Ăn vặt Hội An
2026-06-03,cho em hỏi Phương tiện đi Hà Nội rẻ nhất
2026-06-03,Tắm nước nóng Hà Nội
2026-06-03,làm ơn Thời tiết Nha Trang tháng 12
2026-06-03,làm ơn Phú Quốc có gì ngon
2026-06-03,ad ơi Khuyến mãi tour Phú Quốc
2026-06-03,mình hỏi Booking homestay Đà Nẵng giá rẻ
2026-06-03,cho em hỏi Khách sạn Vũng Tàu trung tâm
2026-06-03,chữa lành
2026-06-03,mình hỏi Chi phí du lịch Hà Nội 3 ngày
2026-06-03,làm ơn Bạn tôi gợi ý đi Sa Pa
2026-06-03,mình hỏi Xe khách đi Hội An giờ nào
2026-06-03,đi [máy bay](transportation) nhé
2026-06-03,Cả nhà tôi đi Nha Trang dịp Tết
2026-06-03,Đồi chè Cầu Đất
2026-06-03,làm ơn Đặc sản Đà Nẵng phải thử
2026-06-03,cho em hỏi Xe khách đi Hội An giờ nào
2026-06-03,mình hỏi Vợ chồng tôi cưới ở Hội An
2026-06-03,cho em hỏi Kinh phí đi Sa Pa tiết kiệm
2026-06-03,Hà Nội nổi tiếng về gì
2026-06-03,Tour Phú Quốc cuối tuần
2026-06-03,mình hỏi Chi phí thuê xe Vũng Tàu
2026-06-03,mình hỏi Chia sẻ kinh nghiệm Sa Pa
2026-06-03,ad ơi Cả nhà tôi đi Nha Trang dịp Tết
2026-06-03,check-in
2026-06-03,cho tôi hỏi Nên đi Phú Quốc mấy ngày
2026-06-03,cho em hỏi Gợi ý tour Nha Trang 2 ngày
2026-06-03,làm ơn Hải sản Phú Quốc tươi ngon
2026-06-03,Book combo Huế
2026-06-03,sôi động
2026-06-03,mình hỏi Mùa khô ở Hà Nội
2026-06-03,làm ơn Chi phí du lịch Nha Trang 3 ngày
2026-06-03,Nha Trang
2026-06-03,cho em hỏi Kỳ nghỉ Hà Nội
2026-06-03,cho em hỏi Công ty tôi tổ chức team building ở Mũi Né
2026-06-03,cho tôi hỏi Kinh phí đi Đà Nẵng tiết kiệm
2026-06-03,muốn đi Đà Nẵng [tháng 5](month) với ngân sách [6 củ](budget)
2026-06-03,đà lạt đợt này có lễ hội gì không
2026-06-03,giá có hạt dẻ không
2026-06-03,cho tôi hỏi Nhà nghỉ Sa Pa giá rẻ
2026-06-03,Taxi ở Nha Trang giá rẻ
2026-06-03,cho em hỏi Tour Vũng Tàu 3 ngày 2 đêm
2026-06-03,mình hỏi Tôi ở Phú Quốc rồi muốn đi tiếp
2026-06-03,muốn từ Sài Gòn ra Phú Quốc
2026-06-03,mình hỏi Đi Đà Lạt trong 2 ngày
2026-06-03,ad ơi Cafe view đẹp Hà Nội
2026-06-03,good night
2026-06-03,Đà Nẵng
2026-06-03,Đi thuyền Vũng Tàu
2026-06-03,ad ơi Review du lịch Huế
2026-06-03,ad ơi Ẩm thực Hội An món gì đặc sản
2026-06-03,cho em hỏi Buffet Nha Trang giá rẻ
2026-06-03,đặt [phòng](category) [khách sạn](category) [Đà Lạt](location)
2026-06-03,cho tôi hỏi Tour Sa Pa trọn gói bao gồm
2026-06-03,cho tôi hỏi Lịch trình Đà Lạt 3 ngày 2 đêm
2026-06-03,cho em hỏi Combo Phú Quốc trọn gói
2026-06-03,cho tôi hỏi Booking tour Huế giá tốt
2026-06-03,limousine
2026-06-03,cách trồng cây bonsai
2026-06-03,cho tôi hỏi Top địa điểm Hà Nội
2026-06-03,Tam Cốc
2026-06-03,cho tôi hỏi Thời gian lý tưởng đi Vũng Tàu
2026-06-03,cách sắp xếp thời gian đi Hà Giang
2026-06-03,có điểm nào ăn uống ngon không
2026-06-03,Đi Mũi Né bằng xe máy
2026-06-03,đi [lặn san hô](activity) ở đâu
2026-06-03,mình hỏi Buffet Nha Trang giá rẻ
2026-06-03,cho tôi hỏi Bài viết về Đà Lạt
2026-06-03,ad ơi Công ty tôi tổ chức team building ở Mũi Né
2026-06-03,Đi Huế bao nhiêu ngày
2026-06-03,mình hỏi Vũng Tàu nổi tiếng về gì
2026-06-03,ad ơi Mũi Né ăn gì cho bữa sáng
2026-06-03,làm ơn Giá vé tham quan Sa Pa
2026-06-03,ad ơi Tour Hội An team building
2026-06-03,cho tôi hỏi Check in Hà Nội ở đâu
2026-06-03,làm ơn Kinh nghiệm đi Đà Nẵng lần đầu
2026-06-03,thành phố
2026-06-03,mình hỏi Villa Mũi Né hồ bơi
2026-06-03,cho em hỏi Đà Lạt có homestay nào đẹp
2026-06-03,cho em hỏi Thời gian lý tưởng đi Vũng Tàu
2026-06-03,không phải
2026-06-03,cách sắp xếp thời gian đi Hà Giang
2026-06-03,thôi cho tôi đi Nha Trang
2026-06-03,cho em hỏi Gợi ý tour Mũi Né 2 ngày
2026-06-03,mình hỏi Hải sản Đà Lạt tươi ngon
2026-06-03,làm ơn Quán ăn ngon ở Hội An
2026-06-03,cho em hỏi Ẩm thực Hà Nội món gì đặc sản
2026-06-03,Đặt tour Đà Lạt tiết kiệm
2026-06-03,từ sân bay có xe bus không
2026-06-03,mình hỏi Resort Mũi Né gia đình
2026-06-03,làm ơn Từ Hà Nội đi Sa Pa bằng gì
2026-06-03,ad ơi Mũi Né ăn gì cho bữa sáng
2026-06-03,mình hỏi Du lịch Đà Nẵng tự túc
2026-06-03,[đi trekking](activity)
2026-06-03,ad ơi Ăn vặt Hội An
2026-06-03,road trip
2026-06-03,mình hỏi Đi Mũi Né dịp lễ có vui không
2026-06-03,Gợi ý lịch trình Mũi Né
2026-06-03,Đặt vé máy bay đi Sa Pa
2026-06-03,ad ơi Đi Huế bao nhiêu ngày
2026-06-03,cho tôi hỏi Homestay Mũi Né gần trung tâm
2026-06-03,cho tôi hỏi Kinh phí đi Huế tiết kiệm
2026-06-03,cho tôi hỏi Đi Vũng Tàu bằng xe máy
2026-06-03,cho em hỏi Lịch trình Vũng Tàu tự túc
2026-06-03,cho tôi hỏi Homestay Huế view đẹp
2026-06-03,cho mình hỏi giá vé cáp treo vinpearl
2026-06-03,mình hỏi Chợ Mũi Né ẩm thực
2026-06-03,cầm [10 củ](budget) đi Đà Lạt đủ không
2026-06-03,Tour Đà Nẵng team building
2026-06-03,cám ơn bot nhé bye
2026-06-03,mình hỏi Cafe view đẹp Nha Trang
2026-06-03,upcoming
2026-06-03,leo núi nhân tạo
2026-06-03,mình muốn book tour
2026-06-03,gợi ý nơi giá rẻ
2026-06-03,mình hỏi Quán ăn ngon ở Nha Trang
2026-06-03,làm ơn Hải sản Sa Pa tươi ngon
2026-06-03,tìm [homestay](category)
2026-06-03,ad ơi Đặt vé máy bay đi Sa Pa
2026-06-03,cho tôi hỏi Khu nghỉ dưỡng Sa Pa
2026-06-03,cho em hỏi Tour Hội An nghỉ dưỡng
2026-06-03,ad ơi Hà Nội nổi tiếng về gì
2026-06-03,cho em hỏi Tour Nha Trang 5 ngày 4 đêm
2026-06-03,ad ơi Kỳ nghỉ Hà Nội
2026-06-03,Đi Đà Lạt 1 ngày thì đi đâu
2026-06-03,cho tôi hỏi Booking tour Vũng Tàu giá rẻ
2026-06-03,cho tôi hỏi Đặt tour Đà Lạt tiết kiệm
2026-06-03,mà thôi đi Phú Quốc
2026-06-03,Bạc Liêu
2026-06-03,xin bảng giá chi tiết
2026-06-03,Tour Nha Trang khuyến mãi
2026-06-03,mình hỏi Order tour Vũng Tàu
2026-06-03,tìm [chỗ ở](category) quanh Đà Lạt
2026-06-03,Đà Nẵng
2026-06-03,mình hỏi Giới thiệu về Mũi Né
2026-06-03,thôi thì cho mình đi Sapa vậy
2026-06-03,làm ơn Bài viết về Đà Nẵng
2026-06-03,10 điểm cho shop
2026-06-03,Homestay Vũng Tàu view đẹp
2026-06-03,Nhóm bạn tôi định đi Vũng Tàu tháng sau
2026-06-03,mình hỏi Khuyến mãi tour Phú Quốc
2026-06-03,ad ơi Công ty tôi tổ chức team building ở Phú Quốc
2026-06-03,mình hỏi Chè Hội An ngon
2026-06-03,ai đang chat vậy
2026-06-03,sài gòn
2026-06-03,cho em hỏi Ẩm thực Hà Nội món gì đặc sản
2026-06-03,cee you later
2026-06-03,miền biển
2026-06-03,cho em hỏi Review du lịch Huế
2026-06-03,cách di chuyển từ sân bay về khách sạn
2026-06-03,Leo núi ở Mũi Né
2026-06-03,ad ơi Mua vé tham quan Đà Lạt
2026-06-03,làm ơn Tour Hội An nghỉ dưỡng
2026-06-03,Đi bộ biển Đà Nẵng
2026-06-03,làm ơn Tour Nha Trang 4 ngày 3 đêm
2026-06-03,lúc khác nhắn tiếp
2026-06-03,Gia Lai
2026-06-03,cho tôi hỏi Xe đạp đi Phú Quốc
2026-06-03,làm nông
2026-06-03,tìm cho mình tour đi Đà Lạt
2026-06-03,bạn ăn cơm chưa
2026-06-03,cho tôi hỏi Kinh phí đi Sa Pa tiết kiệm
2026-06-03,mình hỏi Đi thác Đà Nẵng tham quan
2026-06-03,Hậu Giang
2026-06-03,ad ơi Homestay Vũng Tàu view đẹp
2026-06-03,nghỉ hè
2026-06-03,vé vào cửa đắt không
2026-06-03,cho em hỏi Order tour Vũng Tàu
2026-06-03,làm ơn Đi thác Đà Nẵng tham quan
2026-06-03,làm ơn Đi Mũi Né dịp lễ có vui không
2026-06-03,quán bar
2026-06-03,cho tôi hỏi Mùa mưa ở Mũi Né tháng nào
2026-06-03,làm ơn Tôi đã đi Hội An năm ngoái rất thích
2026-06-03,nơi nào đi chơi tiết kiệm
2026-06-03,Phú Quốc
2026-06-03,cho tôi hỏi Căn hộ Phú Quốc view đẹp
2026-06-03,mình hỏi Xe giường nằm đi Huế
2026-06-03,cho tôi hỏi Mũi Né mùa nào đẹp nhất
2026-06-03,cho tôi hỏi Kinh phí đi Vũng Tàu tiết kiệm
2026-06-03,cho tôi hỏi Resort Mũi Né gia đình
2026-06-03,miền Trung
2026-06-03,cho tôi hỏi Lịch trình Phú Quốc cho gia đình
2026-06-03,đồng bằng
2026-06-03,ưng ý lắm
2026-06-03,cho em hỏi Du lịch Hà Nội tự túc
2026-06-03,mình hỏi Đi Mũi Né dịp lễ có vui không
2026-06-03,cho tôi hỏi Vợ chồng tôi cưới ở Phú Quốc
2026-06-03,tour đà lạt đi bằng xe giường nằm hay xe ngồi
2026-06-03,mình hỏi Lịch trình Đà Lạt 3 ngày 2 đêm
2026-06-03,làm ơn Hà Nội ở đâu
2026-06-03,nghỉ hè
2026-06-03,mình hỏi Khu nghỉ dưỡng Sa Pa
2026-06-03,Vĩnh Phúc
2026-06-03,ad ơi Hải sản Sa Pa tươi ngon
2026-06-03,kể cho tôi một câu chuyện cười
2026-06-03,khoảng [3 ngày](duration)
2026-06-03,tôi muốn đi Vũng Tàu
2026-06-03,mình hỏi Ẩm thực Hà Nội món gì đặc sản
2026-06-03,đi nước ngoài cần chuẩn bị visa không
2026-06-03,miền Nam
2026-06-03,mình hỏi Chi phí thuê xe Hà Nội
2026-06-03,ad ơi Đi phượt Hội An bằng xe máy
2026-06-03,mình hỏi Booking tour Nha Trang giá tốt
2026-06-04,Lạng Sơn
2026-06-04,làm ơn Phú Quốc có gì chơi
2026-06-04,ad ơi Vũng Tàu nổi tiếng về gì
2026-06-04,bitcoin đang giá bao nhiêu
2026-06-04,Bắc Kạn
2026-06-04,cho em hỏi Thời gian lý tưởng đi Vũng Tàu
2026-06-04,ad ơi Tour Nha Trang khuyến mãi
2026-06-04,cho hỏi thêm xíu nha
2026-06-04,xin list đồ ăn vặt
2026-06-04,mình hỏi Tiền ăn ở Hà Nội 1 ngày
2026-06-04,cưỡi voi
2026-06-04,ad ơi Hải sản Phú Quốc tươi ngon
2026-06-04,làm ơn Mùa khô ở Hà Nội
2026-06-04,làm ơn Từ Hà Nội đi Sa Pa bằng gì
2026-06-04,am i talking to a bot?
2026-06-04,mình muốn đi Nha Trang
2026-06-04,mình hỏi Thông tin du lịch Mũi Né
2026-06-04,Thời tiết Huế tháng 12
2026-06-04,Thông tin du lịch Mũi Né
2026-06-04,cho em hỏi Đi thuyền Vũng Tàu
2026-06-04,ví đang mỏng có đi được không
2026-06-04,chính sách đổi trả ra sao
2026-06-04,ad ơi Khách sạn Sa Pa gần chợ đêm
2026-06-04,cho tôi hỏi gợi ý lịch trình mũi né
2026-06-04,cho tôi hỏi Đi Mũi Né dịp lễ có vui không
2026-06-04,good afternoon
2026-06-04,làm ơn Giá vé Huế cho trẻ em
2026-06-04,sống ảo
2026-06-04,Mùa khô ở Hà Nội
2026-06-04,[2 củ](budget)
2026-06-04,cho em hỏi Phú Quốc nổi tiếng về gì
2026-06-04,cho em hỏi Resort Mũi Né gia đình
2026-06-04,làm ơn Đi Nha Trang tham quan gì
2026-06-04,Khách sạn Sa Pa gần chợ đêm
2026-06-04,Villa Mũi Né hồ bơi
2026-06-04,cho em hỏi Xe khách đi Hội An giờ nào
2026-06-04,làm ơn Đi Huế bao nhiêu ngày
2026-06-04,Bạn tôi gợi ý đi Mũi Né
2026-06-04,Hải sản Sa Pa tươi ngon
2026-06-04,ad ơi Check in Đà Nẵng ở đâu
2026-06-04,ad ơi Các hãng bay đến Vũng Tàu
2026-06-04,cho tôi hỏi Giá tour Phú Quốc bao nhiêu
2026-06-04,cho em hỏi Hải sản Phú Quốc tươi ngon
2026-06-04,Du lịch Đà Lạt tự túc
2026-06-04,mình hỏi Đặt tour Mũi Né cho đoàn
2026-06-04,cho tôi hỏi Tàu hỏa Huế bao nhiêu tiền
2026-06-04,cho em hỏi Phú Quốc có gì chơi
2026-06-04,Tour Vũng Tàu cho cặp đôi
2026-06-04,"tôi muốn đi du lịch [mùa hè](season), ngân sách [1 triệu](budget)"
2026-06-04,biệt thự
2026-06-04,mức giá vé như nào
2026-06-04,làm ơn Tour Sa Pa cho người già
2026-06-04,nơi nào có thể [cắm trại](activity)
2026-06-04,chính sách đổi trả ra sao
2026-06-04,làm ơn Giới thiệu về Phú Quốc
2026-06-04,[5 triệu](budget)
2026-06-04,làm ơn Câu cá ở Đà Nẵng
2026-06-04,cho em hỏi Tôi muốn đưa con đi Phú Quốc
2026-06-04,khách sạn sa pa giá rẻ
2026-06-04,good morning
2026-06-04,làm ơn Đi Vũng Tàu bao nhiêu ngày
2026-06-04,phố núi
2026-06-04,làm ơn Chèo thuyền ở Đà Lạt
2026-06-04,cho tôi hỏi Đi Đà Lạt mùa nào đẹp
2026-06-04,cho tôi hỏi Thông tin du lịch Mũi Né
2026-06-04,làm ơn Khí hậu Vũng Tàu như thế nào
2026-06-04,ad ơi Tour Hội An nghỉ dưỡng
2026-06-04,cho em hỏi Các hãng bay đến Vũng Tàu
2026-06-04,điểm nào dành cho hệ học sinh sinh viên
2026-06-04,mình hỏi Tour Đà Nẵng cho người già
2026-06-04,làm ơn Tour Đà Nẵng 4 ngày 3 đêm
2026-06-04,làm ơn Nhiệt độ Phú Quốc trung bình
2026-06-04,làm ơn Kinh phí đi Huế tiết kiệm
2026-06-04,zipline
2026-06-04,cho em hỏi Ở Phú Quốc 4 ngày đi đâu
2026-06-04,mình hỏi Cả nhà tôi đi Nha Trang dịp Tết
2026-06-04,mình hỏi Glamping Đà Lạt
2026-06-04,vị trí có thuận tiện đi lại không
2026-06-04,ad ơi Homestay đẹp ở Hà Nội
2026-06-04,làm ơn Công ty tôi tổ chức team building ở Phú Quốc
2026-06-04,gợi ý chuyến đi Nha Trang [3 ngày](duration) tầm [5 triệu](budget)
2026-06-04,Tour Nha Trang cuối tuần
2026-06-04,cho tôi hỏi Top địa điểm Hà Nội
2026-06-04,goodevening
2026-06-04,tàu lửa
2026-06-04,ad ơi khí hậu vũng tàu như thế nào
2026-06-04,shopping
2026-06-04,cho em hỏi Bố mẹ tôi thích Nha Trang
2026-06-04,Check in Hà Nội ở đâu
2026-06-04,Resort Mũi Né gia đình
2026-06-04,ad ơi Xe limousine đi Mũi Né
2026-06-04,tàu khách
2026-06-04,cho tôi hỏi Tôi đã đi Sa Pa năm ngoái rất thích
2026-06-04,tour Đà Lạt [tháng 12](month) còn trống chỗ không
2026-06-04,cho em hỏi Chia sẻ kinh nghiệm Đà Nẵng
2026-06-04,làm ơn Đi Vũng Tàu bằng xe máy
2026-06-04,ad ơi Gợi ý lịch trình Mũi Né
2026-06-04,book tour Nha Trang đi
2026-06-04,cho em hỏi Resort Mũi Né gia đình
2026-06-04,cho tôi hỏi Đặt tour Mũi Né cho đoàn
2026-06-04,làm ơn Tiền ăn ở Hà Nội 1 ngày
2026-06-04,chèo sup
2026-06-04,cho tôi hỏi Gợi ý lịch trình Mũi Né
2026-06-04,mình hỏi Bài viết về Đà Nẵng
2026-06-04,ưng ý lắm
2026-06-04,ad ơi khách sạn sa pa giá rẻ
2026-06-04,cho em hỏi Tour Vũng Tàu cho cặp đôi
2026-06-04,có quán nào ngon chân ái không
2026-06-04,mình hỏi khách sạn nha trang gần sân bay
2026-06-04,làm ơn Khách sạn Sa Pa giá rẻ
2026-06-04,làm ơn lịch trình phú quốc cho gia đình
2026-06-04,ad ơi Bài viết về Đà Lạt
2026-06-04,ad ơi Sa Pa ăn gì cho bữa sáng
2026-06-04,cách di chuyển từ sân bay về khách sạn
2026-06-04,ad ơi Tour Phú Quốc 4 ngày 3 đêm
2026-06-04,đi chợ hội an về đêm
2026-06-04,làm ơn Lẩu Hà Nội ăn ở đâu
2026-06-04,cho em hỏi Đi Vũng Tàu bằng xe máy
2026-06-04,gợi ý tour nha trang 2 ngày
2026-06-04,giá rẻ
2026-06-04,ad ơi Đi Đà Lạt mùa nào đẹp
2026-06-04,ad ơi Đi phượt Sa Pa bằng xe máy
2026-06-04,làm ơn Đặt tour Hà Nội khuyến mãi
2026-06-04,Ngắm hoàng hôn Hội An
2026-06-04,mình hỏi Chi phí thuê xe Hà Nội
2026-06-04,chèo sup
2026-06-04,ad ơi Khách sạn Hà Nội giá rẻ
2026-06-04,cho em hỏi Tour Hội An nghỉ dưỡng
2026-06-04,làm ơn Đi Đà Lạt 1 ngày thì đi đâu
2026-06-04,làm ơn Khuyến mãi tour Phú Quốc
2026-06-04,cho em hỏi Bạn tôi gợi ý đi Mũi Né
2026-06-04,Câu cá ở Đà Nẵng
2026-06-04,tui muốn đi từ tháng 2 đến tháng 5
2026-06-04,làm ơn Top địa điểm Huế
2026-06-04,Lặn ngắm san hô Sa Pa
2026-06-04,làm ơn Homestay Vũng Tàu view đẹp
2026-06-04,cho em hỏi Nha Trang có quán nào nổi tiếng
2026-06-04,cho em hỏi Căn hộ Hội An view đẹp
2026-06-04,Mũi Né
2026-06-04,làm ơn leo núi ở mũi né
2026-06-04,thời tiết ở Sapa [tháng 11](month) thế nào
2026-06-04,muốn đi lặn san hô
2026-06-04,thế còn Sapa
2026-06-04,đà lạt có đặc sản gì
2026-06-04,ad ơi Tôi muốn tìm hiểu về Vũng Tàu
2026-06-04,cho tôi hỏi nha trang cách hà nội bao xa
2026-06-04,cho tôi hỏi Giới thiệu về Mũi Né
2026-06-04,nhà hàng
2026-06-04,cho tôi hỏi Villa Mũi Né hồ bơi
2026-06-04,đi cáp treo
2026-06-04,Hạ Long
2026-06-04,ad ơi Công ty tôi tổ chức team building ở Mũi Né
2026-06-04,cho em hỏi Khu nghỉ dưỡng Hội An
2026-06-04,đồi núi
2026-06-04,ad ơi Tiền ăn ở Hội An 1 ngày
2026-06-04,làm ơn Chợ Mũi Né ẩm thực
2026-06-04,giá vé [xe khách](transportation) bao nhiêu
2026-06-04,mình hỏi Đặc sản Đà Nẵng phải thử
2026-06-04,ad ơi Kinh phí đi Sa Pa tiết kiệm
2026-06-04,Bánh xèo Hà Nội
2026-06-04,cho mình đi phú quốc
2026-06-04,đi vũng tàu bao nhiêu ngày
2026-06-04,cho em hỏi Lẩu Hà Nội ăn ở đâu
2026-06-04,cho tôi hỏi Căn hộ Hội An view đẹp
2026-06-04,máy bay bay
2026-06-04,thuyền
2026-06-04,ad ơi Sa Pa ăn gì cho bữa sáng
2026-06-04,[leo núi](activity) [tháng 10](month)
2026-06-04,cho em hỏi Tour Vũng Tàu 3 ngày 2 đêm
2026-06-04,mình hỏi Lưu trú ở Sa Pa gần chợ
2026-06-04,Tuyên Quang
2026-06-04,Hà Nội nha
2026-06-04,cho tôi hỏi Đi thuyền Hà Nội
2026-06-04,máy bay bay
2026-06-04,làm ơn Du lịch Hà Nội tự túc
2026-06-04,đi [tắm biển](activity) ở đâu
2026-06-04,xe khách
2026-06-04,làm ơn ở phú quốc 4 ngày đi đâu
2026-06-04,ad ơi Hải sản Sa Pa tươi ngon
2026-06-04,cho tôi hỏi Tour Đà Nẵng team building
2026-06-04,cho em hỏi tôi muốn tìm hiểu về vũng tàu
2026-06-04,cho tôi hỏi Tàu hỏa Huế bao nhiêu tiền
2026-06-04,good night
2026-06-04,mình hỏi tour vũng tàu cho cặp đôi
2026-06-04,dù lượn
2026-06-04,cho xin review đi Sapa [tháng 10](month)
2026-06-04,cho em hỏi Taxi ở Nha Trang giá rẻ
2026-06-04,cho tôi hỏi Mì quảng Hà Nội
2026-06-04,làm ơn Đặt tour Hội An khuyến mãi
2026-06-04,làm ơn Mì quảng Hà Nội
2026-06-04,làm ơn Tour Nha Trang 5 ngày 4 đêm
2026-06-04,ad ơi Nên đi Phú Quốc mấy ngày
2026-06-04,đi [trekking](activity) vào [tháng 10](month) thì nên đi đâu
2026-06-04,vé vào cửa đắt không
2026-06-04,cho tôi hỏi Câu cá ở Huế
2026-06-04,Chia sẻ kinh nghiệm Vũng Tàu
2026-06-04,làm ơn Nhiệt độ Nha Trang trung bình
2026-06-04,muốn đi [biển](category)
2026-06-04,mình hỏi tour hội an nghỉ dưỡng
2026-06-04,mình hỏi Gợi ý lịch trình Mũi Né
2026-06-04,cho tôi hỏi ăn tối trên du thuyền mũi né
2026-06-04,cho em hỏi Cafe view đẹp Hà Nội
2026-06-04,Tour Phú Quốc trọn gói bao gồm
2026-06-04,ad ơi Booking tour Vũng Tàu giá rẻ
2026-06-04,mình hỏi Cả nhà tôi đi Huế dịp Tết
2026-06-04,[cắm trại](activity) ở Đà Lạt
2026-06-04,ad ơi Cafe view đẹp Nha Trang
2026-06-04,cho tôi hỏi Đi Đà Lạt mùa nào đẹp
2026-06-04,cho em hỏi đặt phòng khách sạn đà lạt
2026-06-04,ad ơi Lặn ngắm san hô Sa Pa
2026-06-04,thanh toán qua chuyển khoản được không
2026-06-04,ad ơi Xe khách đi Hội An giờ nào
2026-06-04,indeed
2026-06-04,tôi muốn đi đâu đó
2026-06-04,correct
2026-06-04,mình hỏi Đi bộ biển Mũi Né
2026-06-04,bị ốm đột xuất hủy tour thế nào
2026-06-04,lặn ngắm san hô sa pa
2026-06-04,làm ơn Vé máy bay Hội An khứ hồi
2026-06-04,cee you later
2026-06-04,good morning
2026-06-04,mình hỏi Taxi ở Nha Trang giá rẻ
2026-06-04,mình hỏi tôi muốn đưa con đi vũng tàu
2026-06-04,mình hỏi Đi Đà Lạt trong 2 ngày
2026-06-04,làm ơn Bài viết về Đà Lạt
2026-06-04,ad ơi Tôi ở Vũng Tàu rồi muốn đi tiếp
2026-06-04,làm ơn Đặt tour Hà Nội khuyến mãi
2026-06-04,cho em hỏi Căn hộ Phú Quốc view đẹp
2026-06-04,cho em hỏi Chi phí thuê xe Vũng Tàu
2026-06-04,cho em hỏi Giá vé tham quan Sa Pa
2026-06-04,đặt tour
2026-06-04,thuê [resort](category) [hà nội](location)
2026-06-04,gợi ý lịch trình đi Sapa [3 ngày 2 đêm](duration)
2026-06-04,đặt [phòng](category) [khách sạn](category) [Nha Trang](location)
2026-06-04,cho em hỏi Ăn chay Huế
2026-06-04,ad ơi Bài viết về Đà Nẵng
2026-06-04,làm ơn Mùa mưa ở Mũi Né tháng nào
2026-06-04,cho tôi hỏi Bạn tôi gợi ý đi Sa Pa
2026-06-04,mình hỏi Chia sẻ kinh nghiệm Vũng Tàu
2026-06-04,Đi thuyền Vũng Tàu
2026-06-04,vé máy bay khứ hồi hà nội phú quốc
2026-06-04,cho em hỏi Tôi ở Vũng Tàu rồi muốn đi tiếp
2026-06-04,cho em hỏi Tour du lịch Đà Nẵng giá rẻ
2026-06-04,làm ơn Tour Đà Nẵng 4 ngày 3 đêm
2026-06-04,Lào Cai
2026-06-04,giá rẻ
2026-06-04,làm ơn Đặt vé máy bay đi Hà Nội
2026-06-04,mình hỏi Ăn tối trên du thuyền Mũi Né
2026-06-04,từ Sài Gòn ra Nha Trang bằng [máy bay](transportation)
2026-06-04,làm ơn Đặt tour Mũi Né cho đoàn
2026-06-04,cho em hỏi Vợ chồng tôi cưới ở Phú Quốc
2026-06-04,mình hỏi Tàu hỏa đi Nha Trang
2026-06-04,xe limousine đi hội an
2026-06-04,gợi ý nơi giá rẻ
2026-06-04,Chợ Cốc Lếu
2026-06-04,mình hỏi Tắm nước nóng Phú Quốc
2026-06-04,Đặt tour Đà Lạt tiết kiệm
2026-06-04,ad ơi Tôi đã đi Hội An năm ngoái rất thích
2026-06-04,Câu cá ở Đà Nẵng
2026-06-04,cho tôi hỏi du lịch đà lạt tự túc
2026-06-04,cho tôi hỏi Tour Phú Quốc 4 ngày 3 đêm
2026-06-04,cho tôi hỏi Tôi nghe nói Đà Nẵng rất đẹp
2026-06-04,mình hỏi Khám phá Hà Nội
2026-06-04,cho tôi hỏi Hội An ở đâu
2026-06-04,ad ơi Lặn biển ở Nha Trang
2026-06-04,cho tôi hỏi Kế hoạch du lịch Huế
2026-06-04,làm ơn Đặt tour Hội An khuyến mãi
2026-06-04,cho em hỏi Mũi Né ăn gì cho bữa sáng
2026-06-04,làm ơn Giá vé Huế cho trẻ em
2026-06-04,núi bà đen
2026-06-04,chỗ nào leo núi đẹp vào [tháng 10](month)
2026-06-04,ad ơi Tour Vũng Tàu giá học sinh
2026-06-04,Kinh phí đi Vũng Tàu tiết kiệm
2026-06-04,làm ơn Chi phí thuê xe Hà Nội
2026-06-04,đi [biển](category)
2026-06-04,làm ơn Kế hoạch du lịch Huế
2026-06-04,cho em hỏi Tôi muốn đưa con đi Phú Quốc
2026-06-04,ad ơi Quán ăn ngon ở Nha Trang
2026-06-04,đu dây
2026-06-04,núi bà đen
2026-06-04,Cảnh đẹp Mũi Né nổi tiếng
2026-06-04,cho tôi hỏi Mùa mưa ở Mũi Né tháng nào
2026-06-04,Tour Vũng Tàu giá học sinh
2026-06-04,Cắm trại Huế
2026-06-04,ad ơi Tắm nước nóng Hà Nội
2026-06-04,ad ơi Lịch trình Hội An cho người già
2026-06-04,làm ơn Bánh xèo Phú Quốc
2026-06-04,gợi ý lịch trình đi Sapa [3 ngày 2 đêm](duration)
2026-06-04,làm ơn Tour Sa Pa VIP 5 sao
2026-06-04,du lịch quanh Hà Nội ngân sách [1 triệu](budget)
2026-06-04,làm ơn Bài viết về Đà Lạt
2026-06-04,giá có hạt dẻ không
2026-06-04,mình hỏi Đi Vũng Tàu bằng xe máy
2026-06-04,(?i)\d+\s*(?:ngày|ngay)\s*\d+\s*(?:đêm|dem)
2026-06-04,cho em hỏi Từ Hà Nội đi Phú Quốc bằng gì
2026-06-04,cho em hỏi Booking tour Đà Lạt giá rẻ
2026-06-04,mình hỏi Đi Hội An dịp lễ có vui không
2026-06-04,mình hỏi Hải sản Sa Pa giá rẻ
2026-06-04,cho em hỏi Kỳ nghỉ Hà Nội
2026-06-04,Bình Dương
2026-06-05,làm ơn Bánh xèo Phú Quốc
2026-06-05,ad ơi Tour Phú Quốc cho cặp đôi
2026-06-05,mình hỏi quán ăn ngon ở hội an
2026-06-05,ad ơi Tour Nha Trang 5 ngày 4 đêm
2026-06-05,cho em hỏi Check in Huế ở đâu
2026-06-05,mình hỏi Tôi đã đi Hội An năm ngoái rất thích
2026-06-05,ad ơi Check in Đà Nẵng ở đâu
2026-06-05,mình hỏi Bài viết về Đà Nẵng
2026-06-05,ad ơi Có gì ✨ ở Hội An
2026-06-05,cho tôi hỏi Tour Hội An nghỉ dưỡng
2026-06-05,cho em hỏi Tour Sa Pa cho người già
2026-06-05,ad ơi combo phú quốc trọn gói
2026-06-05,cho tôi hỏi Lịch trình Vũng Tàu tự túc
2026-06-05,Củ Chi
2026-06-05,mình hỏi các hãng bay đến vũng tàu
2026-06-05,cho xin review đi Sapa [tháng 10](month)
2026-06-05,mình hỏi Điểm đến Đà Lạt
2026-06-05,phu quoc
2026-06-05,Lâm Đồng
2026-06-05,mình hỏi Tour Hà Nội cho gia đình
2026-06-05,Resort Đà Lạt 5 sao
2026-06-05,làm ơn Gợi ý lịch trình Mũi Né
2026-06-05,Côn Đảo
2026-06-05,Bắc Kạn
2026-06-05,thôi thì cho mình đi Sapa vậy
2026-06-05,cho tôi hỏi Cả nhà tôi đi Huế dịp Tết
2026-06-05,làm ơn từ hà nội đi phú quốc bằng gì
2026-06-05,mình hỏi Đi Đà Lạt bằng tàu cao tốc
2026-06-05,cho tôi hỏi Glamping Đà Lạt
2026-06-05,cho tôi hỏi Thông tin du lịch Mũi Né
2026-06-05,cho tôi hỏi Đặt tour Đà Lạt tiết kiệm
2026-06-05,đà lạt đợt này có lễ hội gì không
2026-06-05,cho em hỏi Câu cá ở Đà Nẵng
2026-06-05,thông tin du lịch mũi né
2026-06-05,Vé máy bay Hội An khứ hồi
2026-06-05,ad ơi Lặn biển ở Nha Trang
2026-06-05,cưỡi ngựa
2026-06-05,cho tôi hỏi Mùa khô ở Hà Nội
2026-06-05,làm ơn Chi phí du lịch Hà Nội 3 ngày
2026-06-05,mình hỏi Chợ Mũi Né ẩm thực
2026-06-05,tư vấn mình với
2026-06-05,cho tôi hỏi Tôi nghe nói Đà Nẵng rất đẹp
2026-06-05,mùa hoa nở
2026-06-05,cho em hỏi Ở Hà Nội ăn gì ngon
2026-06-05,cho em hỏi Hải sản Phú Quốc tươi ngon
2026-06-05,ad ơi Khám phá Huế
2026-06-05,Ở Hà Nội ăn gì ngon
2026-06-05,địa chỉ ăn hải sản ngon bổ rẻ
2026-06-05,ăn gì ở hội an
2026-06-05,Nha Trang cách Hà Nội bao xa
2026-06-05,làm ơn Tour Nha Trang khuyến mãi
2026-06-05,chính xác
2026-06-05,cho em hỏi Xe đạp đi Phú Quốc
2026-06-05,nơi nào đi chơi tiết kiệm
2026-06-05,mình hỏi Bài viết về Đà Lạt
2026-06-05,ad ơi Căn hộ Hội An view đẹp
2026-06-05,cho em hỏi Lịch trình tour Nha Trang
2026-06-05,mình hỏi tour phú quốc trọn gói bao gồm
2026-06-05,làm ơn Kế hoạch du lịch Huế
2026-06-05,làm ơn Du lịch Hà Nội tự túc
2026-06-05,ad ơi Đặt tour Vũng Tàu cho đoàn
2026-06-05,thuyền
2026-06-05,mình hỏi Giá vé Huế cho trẻ em
2026-06-05,ad ơi Đi bộ biển Đà Lạt
2026-06-05,làm ơn Chi phí đi Vũng Tàu tự túc
2026-06-05,Đi thuyền Vũng Tàu
2026-06-05,Sapa có món gì ngon
2026-06-05,mình hỏi Tôi đã đi Sa Pa năm ngoái rất thích
2026-06-05,miền núi
2026-06-05,làm ơn Combo Huế trọn gói
2026-06-05,cho em hỏi Câu cá ở Huế
2026-06-05,cho tôi hỏi Căn hộ Phú Quốc view đẹp
2026-06-05,ad ơi phú quốc có gì ngon
2026-06-05,bình dân
2026-06-05,hòn đảo
2026-06-05,Top địa điểm Hà Nội
2026-06-05,xin chào
2026-06-05,Đảo Bình Ba
2026-06-05,ad ơi Đi Đà Lạt bằng tàu cao tốc
2026-06-05,mình hỏi Câu cá ở Huế
2026-06-05,An Giang
2026-06-05,đồi núi
2026-06-05,ad ơi Homestay Đà Lạt cho đôi người
2026-06-05,cho em hỏi Nha Trang ăn gì cho bữa sáng
2026-06-05,Tour Đà Nẵng team building
2026-06-05,cho em hỏi Resort Đà Nẵng hồ bơi
2026-06-05,mình hỏi Đi bộ biển Đà Nẵng
2026-06-05,miền Trung
2026-06-05,sống ảo
2026-06-05,Phú Quốc có gì ngon
2026-06-05,ad ơi Homestay Huế view đẹp
2026-06-05,làm ơn Cắm trại Huế
2026-06-05,làm ơn Homestay Huế view ✨
2026-06-05,cho em hỏi Lượng mưa Đà Lạt hàng năm
2026-06-05,gợi ý điểm du lịch
2026-06-05,resort
2026-06-05,[6tr](budget)
2026-06-05,chính xác
2026-06-05,Vũng Tàu nổi tiếng về gì
2026-06-05,có tour nào dưới [2 triệu](budget) không
2026-06-05,ad ơi Kinh phí đi Sa Pa tiết kiệm
2026-06-05,cho tôi hỏi Nên đi Mũi Né không
2026-06-05,cho em hỏi Tour Vũng Tàu cho cặp đôi
2026-06-05,Tôi ở Vũng Tàu rồi muốn đi tiếp
2026-06-05,làm ơn Tôi nghe nói Đà Nẵng rất ✨
2026-06-05,cho em hỏi Khách sạn Sa Pa gần chợ đêm
2026-06-05,gợi ý điểm đi chơi [tháng 4](month_from) đến [tháng 6](month_to)
2026-06-05,cho tôi hỏi Đà Nẵng ăn gì cho bữa sáng
2026-06-05,ad ơi Kinh phí đi Sa Pa tiết kiệm
2026-06-05,Đắk Lắk
2026-06-05,mùa hoa nở
2026-06-05,Review du lịch Huế
2026-06-05,làm ơn lịch trình hội an cho người già
2026-06-05,mình hỏi Kinh phí đi Vũng Tàu tiết kiệm
2026-06-05,mà thôi đi phú quốc
2026-06-05,cho em hỏi Nên đi Mũi Né không
2026-06-05,cho em hỏi Ở Phú Quốc 4 ngày đi đâu
2026-06-05,cee you later
2026-06-05,[đặc sản](activity) [Sa Pa](location) là gì
2026-06-05,ad ơi Lịch trình Vũng Tàu tự túc
2026-06-05,miền núi
2026-06-05,cho em hỏi Tour Đà Nẵng cho người già
2026-06-05,cho tôi hỏi Tour Sa Pa VIP 5 sao
2026-06-05,cho em hỏi Khuyến mãi tour Phú Quốc
2026-06-05,ad ơi Khách sạn Sa Pa gần chợ đêm
2026-06-05,sap toi
2026-06-05,Mì quảng Hà Nội
2026-06-05,cho em hỏi Đặc sản Đà Nẵng phải thử
2026-06-05,Gợi ý lịch trình Mũi Né
2026-06-05,Đặc sản Đà Nẵng phải thử
2026-06-05,làm ơn Nha Trang có quán nào nổi tiếng
2026-06-05,làm ơn Tour Sa Pa cho người già
2026-06-05,Hưng Yên
2026-06-05,cho em hỏi book phòng đà lạt view biển
2026-06-05,Tiền ăn ở Hà Nội 1 ngày
2026-06-05,mình hỏi Booking tour Huế giá tốt
2026-06-05,cho em hỏi Check in Huế ở đâu
2026-06-05,làm ơn Đi bộ biển Mũi Né
2026-06-05,Nhiệt độ Sa Pa trung bình
2026-06-05,ad ơi Cafe view ✨ Nha Trang
2026-06-05,làm ơn Tour Đà Nẵng 3 ngày 2 đêm
2026-06-05,ad ơi Tour Đà Nẵng nghỉ dưỡng
2026-06-05,[sắp tới](time_window) tôi nên đi đâu
2026-06-05,are you a bot?
2026-06-05,tôi muốn đi Sapa
2026-06-05,mình hỏi Homestay đẹp ở Hà Nội
2026-06-05,tàu cao tốc
2026-06-05,Bãi Dài
2026-06-05,hủy vé có mất phí không
2026-06-05,cho tôi hỏi Tiền ăn ở Hội An 1 ngày
2026-06-05,làm ơn Kỳ nghỉ Hà Nội
2026-06-05,làm ơn Tôi nghe nói Sa Pa rất đẹp
2026-06-05,cho tôi hỏi Tôi nghe nói Sa Pa rất đẹp
2026-06-05,cho tôi hỏi thêm
2026-06-05,cho tôi hỏi Ẩm thực Hội An món gì đặc sản
2026-06-05,cưỡi ngựa
2026-06-05,mình hỏi Tiền ăn ở Hà Nội 1 ngày
2026-06-05,cho tôi hỏi Booking homestay Đà Nẵng giá rẻ
2026-06-05,cho em hỏi Hải sản Phú Quốc tươi ngon
2026-06-05,ad ơi Ăn vặt Huế
2026-06-05,xem phim
2026-06-05,ad ơi Kinh phí đi Vũng Tàu tiết kiệm
2026-06-05,cho tôi hỏi Mũi Né mùa nào đẹp nhất
2026-06-05,tắm biển
2026-06-05,Lẩu Hà Nội ăn ở đâu
2026-06-05,cho em hỏi Xe khách đi Hội An giờ nào
2026-06-05,miền Tây
2026-06-05,từ Sài Gòn ra Nha Trang bằng [máy bay](transportation)
2026-06-05,ad ơi Khu nghỉ dưỡng Hội An
2026-06-05,làm ơn Khách sạn Nha Trang gần sân bay
2026-06-05,ad ơi Gợi ý lịch trình Mũi Né
2026-06-05,công ty tôi tổ chức team building ở phú quốc
2026-06-05,goodmorning
2026-06-05,ad ơi booking tour vũng tàu giá rẻ
2026-06-05,mình hỏi Reserve phòng Đà Nẵng
2026-06-05,thuê [xe máy](transportation) ở đâu
2026-06-05,đặt tour
2026-06-05,mùa đông
2026-06-05,Quán ăn ngon ở Nha Trang
2026-06-05,ad ơi thời tiết vũng tàu tháng 6
2026-06-05,Câu cá ở Huế
2026-06-05,Order tour Vũng Tàu
2026-06-05,đúng rồi
2026-06-05,làm ơn giới thiệu về mũi né
2026-06-05,Tour Phú Quốc giá học sinh
2026-06-05,mình hỏi Hải sản Phú Quốc tươi ngon
2026-06-05,làm ơn Đi Mũi Né dịp lễ có vui không
2026-06-05,Tiền ăn ở Hội An 1 ngày
2026-06-05,làm ơn Điểm đến Đà Lạt
2026-06-05,làm ơn Homestay Mũi Né gần trung tâm
2026-06-05,"(?i)\d{6,9}\b"
2026-06-05,Chè Hội An ngon
2026-06-05,ad ơi Homestay đẹp ở Hà Nội
2026-06-05,cho tôi hỏi Check in Huế ở đâu
2026-06-05,mình hỏi Ở Đà Nẵng mấy ngày là đủ
2026-06-05,thôi cho mình đi Đà Nẵng
2026-06-05,cho em hỏi Tour Huế khuyến mãi
2026-06-05,Phương tiện đi Hà Nội rẻ nhất
2026-06-05,ad ơi Homestay Vũng Tàu view ✨
2026-06-05,thuê [resort](category) [đà nẵng](location)
2026-06-05,glamping
2026-06-05,🍜 uống
2026-06-05,Đặc sản Đà Nẵng phải thử
2026-06-05,cho tôi hỏi Khách sạn Nha Trang gần sân bay
2026-06-05,ninh bình
2026-06-05,Tôi đã đi Hội An năm ngoái rất thích
2026-06-05,làm ơn Xe khách đi Hội An giờ nào
2026-06-05,mình hỏi Đi Mũi Né bằng xe máy
2026-06-05,ad ơi Resort Đà Lạt 5 sao
2026-06-05,mình hỏi Chi phí du lịch Nha Trang 3 ngày
2026-06-05,du thuyền
2026-06-05,cho em hỏi Cắm trại Hội An
2026-06-05,cho tôi hỏi Tour Hội An nghỉ dưỡng
2026-06-05,muốn tìm nơi [chữa lành](category)
2026-06-05,mình cần lên lịch trình đi sapa
2026-06-05,mình hỏi Chia sẻ kinh nghiệm Phú Quốc
2026-06-05,trượt nước
2026-06-05,mình hỏi Check in Hà Nội ở đâu
2026-06-05,ăn hải sản
2026-06-05,làm ơn Review du lịch Huế
2026-06-05,ad ơi Tour Nha Trang khuyến mãi
2026-06-05,nơi nào có thể [cắm trại](activity)
2026-06-05,mình hỏi Mũi Né ăn gì cho bữa sáng
2026-06-05,ad ơi Lẩu Hà Nội ăn ở đâu
2026-06-05,mình hỏi Kế hoạch du lịch Huế
2026-06-05,[tháng 12](month) đi đâu ở [miền bắc](category) đẹp
2026-06-05,cho em hỏi bạn tôi gợi ý đi mũi né
2026-06-05,Nhà hàng Vũng Tàu sang trọng
2026-06-05,làm ơn tàu hỏa huế bao nhiêu tiền
2026-06-05,trọn gói vậy có phát sinh phụ phí gì không
2026-06-05,mình hỏi Tour Sa Pa trọn gói bao gồm
2026-06-05,ad ơi Khám phá Hà Nội
2026-06-05,mình hỏi Homestay Vũng Tàu view đẹp
2026-06-05,cho tôi hỏi Review du lịch Huế
2026-06-05,Mũi Né
2026-06-05,cho tôi hỏi Khu nghỉ dưỡng Hội An
2026-06-05,cho tôi hỏi Đặt tour Đà Lạt tiết kiệm
2026-06-05,Sài Gòn
2026-06-05,ad ơi Tour Đà Nẵng team building
2026-06-05,Đồi chè Cầu Đất
2026-06-05,cho em hỏi Buffet Nha Trang giá rẻ
2026-06-05,vui chơi
2026-06-05,mình hỏi Tôi nghe nói Sa Pa rất đẹp
2026-06-05,báo giá tour Thái Lan khởi hành từ HCM [tháng sau](time_window)
2026-06-05,gợi ý điểm du lịch
2026-06-05,mình hỏi Chèo thuyền ở Đà Lạt
2026-06-05,cho em hỏi Hải sản Phú Quốc tươi ngon
2026-06-05,cho tôi hỏi Khách sạn Sa Pa giá rẻ
2026-06-05,cho em hỏi Order tour Vũng Tàu
2026-06-05,cho em hỏi Các hãng bay đến Vũng Tàu
2026-06-05,xe đạp điện
2026-06-05,cho tôi hỏi Đặc sản Sa Pa phải thử
2026-06-05,cho em hỏi Lặn biển ở Nha Trang
2026-06-05,cho tôi hỏi Chi phí Mũi Né 4 ngày 3 đêm
2026-06-05,Mũi Né có quán nào nổi tiếng
2026-06-05,let's go
2026-06-05,làm ơn Đặc sản Đà Nẵng phải thử
2026-06-05,mình hỏi Mì quảng Hà Nội
2026-06-05,mua xuan
2026-06-05,mà thôi cho tôi đi Đà Lạt
2026-06-05,làm ơn Nhà nghỉ Nha Trang giá rẻ
2026-06-05,tìm [homestay](category) view đẹp ở [Phú Quốc](location) vậy
2026-06-05,làm ơn Từ Hà Nội đi Phú Quốc bằng gì
2026-06-05,tôi muốn đi đâu đó
2026-06-05,cho tôi hỏi Đi Đà Lạt mùa nào đẹp
2026-06-05,phú quốc
2026-06-05,làm ơn Cắm trại Huế
2026-06-05,ở Vũng Tàu thì sao
2026-06-05,Tôi muốn tìm hiểu về Vũng Tàu
2026-06-05,khởi hành từ Sài Gòn
2026-06-05,cho tôi hỏi Giới thiệu về Phú Quốc
2026-06-05,ad ơi Tôi muốn đưa con đi Mũi Né
2026-06-05,cho em hỏi Tour du lịch Đà Lạt giá rẻ
2026-06-05,ad ơi Nhiệt độ Sa Pa trung bình
2026-06-05,mình hỏi Cafe view ✨ Hội An
2026-06-05,hà giang
2026-06-05,[5 triệu](budget)
2026-06-05,xe đạp
2026-06-05,cắm trại
2026-06-05,cho em hỏi Tiền 🍜 ở Hà Nội 1 ngày
2026-06-05,[cắm trại](activity) ở Đà Lạt
2026-06-05,ad ơi Lịch trình Phú Quốc cho gia đình
2026-06-05,mình hỏi Đi Đà Lạt bằng tàu cao tốc
2026-06-05,cho tôi hỏi Tiền ăn ở Hội An 1 ngày
2026-06-05,cho tôi hỏi Phú Quốc có gì chơi
2026-06-05,Lượng mưa Đà Lạt hàng năm
2026-06-05,ad ơi Tôi muốn tìm hiểu về Vũng Tàu
2026-06-05,làm ơn Đi Đà Lạt bằng tàu cao tốc
2026-06-05,mình hỏi Khám phá ẩm thực đường phố Hội An
2026-06-05,tour vũng tàu cho cặp đôi
2026-06-05,[resort](category) thì sao hả bot
2026-06-05,cho em hỏi Homestay Vũng Tàu view đẹp
2026-06-05,mình hỏi Cafe view đẹp Hà Nội
2026-06-05,từ Hà Nội vào Sài Gòn
2026-06-05,cho tôi hỏi Booking tour Đà Nẵng giá rẻ
2026-06-05,mình hỏi Đi Đà Lạt 1 ngày thì đi đâu
2026-06-05,cho em hỏi Bạn tôi gợi ý đi Mũi Né
2026-06-05,hi shop
2026-06-05,thuê [resort](category) [hà nội](location)
2026-06-05,làm ơn Cả nhà tôi đi Nha Trang dịp Tết
2026-06-06,ad ơi Ở Hà Nội 🍜 gì ngon
2026-06-06,cho em hỏi cắm trại huế
2026-06-06,[chỗ nghỉ](category) nào sạch sẽ giá tốt
2026-06-06,let's go
2026-06-06,cách sắp xếp thời gian đi Hà Giang
2026-06-06,các [khách
2026-06-06,ad ơi Tôi
2026-06-06,khách sạn sa pa giá rẻ
2026-06-06,Tour Vũng Tàu giá học sinh
2026-06-06,mình hỏi Lịch trình tour Nha Trang
2026-06-06,ad ơi Combo Phú Quốc trọn gói
2026-06-06,cho tôi hỏi
2026-06-06,mình hỏi Kinh phí đi Huế tiết kiệm
2026-06-06,làm ơn
2026-06-06,ad ơi Món Việt Nha Trang ngon
2026-06-06,Ăn tối
2026-06-06,mở nhạc cho tôi nghe
2026-06-06,xe bus
2026-06-06,ad ơi Đi Vũng Tàu bằng xe máy
2026-06-06,Tắm nước nóng Đà Lạt
2026-06-06,mình muốn tìm chỗ ăn ngủ
2026-06-06,làm ơn Tiền ăn ở Hội An 1 ngày
2026-06-06,làm ơn Dự báo thời tiết Huế
2026-06-06,mình hỏi Hải sản Phú Quốc tươi ngon
2026-06-06,làm ơn Tour Vũng Tàu 5 ngày 4 đêm
2026-06-06,cho em hỏi Mì quảng Hà Nội
2026-06-06,trên đó có lạnh không
2026-06-06,mình hỏi Tour Hà Nội cho gia đình
2026-06-06,làm ơn Tour Đà Nẵng 3 ngày 2 đêm
2026-06-06,ad ơi Ẩm
2026-06-06,thuê
2026-06-06,resort
2026-06-06,miền
2026-06-06,tour đà lạt đi bằng xe giường nằm hay xe ngồi
2026-06-06,cho tôi hỏi Top địa điểm Huế
2026-06-06,phú
2026-06-06,cho tôi hỏi Bạn tôi gợi ý đi Sa Pa
2026-06-06,cho tôi
2026-06-06,trên đó có lạnh không
2026-06-06,tôi muốn đi trong [tháng 5](month)
2026-06-06,ẩm thực
2026-06-06,cho em hỏi Combo Phú Quốc trọn gói
2026-06-06,cho em hỏi Du lịch Đà Lạt tự túc
2026-06-06,mình hỏi tour đà nẵng nghỉ dưỡng
2026-06-06,làm ơn Cảnh đẹp Đà Nẵng nổi tiếng
2026-06-06,mình hỏi Tour Nha Trang 5 ngày 4 đêm
2026-06-06,upcoming
2026-06-06,Cả nhà tôi đi Huế dịp Tết
2026-06-06,ad ơi
2026-06-06,làm ơn Book combo Huế
2026-06-06,Phan Thiết
2026-06-06,đi từ hồ chí minh ra nha trang thì đi xe gì
2026-06-06,cho tôi hỏi
2026-06-06,cho tôi hỏi Chia sẻ kinh nghiệm Sa Pa
2026-06-06,làm ơn Ẩm thực Hội An món gì đặc sản
2026-06-06,muốn đi lặn san hô
2026-06-06,Taxi ở
2026-06-06,ở đó có [resort](category) nào đẹp không
2026-06-06,cho xin lịch trình tham quan
2026-06-06,cho tôi hỏi Khách sạn Sa Pa gần chợ đêm
2026-06-06,Kinh phí đi Huế tiết kiệm
2026-06-06,ad ơi Chi phí thuê xe Vũng Tàu
2026-06-06,Củ Chi
2026-06-06,ad ơi Gợi ý tour Mũi Né 2 ngày
2026-06-06,Xe limousine đi Hội An
2026-06-06,làm ơn Đặt tour Hội An khuyến mãi
2026-06-06,ad ơi Tour
2026-06-06,cho tôi hỏi Hội An ở đâu
2026-06-06,ad ơi Đi phượt Hội An bằng xe máy
2026-06-06,Chi phí Mũi Né 4 ngày 3 đêm
2026-06-06,ad ơi Mua vé tham quan Đà Lạt
2026-06-06,làm ơn Resort Mũi Né gia đình
2026-06-06,thuyền
2026-06-06,huỳnh như đá ở đội nào
2026-06-06,làm ơn vẻ đẹp sa pa
2026-06-06,mình hỏi Đi Mũi Né dịp lễ có vui không
2026-06-06,mình cần book tour Đà Lạt [tháng 12](month)
2026-06-06,mình hỏi Đi Đà Lạt trong 2 ngày
2026-06-06,homestay trải nghiệm
2026-06-06,đi Đà Nẵng tầm bao nhiêu tiền
2026-06-06,mình hỏi Mũi Né ăn gì cho bữa sáng
2026-06-06,ad ơi Chi phí du lịch Nha Trang 3 ngày
2026-06-06,cho tôi hỏi Chi phí Mũi Né 4 ngày 3 đêm
2026-06-06,mình hỏi Check in Đà Nẵng ở đâu
2026-06-06,Đặt tour Mũi Né cho đoàn
2026-06-06,mình hỏi Check in Đà Nẵng ở đâu
2026-06-06,Homestay đẹp ở Đà Nẵng
2026-06-06,cho em
2026-06-06,đang chat với bot à
2026-06-06,làm ơn Resort Đà Nẵng hồ bơi
2026-06-06,cho em hỏi Căn hộ Phú Quốc view đẹp
2026-06-06,làm ơn Tour Phú Quốc cuối tuần
2026-06-06,thời tiết hà nội hôm nay thế nào
2026-06-06,cho em hỏi Du lịch Hà Nội tự túc
2026-06-06,ad ơi Tour Hà Nội cho gia đình
2026-06-06,cho em hỏi Du lịch Hà Nội tự túc
2026-06-06,làm ơn Đi Đà Lạt 1 ngày thì đi đâu
2026-06-06,đi [trekking](activity) ở đâu
2026-06-06,mình hỏi Resort Đà Lạt 5 sao
2026-06-06,[2 người lớn 1 trẻ em](party_size)
2026-06-06,Bạn tôi
2026-06-06,hủy vé
2026-06-06,cho em hỏi Xe limousine đi Mũi Né
2026-06-06,phú quốc có [lặn ngắm san hô](activity) không
2026-06-06,làm ơn Đặt
2026-06-06,Lặn
2026-06-06,mình hỏi Nhà nghỉ Mũi Né giá rẻ
2026-06-06,mình hỏi
2026-06-06,ad ơi Lưu trú ở Sa Pa gần chợ
2026-06-06,mình hỏi Giới thiệu về Mũi Né
2026-06-06,từ Hà
2026-06-06,mình hỏi tour nha trang 4 ngày 3 đêm
2026-06-06,làm ơn Đặc sản Sa Pa phải thử
2026-06-06,mình hỏi ăn vặt hội an
2026-06-06,ad ơi
2026-06-06,mình hỏi Mũi Né mùa nào ✨ nhất
2026-06-06,ad ơi đặt tour đà lạt tiết kiệm
2026-06-06,review
2026-06-06,cho tôi hỏi Lặn ngắm san hô Sa Pa
2026-06-06,Tắm nước nóng Phú Quốc
2026-06-06,cho em
2026-06-06,cho em hỏi
2026-06-06,làm ơn Homestay đẹp ở Hà Nội
2026-06-06,ad ơi Mua vé tham quan Đà Lạt
2026-06-06,cho em hỏi Combo Phú Quốc trọn gói
2026-06-06,cho em hỏi Check in Huế ở đâu
2026-06-06,Bến Tre
2026-06-06,Book combo Huế
2026-06-06,cho em hỏi
2026-06-06,phu quoc
2026-06-06,mình hỏi Tôi nghe nói Đà Nẵng rất đẹp
2026-06-06,có chỗ nào đi trốn nắng [mùa hè](season) không
2026-06-06,cho em
2026-06-06,cho tôi
2026-06-06,cho tôi hỏi
2026-06-06,ad ơi Tour Nha Trang cuối tuần
2026-06-06,(?i)tháng\s*(?:0?[1-9]|1[0-2])
2026-06-06,shopping
2026-06-06,cho em hỏi Hải sản Phú Quốc tươi ngon
2026-06-06,shopping
2026-06-06,cho tôi hỏi Đặt tour Vũng Tàu cho đoàn
2026-06-06,cho em
2026-06-06,Top địa điểm Hà Nội
2026-06-06,làm ơn Booking tour Huế giá tốt
2026-06-06,cho em hỏi
2026-06-06,Tour Phú Quốc trọn gói bao gồm
2026-06-06,Cố đô Huế
2026-06-06,mình hỏi Tour
2026-06-06,cho tôi hỏi Hải sản Sa Pa giá rẻ
2026-06-06,cho em hỏi Cả nhà tôi đi Nha Trang dịp Tết
2026-06-06,cho tôi hỏi cafe view đẹp hà nội
2026-06-06,bên bạn có hỗ trợ đặt vé [máy bay](transportation) không
2026-06-06,làm ơn Tàu hỏa đi Nha Trang
2026-06-06,cho tôi hỏi thời tiết nha trang tháng 12
2026-06-06,cho em hỏi Công ty tôi tổ chức team building ở Mũi Né
2026-06-06,cho tôi hỏi
2026-06-06,cho tôi hỏi Bạn tôi gợi ý đi Mũi Né
2026-06-06,[tháng 12](month) đi đâu ở [miền bắc](category) đẹp
2026-06-06,ad ơi Bánh xèo Hà Nội
2026-06-06,cho tôi hỏi
2026-06-06,ad ơi
2026-06-06,tây ninh
2026-06-06,"tôi muốn đi du lịch [mùa hè](season), ngân sách [1 triệu](budget)"
2026-06-06,Top địa điểm Hà Nội
2026-06-06,làm ơn Tour Hà Nội cho gia đình
2026-06-06,Mũi Né có quán nào nổi tiếng
2026-06-06,làm ơn Dự báo thời tiết Huế
2026-06-06,làm ơn
2026-06-06,nhầm
2026-06-06,thăm làng chài
2026-06-06,cho em hỏi
2026-06-06,Đà Nẵng ăn gì cho bữa sáng
2026-06-06,lặn san hô
2026-06-06,ad ơi 🍜 tối trên du thuyền Huế
2026-06-06,làm ơn Quán ăn ngon ở Hội An
2026-06-06,ad ơi Nên đi Mũi Né không
2026-06-06,Hạ
2026-06-06,cho em hỏi
2026-06-06,mình hỏi Homestay đẹp ở Hà Nội
2026-06-06,làm ơn Nhóm bạn tôi định đi Vũng Tàu tháng sau
2026-06-06,mình hỏi đặt phòng khách sạn đà lạt
2026-06-06,cho tôi
2026-06-06,làm ơn
2026-06-06,làm ơn Món Việt Nha Trang ngon
2026-06-06,làm ơn Đi Đà Lạt 1 ngày thì đi đâu
2026-06-06,cho tôi hỏi Đi Mũi Né dịp lễ có 🎉 không
2026-06-06,hải sản sa pa giá rẻ
2026-06-06,cho tôi
2026-06-06,cho em hỏi combo phú quốc trọn gói
2026-06-06,làm ơn tour vũng tàu 3 ngày 2 đêm
2026-06-06,indeed
2026-06-06,cho tôi hỏi Tour Phú Quốc 4 ngày 3 đêm
2026-06-06,Món
2026-06-06,mình hỏi
2026-06-06,cee you later
2026-06-06,Lặn ngắm san hô Nha Trang
2026-06-06,cho em
2026-06-06,đà lạt có đặc sản gì
2026-06-06,mình hỏi
2026-06-06,trong tour
2026-06-06,gợi ý vài cái [homestay](category) ở đà lạt
2026-06-06,gợi ý
2026-06-06,ad ơi Nhà hàng Vũng Tàu sang trọng
2026-06-06,Booking homestay
2026-06-06,ad ơi Giá tour Phú Quốc bao nhiêu
2026-06-06,trên
2026-06-06,ad ơi Khách sạn Sa Pa giá rẻ
2026-06-06,Đảo Bình Ba
2026-06-06,Booking tour Vũng Tàu giá rẻ
2026-06-06,road trip
2026-06-06,cho em hỏi Đi Vũng Tàu bao nhiêu ngày
2026-06-06,ad ơi
2026-06-06,cho em hỏi
2026-06-06,tôi muốn đi Phú Quốc
2026-06-06,Chi phí
2026-06-06,mình hỏi Đi Đà Lạt bằng tàu cao tốc
2026-06-06,Hải sản Sa Pa tươi ngon
2026-06-06,mình hỏi Tắm nước nóng Đà Lạt
2026-06-06,làm ơn Lặn ngắm san hô Sa Pa
2026-06-06,làm ơn Lịch trình Phú Quốc cho gia đình
2026-06-06,cho tôi hỏi Nha Trang ăn gì cho bữa sáng
2026-06-06,mình hỏi Ăn tối trên du thuyền Mũi Né
2026-06-06,homestay trải nghiệm
2026-06-06,cho tôi hỏi Tour Đà Lạt khởi hành từ Hà Nội
2026-06-06,tôi muốn từ
2026-06-06,Đi Đà Lạt mùa nào đẹp
2026-06-06,cho tôi hỏi
2026-06-06,cho em hỏi Hà Nội nổi tiếng về gì
2026-06-06,Phú Quý
2026-06-06,hello there
2026-06-06,làm ơn Combo Huế trọn gói
2026-06-06,ngân sách [5tr](budget)
2026-06-06,làm ơn Khám phá Huế
2026-06-06,làm ơn Ở Đà Nẵng mấy ngày là đủ
2026-06-06,cho em hỏi Top địa điểm Huế
2026-06-06,cho tôi hỏi
2026-06-06,Tôi muốn đưa con đi Đà Lạt
2026-06-06,cho tôi hỏi Tắm nước nóng Hà Nội
2026-06-06,mình hỏi Book phòng Đà Lạt view biển
2026-06-06,cho em hỏi Homestay Đà Lạt cho đôi người
2026-06-06,làm ơn Chia sẻ kinh nghiệm Sa Pa
2026-06-06,cho tôi hỏi Leo núi ở Mũi Né
2026-06-06,ad ơi Tour Sa Pa trọn gói bao gồm
2026-06-06,1 cộng 1 bằng mấy
2026-06-06,ad ơi Nha Trang ăn gì cho bữa sáng
2026-06-06,cho em
2026-06-06,ad ơi Lịch trình Vũng Tàu tự túc
2026-06-06,làm ơn khám phá ẩm thực đường phố hội an
2026-06-06,lưu trú ở sa pa gần chợ
2026-06-06,cho em hỏi Du lịch Hà Nội tự túc
2026-06-06,làm ơn Vẻ đẹp Sa Pa
2026-06-06,cho tui
2026-06-06,ad ơi Quán ăn ngon ở Nha Trang
2026-06-06,bình dân
2026-06-06,làm ơn Khách sạn Sa Pa gần chợ đêm
2026-06-06,làm ơn Nha Trang có quán nào nổi tiếng
2026-06-06,làm ơn
2026-06-06,làm ơn Check in Hà Nội ở đâu
2026-06-06,Vé máy
2026-06-06,làm ơn Tôi
2026-06-06,mình hỏi Khu nghỉ dưỡng Sa Pa
2026-06-06,good afternoon
2026-06-06,dạo phố
2026-06-06,cho em hỏi Nhà nghỉ Sa Pa giá rẻ
2026-06-06,mình hỏi Tour Nha Trang 4 ngày 3 đêm
2026-06-06,cho tôi hỏi
2026-06-06,cho em hỏi Thông tin du lịch Mũi Né
2026-06-06,Hà Nội nổi tiếng về gì
2026-06-06,đi đâu [mùa đông](season) thì hợp
2026-06-06,mình hỏi Tour du lịch Đà Lạt giá rẻ
2026-06-06,mình hỏi Mũi Né có quán nào nổi tiếng
2026-06-06,mình hỏi
2026-06-06,lên plan
2026-06-06,Chia sẻ kinh nghiệm Phú Quốc
2026-06-06,chỗ nào
2026-06-06,có gói combo [nhà hàng](category) [khách sạn](category) nào ở Kim Liên rẻ rẻ không
2026-06-06,ad ơi Homestay đẹp ở Đà Nẵng
2026-06-06,cho tôi hỏi Tôi muốn đưa con đi Mũi Né
2026-06-06,ad ơi vũng tàu nổi tiếng về gì
2026-06-06,Tam Cốc
2026-06-06,cho em hỏi
2026-06-06,Lẩu Hà Nội ăn ở đâu
2026-06-06,làm ơn Tour Vũng Tàu cho cặp đôi
2026-06-06,cho em hỏi Lịch trình Đà Lạt 3 ngày 2 đêm
2026-06-06,Booking
2026-06-06,off
2026-06-06,bye
2026-06-06,cho tôi hỏi Chi phí 🍜 uống ở Đà Lạt
2026-06-06,từ sài gòn qua vũng tàu
2026-06-06,cho em hỏi Cảnh đẹp Mũi Né nổi tiếng
2026-06-06,cho em hỏi Đi Đà Lạt trong 2 ngày
2026-06-06,đến huế thì ăn món gì ngon
2026-06-06,mình hỏi
2026-06-06,cho tôi hỏi Đặt vé máy bay đi Sa Pa
2026-06-06,Bà Rịa Vũng Tàu
2026-06-06,cho em hỏi
2026-06-06,Sơn La
2026-06-06,mình hỏi
2026-06-06,Có gì đẹp ở Hội An
2026-06-06,mình hỏi Nhà nghỉ Mũi Né giá rẻ
2026-06-07,Hải Phòng
2026-06-07,cho tôi hỏi thêm
2026-06-07,cho em hỏi Top địa điểm Hà Nội
2026-06-07,Khách sạn Sa Pa gần chợ đêm
2026-06-07,cho tôi hỏi Lặn biển ở Nha Trang
2026-06-07,đắt quá thôi
2026-06-07,cho tôi đi đà lạt
2026-06-07,làm ơn Tour Hội An nghỉ dưỡng
2026-06-07,cho em hỏi Tôi ở Phú Quốc rồi muốn đi tiếp
2026-06-07,"với [3 triệu](budget) nha, đi [cuối tuần](time_window)"
2026-06-07,ad ơi Đi thác Đà Nẵng tham quan
2026-06-07,làm ơn Nhà hàng Vũng Tàu sang trọng
2026-06-07,Khu nghỉ dưỡng Hội An
2026-06-07,cho tôi hỏi
2026-06-07,Tiền Giang
2026-06-07,lúc khác nhắn tiếp
2026-06-07,cho em hỏi chi phí thuê xe hà nội
2026-06-07,mình hỏi Đặt vé máy bay đi Hà Nội
2026-06-07,từ Sài Gòn ra Nha Trang bằng [máy bay](transportation)
2026-06-07,xe
2026-06-07,cho em hỏi Tôi muốn đưa con đi Mũi Né
2026-06-07,làm ơn Vũng Tàu nổi tiếng về gì
2026-06-07,làm ơn Thông tin du lịch Mũi Né
2026-06-07,ad ơi Đi Đà Lạt trong 2 ngày
2026-06-07,ad ơi review du lịch huế
2026-06-07,cho em hỏi Nhiệt độ Sa Pa trung bình
2026-06-07,cho tôi hỏi Tour Nha Trang 4 ngày 3 đêm
2026-06-07,điều kiện
2026-06-07,Kinh phí đi Vũng Tàu tiết kiệm
2026-06-07,cho em
2026-06-07,cho tôi hỏi Ẩm thực Hội An món gì đặc sản
2026-06-07,Leo
2026-06-07,thế còn [khách sạn](category) thì sao
2026-06-07,làm ơn Mũi Né có quán nào nổi tiếng
2026-06-07,tắm
2026-06-07,cho em hỏi Hội An ở đâu
2026-06-07,ad ơi
2026-06-07,(?i)\d+\s*(?:ngày|ngay)
2026-06-07,làm ơn Ăn chay Huế
2026-06-07,làm ơn Tour Huế team building
2026-06-07,out
2026-06-07,cho em hỏi Hải sản Đà Lạt tươi ngon
2026-06-07,làm ơn Booking tour Nha Trang giá tốt
2026-06-07,Booking tour Huế giá tốt
2026-06-07,ad ơi Tiền ăn ở Hà Nội 1 ngày
2026-06-07,làm ơn Tour Nha Trang 4 ngày 3 đêm
2026-06-07,làm ơn Book phòng Đà Lạt view biển
2026-06-07,có chỗ nào đi trốn nắng [mùa hè](season) không
2026-06-07,Đi thác Đà Nẵng tham quan
2026-06-07,làm ơn
2026-06-07,ad ơi Cắm trại Hội An
2026-06-07,Thời tiết Vũng Tàu tháng 6
2026-06-07,bungalow
2026-06-07,Ngắm
2026-06-07,mình hỏi Homestay Huế view đẹp
2026-06-07,cho tôi hỏi Có gì ✨ ở Hội An
2026-06-07,ad ơi Quán ăn ngon ở Nha Trang
2026-06-07,cho em hỏi Lịch trình Đà Lạt 3 ngày 2 đêm
2026-06-07,mình hỏi Kinh phí đi Sa Pa tiết kiệm
2026-06-07,chỗ nào có bãi 🌊 đẹp
2026-06-07,mình hỏi
2026-06-07,cho em hỏi Booking tour Đà Lạt giá rẻ
2026-06-07,cho em hỏi Booking tour Nha Trang giá tốt
2026-06-07,cho em
2026-06-07,good night
2026-06-07,ở đó có mát không
2026-06-07,cho tôi hỏi Giới thiệu về Phú Quốc
2026-06-07,tầm [5 triệu](budget)
2026-06-07,cho tôi hỏi Homestay đẹp ở Hà Nội
2026-06-07,ad ơi Nhiệt độ Nha Trang trung bình
2026-06-07,Đặc sản Sa Pa phải thử
2026-06-07,làm ơn Ăn tối trên du thuyền Huế
2026-06-07,cho em hỏi Homestay Vũng Tàu view đẹp
2026-06-07,làm ơn
2026-06-07,xe limo
2026-06-07,ad ơi Bố mẹ tôi thích Nha Trang
2026-06-07,Hà Nội
2026-06-07,miền Tây
2026-06-07,nếu có việc bận dời ngày dc ko
2026-06-07,nghỉ hè
2026-06-07,mùa hoa nở
2026-06-07,out nha
2026-06-07,làm ơn Các hãng bay đến Vũng Tàu
2026-06-07,book [phòng](category) [sài gòn](location)
2026-06-07,cho tôi hỏi Kinh phí đi Sa Pa tiết kiệm
2026-06-07,mình muốn đi nha trang
2026-06-07,ad ơi Phương
2026-06-07,cho em hỏi Tour Đà Lạt khởi hành từ Hà Nội
2026-06-07,ad ơi
2026-06-07,cho tôi hỏi Lặn ngắm san hô Sa Pa
2026-06-07,Tour Huế cho cặp đôi
2026-06-07,trẻ em có miễn phí không
2026-06-07,làm ơn Lặn ngắm san hô Nha Trang
2026-06-07,cách sắp xếp thời gian đi Hà Giang
2026-06-07,ad ơi Mũi Né có quán nào nổi tiếng
2026-06-07,có [resort](category) nào tại Sapa không
2026-06-07,Dự báo thời tiết Huế
2026-06-07,ad ơi Hải sản Phú Quốc tươi ngon
2026-06-07,cho em hỏi Combo Phú Quốc trọn gói
2026-06-07,ad ơi
2026-06-07,Thừa Thiên Huế
2026-06-07,nghỉ dưỡng
2026-06-07,cho tôi hỏi Nên đi Mũi Né không
2026-06-07,Đi Đà Lạt bằng tàu cao tốc
2026-06-07,Tôi muốn tìm hiểu về Vũng Tàu
2026-06-07,check in
2026-06-07,Đặt tour Đà Nẵng tiết kiệm
2026-06-07,mình hỏi Tour
2026-06-07,Cảnh đẹp Đà Nẵng nổi tiếng
2026-06-07,mình hỏi đi đà lạt mùa nào đẹp
2026-06-07,đi từ hồ chí
2026-06-07,[đặc sản](activity) [Sa Pa](location) là gì
2026-06-07,cho tôi hỏi Sa Pa 🍜 gì cho bữa sáng
2026-06-07,làm ơn Câu cá ở Đà Nẵng
2026-06-07,vùng
2026-06-07,Tắm nước nóng Hà Nội
2026-06-07,cho em hỏi Resort Đà Nẵng hồ bơi
2026-06-07,biệt thự
2026-06-07,gợi ý lịch
2026-06-07,mình hỏi Sa
2026-06-07,làm ơn Kinh nghiệm đi Đà Nẵng lần đầu
2026-06-07,cho tôi hỏi Vé máy bay Hội An khứ hồi
2026-06-07,mình hỏi Chi
2026-06-07,kinh phí eo hẹp cỡ [2 củ](budget) thì đi đc đâu ko bot
2026-06-07,Phú Quốc có gì chơi
2026-06-07,làm ơn Tour Đà Nẵng nghỉ dưỡng
2026-06-07,làm ơn Cắm trại Hội An
2026-06-07,cho tôi hỏi Bánh xèo Hà Nội
2026-06-07,cho tôi hỏi Tôi đã đi Sa Pa năm ngoái rất thích
2026-06-07,dù lượn
2026-06-07,Hải sản Phú Quốc tươi ngon
2026-06-07,mình hỏi Ẩm thực Hà Nội món gì đặc sản
2026-06-07,cho tôi hỏi Vợ chồng tôi cưới ở Phú Quốc
2026-06-07,ad ơi Check in Đà Nẵng ở đâu
2026-06-07,ad ơi Khuyến mãi tour Phú Quốc
2026-06-07,cho tôi
2026-06-07,vui chơi
2026-06-07,làm ơn Đặt tour Đà Lạt tiết kiệm
2026-06-07,giải trí
2026-06-07,cho tôi hỏi Món Việt Nha Trang ngon
2026-06-07,làm ơn
2026-06-07,mình hỏi Top địa điểm Hà Nội
2026-06-07,làm ơn Cảnh đẹp Đà Nẵng nổi tiếng
2026-06-07,mình hỏi Lịch trình tour Nha Trang
2026-06-07,làm ơn Hải sản Phú Quốc tươi ngon
2026-06-07,(?i)\d+\s*(?:ngày|ngay)\s*\d+\s*(?:đêm|dem)
2026-06-07,cho em hỏi Cafe view đẹp Hà Nội
2026-06-07,làm ơn Vẻ đẹp Sa Pa
2026-06-07,cho em hỏi Bạn tôi gợi ý đi Sa Pa
2026-06-07,Tôi nghe nói Sa Pa rất đẹp
2026-06-07,cho tôi hỏi Phú Quốc có gì chơi
2026-06-07,view
2026-06-07,cho em hỏi
2026-06-07,cho em hỏi Tour Vũng Tàu 5 ngày 4 đêm
2026-06-07,cho em hỏi Thông tin du lịch Mũi Né
2026-06-07,Tour Đà Nẵng nghỉ dưỡng
2026-06-07,làm ơn Nhà nghỉ Mũi Né giá rẻ
2026-06-07,quán nhậu
2026-06-07,cho em hỏi
2026-06-07,ngân sách [5tr](budget)
2026-06-07,làm ơn Bánh xèo Phú Quốc
2026-06-07,ad ơi Đặt tour Hà Nội khuyến mãi
2026-06-07,đi leo núi
2026-06-07,ad ơi Xe khách đi Hội An giờ nào
2026-06-07,làm ơn Đi
2026-06-07,mình hỏi Tour Đà Nẵng nghỉ dưỡng
2026-06-07,hòn
2026-06-07,Phương tiện đi Hà Nội rẻ nhất
2026-06-07,xem
2026-06-07,làm ơn Check in Đà Nẵng ở đâu
2026-06-07,correct
2026-06-07,ad ơi Đi Đà Lạt trong 2 ngày
2026-06-07,cho em hỏi Ở Phú Quốc 4 ngày đi đâu
2026-06-07,làm ơn Tour Huế team building
2026-06-07,làm ơn Mùa khô ở Hà Nội
2026-06-07,Bình
2026-06-07,cho tôi
2026-06-07,ad ơi Có gì đẹp ở Hội An
2026-06-07,[10 triệu](budget)
2026-06-07,ad ơi Lịch trình tour Nha Trang
2026-06-07,làm ơn
2026-06-07,ad ơi Tour
2026-06-07,Mũi Né
2026-06-07,cho tôi hỏi Tour Nha Trang khuyến mãi
2026-06-07,mình hỏi Book phòng Đà Lạt view biển
2026-06-07,cho em hỏi Review du lịch Hà Nội
2026-06-07,mình hỏi Hải sản Phú Quốc tươi ngon
2026-06-07,Cắm trại Huế
2026-06-07,cho em hỏi Taxi ở Nha Trang giá rẻ
2026-06-07,cho tôi hỏi Kỳ nghỉ Hà Nội
2026-06-07,thời tiết ở Sapa [tháng 11](month) thế nào
2026-06-07,mình hỏi Ẩm
2026-06-07,Cảnh đẹp
2026-06-07,Quảng
2026-06-07,làm ơn
2026-06-07,cho tôi hỏi Quán ăn ngon ở Nha Trang
2026-06-07,làm ơn Booking tour Đà Lạt giá rẻ
2026-06-07,cho em hỏi Homestay đẹp ở Đà Nẵng
2026-06-07,am I talking to a bot?
2026-06-07,Quảng Ninh
2026-06-07,ad ơi Cảnh đẹp Mũi Né nổi tiếng
2026-06-07,cho tôi hỏi Chia sẻ kinh nghiệm Đà Nẵng
2026-06-07,ad ơi
2026-06-07,mì quảng hà nội
2026-06-07,ad ơi Kinh phí đi Huế tiết kiệm
2026-06-07,đi Phú Quốc [lặn san hô](activity)
2026-06-07,lặn san hô
2026-06-07,cho tôi hỏi Hải sản Đà Lạt tươi ngon
2026-06-07,cho tôi hỏi Leo núi ở Huế
2026-06-07,mình hỏi Tàu hỏa Huế bao nhiêu tiền
2026-06-07,mình hỏi Chia sẻ kinh nghiệm Đà Nẵng
2026-06-07,mình hỏi Chia sẻ kinh nghiệm Đà Nẵng
2026-06-07,làm ơn Bạn
2026-06-07,cho tôi hỏi Buffet Hội An giá rẻ
2026-06-07,goodevening
2026-06-07,làm ơn Nhà nghỉ Sa Pa giá rẻ
2026-06-07,xin chào
2026-06-07,xin list đồ ăn vặt
2026-06-07,Bắc Giang
2026-06-07,mình hỏi Đi
2026-06-07,ad ơi Combo Phú Quốc trọn gói
2026-06-07,làm ơn
2026-06-07,ad ơi Phương tiện đi Hà Nội rẻ nhất
2026-06-07,good night
2026-06-07,cho tôi hỏi Đặt tour Đà Lạt tiết kiệm
2026-06-07,Trà Vinh
2026-06-07,Hà Nam
2026-06-07,cho em hỏi phú quốc nổi tiếng về gì
2026-06-07,ad ơi Bài viết về Đà Lạt
2026-06-07,Bến
2026-06-07,ad ơi Cảnh đẹp Mũi Né nổi tiếng
2026-06-07,làm ơn Bài viết về Đà Nẵng
2026-06-07,cho em hỏi Nhiệt độ Sa Pa trung bình
2026-06-07,mình hỏi Câu cá ở Đà Nẵng
2026-06-07,ad ơi Đi Mũi Né dịp lễ có vui ko
2026-06-07,Phú Yên
2026-06-07,có điểm nào ăn uống ngon không
2026-06-07,trẻ dưới 2 tuổi tính vé sao
2026-06-07,ad ơi
2026-06-07,cho em hỏi Tour Nha Trang 4 ngày 3 đêm
2026-06-07,Bà Rịa Vũng Tàu
2026-06-07,chào ngày mới
2026-06-07,cho em hỏi Leo núi ở Mũi Né
2026-06-07,làm ơn Khí hậu Vũng Tàu như thế nào
2026-06-07,ad ơi Lịch trình tour Nha Trang
2026-06-07,làm ơn Bạn
2026-06-07,cho em hỏi Cắm trại Huế
2026-06-07,tour đảo
2026-06-07,Thời gian lý tưởng đi Vũng Tàu
2026-06-07,ad ơi Tour Nha Trang 5 ngày 4 đêm
2026-06-07,Đảo Bình Ba
2026-06-07,cho tôi hỏi Đi Đà Lạt bằng tàu cao tốc
2026-06-07,Trà Vinh
2026-06-07,cho em hỏi Tắm nước nóng Phú Quốc
2026-06-07,ad ơi Homestay Vũng Tàu view đẹp
2026-06-07,tôi muốn đi Đà Lạt
2026-06-07,đi [trekking](activity) vào [tháng 10](month) thì nên đi đâu
2026-06-07,ad ơi Khách sạn Sa Pa giá rẻ
2026-06-07,làm ơn Tôi muốn tìm hiểu về Vũng Tàu
2026-06-07,ad ơi Kinh
2026-06-07,cho em hỏi Lặn ngắm san hô Sa Pa
2026-06-07,gợi ý chỗ nào đi chữa lành healing với bot
2026-06-07,cho tôi hỏi Tour Hà Nội cho gia đình
2026-06-07,hi
2026-06-07,ad ơi Ở
2026-06-07,Tour Huế cho cặp đôi
2026-06-07,Tour Phú Quốc cuối tuần
2026-06-07,ai
2026-06-07,ad ơi Hải sản Hà Nội tươi ngon
2026-06-07,cho tôi hỏi Lượng mưa Đà Lạt hàng năm
2026-06-07,cho em hỏi Cắm trại Huế
2026-06-07,cho tôi hỏi Cắm trại Hội An
2026-06-07,of course
2026-06-07,cho em hỏi Từ Hà Nội đi Phú Quốc bằng gì
2026-06-07,cho tôi hỏi Tour Vũng Tàu 5 ngày 4 đêm
2026-06-07,Biển Mũi Né
2026-06-07,cho tôi
2026-06-07,cho em hỏi resort mũi né gia đình
2026-06-07,làm ơn Tàu hỏa đi Nha Trang
2026-06-07,mình muốn đi Đà Lạt
2026-06-07,goodmorning
2026-06-07,cho em hỏi
2026-06-07,cho em hỏi Chi phí Mũi Né 4 ngày 3 đêm
2026-06-07,cho tôi hỏi Ẩm thực Hà Nội món j đặc sản
2026-06-07,làm ơn Khám phá Huế
2026-06-07,chèo kayak
2026-06-07,trượt
2026-06-07,đi nước ngoài cần chuẩn bị visa không
2026-06-07,check in
2026-06-07,mức giá vé như nào
2026-06-07,cho em hỏi
2026-06-07,mình hỏi Khách sạn Vũng Tàu trung tâm
2026-06-07,Đà Nẵng
2026-06-07,[cắm trại](activity) ở Đà Lạt
2026-06-07,ad ơi Lẩu Hà Nội ăn ở đâu
2026-06-07,cho em hỏi Chi phí Mũi Né 4 ngày 3 đêm
2026-06-07,làm ơn Tour Đà Lạt khởi hành từ Hà Nội
2026-06-07,cho em hỏi Đi bộ biển Mũi Né
2026-06-07,Hải sản
2026-06-07,cho em hỏi
2026-06-08,tới Hạ Long đi xe j hợp lý
2026-06-08, 
2026-06-08, 
2026-06-08, 
2026-06-08,ad ơi Đà Lạt có homestay nào đẹp
2026-06-08, 
2026-06-08,muốn tìm nơi [chữa lành](category)
2026-06-08, 
2026-06-08, 
2026-06-08, 
2026-06-08, 
2026-06-08,mình hỏi Leo núi ở Huế
2026-06-08,mình hỏi Vợ chồng tôi cưới ở Phú Quốc
2026-06-08,Lịch trình tour Nha Trang
2026-06-08, 
2026-06-08,ad ơi Mùa mưa ở Mũi Né tháng nào
2026-06-08,Đà
2026-06-08,mình hỏi Đi Hội An dịp lễ có 🎉 không
2026-06-08,cho tui
2026-06-08,ad ơi Bài viết về Đà Lạt
2026-06-08,từ Sài
2026-06-08, 
2026-06-08, 
2026-06-08,Tour Phú Quốc 4 ngày 3 đêm
2026-06-08,làm ơn Hà Nội ở đâu
2026-06-08,cho tôi hỏi Đi chợ Hội An về đêm
2026-06-08, 
2026-06-08,làm ơn Công ty
2026-06-08,cho em hỏi Các hãng bay đến Vũng Tàu
2026-06-08,cho em hỏi Nhà nghỉ Sa Pa giá rẻ
2026-06-08, 
2026-06-08, 
2026-06-08,cho em hỏi Tôi muốn đưa con đi Phú Quốc
2026-06-08,Du lịch Hà Nội tự túc
2026-06-08,Đặc sản Sa Pa phải thử
2026-06-08, 
2026-06-08,làm ơn Đặc sản Đà Nẵng phải thử
2026-06-08,Phố
2026-06-08, 
2026-06-08, 
2026-06-08, 
2026-06-08,mình hỏi Nhà nghỉ Nha Trang giá rẻ
2026-06-08, 
2026-06-08,Công ty tôi
2026-06-08,ad ơi Chèo thuyền ở Đà Lạt
2026-06-08,Tour Phú Quốc cuối tuần
2026-06-08,Đặt vé máy bay đi Sa Pa
2026-06-08,ad ơi
2026-06-08,cho em
2026-06-08,Phú Quý
2026-06-08,cho tôi hỏi Check in Đà Nẵng ở đâu
2026-06-08, 
2026-06-08,Kinh phí đi Vũng Tàu tiết kiệm
2026-06-08,cho tôi hỏi Thông tin du lịch Mũi Né
2026-06-08,[cắm trại](activity) ở Đà Lạt
2026-06-08,miền biển
2026-06-08,Khuyến mãi tour Phú Quốc
2026-06-08,mình hỏi Đi chợ Hội An về đêm
2026-06-08,ad ơi bài viết về đà lạt
2026-06-08,bao lâu
2026-06-08,mình hỏi Du lịch Đà Lạt tự túc
2026-06-08,làm ơn Cafe view đẹp Hội An
2026-06-08,cho em hỏi homestay vũng tàu view đẹp
2026-06-08,Hải sản Sa Pa tươi ngon
2026-06-08,mình hỏi review du lịch hà nội
2026-06-08, 
2026-06-08, 
2026-06-08,leo núi nhân tạo
2026-06-08,làm ơn Nha Trang có quán nào nổi tiếng
2026-06-08, 
2026-06-08, 
2026-06-08, 
2026-06-08,làm ơn Căn hộ Hội An view đẹp
2026-06-08,cho tôi hỏi
2026-06-08,cho tôi hỏi
2026-06-08, 
2026-06-08, 
2026-06-08,[leo núi](activity) Lào Cai
2026-06-08,mở nhạc cho tôi nghe
2026-06-08, 
2026-06-08,cho em hỏi Top địa điểm Hà Nội
2026-06-08,cho em hỏi Khám phá ẩm thực đường phố Hội An
2026-06-08, 
2026-06-08, 
2026-06-08,làm ơn Đặt tour Hà Nội khuyến mãi
2026-06-08,làm ơn Đi phượt Sa Pa bằng xe máy
2026-06-08,biệt thự
2026-06-08,cho em hỏi đi nha trang tham quan gì
2026-06-08,Có gì ✨ ở Hội An
2026-06-08, 
2026-06-08,ad ơi Reserve phòng Đà Nẵng
2026-06-08,Homestay đẹp ở Đà Nẵng
2026-06-08,cho em hỏi Khách sạn Sa Pa giá rẻ
2026-06-08,ad ơi Hải sản Hà Nội tươi ngon
2026-06-08,mình hỏi mũi né ăn gì cho bữa sáng
2026-06-08,cho em hỏi Kinh phí đi Huế tiết kiệm
2026-06-08,làm ơn đặt tour mũi né cho đoàn
2026-06-08,view núi
2026-06-08,Bài viết về Đà Lạt
2026-06-08,làm ơn Tour Huế khuyến mãi
2026-06-08,làm ơn Đi chợ Hội An về đêm
2026-06-08,Chợ Bắc Hà
2026-06-08,giải dùm bài toán dợ
2026-06-08,làm ơn
2026-06-08,cho em hỏi Cả nhà tôi đi Nha Trang dịp Tết
2026-06-08, 
2026-06-08, 
2026-06-08, 
2026-06-08,làm ơn Đi Mũi Né dịp lễ có vui ko
2026-06-08,làm ơn Tour du lịch Đà Nẵng giá rẻ
2026-06-08, 
2026-06-08,cho tôi
2026-06-08, 
2026-06-08,không
2026-06-08,cho tôi hỏi Buffet Nha Trang giá rẻ
2026-06-08, 
2026-06-08,giá vé Safari
2026-06-08,that sounds good
2026-06-08,mua sắm
2026-06-08,ad ơi lặn ngắm san hô sa pa
2026-06-08,ad ơi Tour Vũng Tàu 5 ngày 4 đêm
2026-06-08,cho em hỏi Gợi ý tour Mũi Né 2 ngày
2026-06-08,mình
2026-06-08,Đồng Tháp
2026-06-08, 
2026-06-08, 
2026-06-08,hướng
2026-06-08,đi [tàu hỏa](transportation) ra Đà Nẵng mất bao lâu
2026-06-08,Ăn
2026-06-08,mình hỏi Đi Đà Lạt trong 2 ngày
2026-06-08,mình hỏi Tour Phú Quốc giá học sinh
2026-06-08,miền Tây
2026-06-08, 
2026-06-08, 
2026-06-08,cho em hỏi Tour Vũng Tàu 3 ngày 2 đêm
2026-06-08,mình hỏi Lịch trình Đà Lạt 3 ngày 2 đêm
2026-06-08, 
2026-06-08,ra tết
2026-06-08, 
2026-06-08,từ Sài Gòn ra Nha Trang bằng [máy bay](transportation)
2026-06-08, 
2026-06-08,xe lửa
2026-06-08, 
2026-06-08,cho tôi hỏi đặc sản đà nẵng phải thử
2026-06-08,tôi
2026-06-08,cho tôi hỏi Kinh phí đi Đà Nẵng tiết kiệm
2026-06-08,tới Hạ Long đi xe gì hợp lý
2026-06-08,làm ơn Tour Sa Pa cho người già
2026-06-08, 
2026-06-08, 
2026-06-08,ad ơi Vợ chồng tôi cưới ở Phú Quốc
2026-06-08, 
2026-06-08,leo núi
2026-06-08,ad ơi Khu nghỉ dưỡng Hội An
2026-06-08,cho em hỏi Lặn ngắm san hô Nha Trang
2026-06-08,cho tôi hỏi Đi chợ Hội An về đêm
2026-06-08,cho em hỏi Đi Sa Pa bằng tàu cao tốc
2026-06-08,cách sửa lỗi code python
2026-06-08,mình hỏi Lịch Sa Pa phù hợp
2026-06-08,Check in Huế ở đâu
2026-06-08,Homestay Vũng Tàu view đẹp
2026-06-08, 
2026-06-08,cho em hỏi Booking tour Huế giá tốt
2026-06-08,Lịch trình Mũi Né tự túc
2026-06-08,1
2026-06-08, 
2026-06-08,mình hỏi
2026-06-08,mình hỏi Tour Đà Nẵng nghỉ dưỡng
2026-06-08,làm ơn Leo núi ở Mũi Né
2026-06-08, 
2026-06-08,làm ơn homestay đẹp ở đà nẵng
2026-06-08, 
2026-06-08,mình hỏi Các hãng bay đến Vũng Tàu
2026-06-08,ad ơi tour phú quốc cuối tuần
2026-06-08,khoảng
2026-06-08,cho em hỏi Quán ăn ngon ở Nha Trang
2026-06-08,cho em hỏi Đi Đà Lạt trong 2 ngày
2026-06-08,Xe limousine đi Mũi Né
2026-06-08,mình hỏi Sa Pa cách Hà Nội bao xa
2026-06-08,tài chính
2026-06-08, 
2026-06-08,làm ơn Tôi ở Phú Quốc rồi muốn đi tiếp
2026-06-08,tour này mắc ko
2026-06-08,xe buýt
2026-06-08,Chi phí
2026-06-08,cho em hỏi Chia sẻ kinh nghiệm Vũng Tàu
2026-06-08,thôi cho
2026-06-08, 
2026-06-08,muốn đi lặn san hô
2026-06-08,địa chỉ ăn hải sản ngon bổ rẻ
2026-06-08, 
2026-06-08,chi phí
2026-06-08, 
2026-06-08,ad ơi Khách sạn Nha Trang gần sân bay
2026-06-08, 
2026-06-08,ad ơi Homestay đẹp ở Đà Nẵng
2026-06-08,mình hỏi
2026-06-08, 
2026-06-08,đà lạt đợt
2026-06-08,ad ơi Chi
2026-06-08,mình hỏi Homestay Đà Lạt cho đôi người
2026-06-08,máy bay
2026-06-08,mình hỏi Ẩm thực Hà Nội món gì đặc sản
2026-06-08,[lặn san hô](activity) Phú Quốc [tháng 10](month)
2026-06-08,làm ơn Booking tour Vũng Tàu giá rẻ
2026-06-08,báo giá tour
2026-06-08, 
2026-06-08, 
2026-06-08,cho em hỏi Khách sạn Nha Trang gần sân bay
2026-06-08, 
2026-06-08,cho tôi hỏi Chợ Mũi Né ẩm thực
2026-06-08,làm ơn Gợi ý tour Mũi Né 2 ngày
2026-06-08,cho tôi hỏi Khách sạn Sa Pa gần chợ đêm
2026-06-08,mình muốn tìm chỗ ăn ngủ
2026-06-08,Ninh
2026-06-08, 
2026-06-08,quán
2026-06-08,xe giường nằm
2026-06-08,cho em hỏi Tour Vũng Tàu 5 ngày 4 đêm
2026-06-08,cho em hỏi
2026-06-08,cho tôi hỏi Tôi ở Vũng Tàu rồi muốn đi tiếp
2026-06-08, 
2026-06-08,mình hỏi
2026-06-08,muốn đi [🌊](category)
2026-06-08,Tour Phú Quốc trọn gói bao gồm
2026-06-08,chỗ nào [trekking](activity) đẹp
2026-06-08, 
2026-06-08,ad ơi Đi thác Đà Nẵng tham quan
2026-06-08,hostel
2026-06-08,cho tôi hỏi Tắm nước nóng Phú Quốc
2026-06-08,khu đấy
2026-06-08,núi bà đen
2026-06-08, 
2026-06-08,làm ơn Booking tour Vũng Tàu giá rẻ
2026-06-08,ngắm hoàng hôn
2026-06-08,tui muốn đi từ tháng 2 đến tháng 5
2026-06-08,Tour Đà Nẵng team building
2026-06-08,mình muốn đi Đà Lạt
2026-06-08, 
2026-06-08, 
2026-06-08,cho em hỏi Tour du lịch Đà Nẵng giá rẻ
2026-06-08, 
2026-06-08, 
2026-06-08,làm ơn Nha Trang cách Hà Nội bao xa
2026-06-08, 
2026-06-08,làm ơn điểm đến đà lạt
2026-06-08,ad ơi Khách sạn Vũng Tàu trung tâm
2026-06-08, 
2026-06-08,tổn
2026-06-08, 
2026-06-08,làm ơn
2026-06-08,cho tôi hỏi Cắm trại Hội An
2026-06-08,ad ơi Xe limousine đi Mũi Né
2026-06-08, 
2026-06-08,gợi ý lịch trình đi sapa [3 ngày 2 đêm](duration)
2026-06-08,ngắm hoa
2026-06-08, 
2026-06-08, 
2026-06-08,cho tôi hỏi Ăn chay Huế
2026-06-08,Vịnh Lan Hạ
2026-06-08, 
2026-06-08,cho tôi hỏi Leo núi ở Huế
2026-06-08, 
2026-06-08, 
2026-06-08,cho em hỏi Đi Mũi Né dịp lễ có vui ko
2026-06-08,cho em hỏi Tour Huế cho cặp đôi
2026-06-08,làm ơn Nhiệt độ Nha Trang trung bình
2026-06-08,Cả nhà tôi đi Nha Trang dịp Tết
2026-06-08, 
2026-06-08,mình hỏi Homestay ✨ ở Hà Nội
2026-06-08, 
2026-06-08,mình hỏi Đi bộ biển Đà Lạt
2026-06-08, 
2026-06-08,chèo kayak
2026-06-08, 
2026-06-08,Nhà nghỉ Sa Pa giá rẻ
2026-06-08,mình hỏi Tour Đà Nẵng team building
2026-06-08,Đặt phòng khách sạn Đà Lạt
2026-06-08,cho tôi hỏi
2026-06-08, 
2026-06-08,ngắm bình minh
2026-06-08,làm ơn Reserve phòng Đà Nẵng
2026-06-08,làm ơn Đi
2026-06-08,cho em hỏi Các hãng bay đến Vũng Tàu
2026-06-08,mình hỏi Mì quảng Hà Nội
2026-06-08, 
2026-06-08,làm ơn
2026-06-08,chèo kayak
2026-06-08, 
2026-06-08,Hải sản Sa Pa tươi ngon
2026-06-08,Cố đô Huế
2026-06-08,ad ơi Đi
2026-06-08,cho tôi
2026-06-08, 
2026-06-08, 
2026-06-08,cho em hỏi Tour Đà Nẵng 3 ngày 2 đêm
2026-06-08,mình hỏi Ở
2026-06-08, 
2026-06-08, 
2026-06-08,cho tôi hỏi Chè Hội An ngon
2026-06-09, 
2026-06-09,làm ơn Đặt tour Đà Lạt tiết kiệm
2026-06-09,cho em hỏi
2026-06-09,Giá tour Phú Quốc bao nhiêu
2026-06-09,làm ơn Tôi muốn tìm hiểu về Vũng Tàu
2026-06-09, 
2026-06-09, 
2026-06-09,mình hỏi Khách sạn Hà Nội giá rẻ
2026-06-09,từ Sài Gòn đi Nha Trang bằng [tàu hỏa](transportation)
2026-06-09,ad ơi
2026-06-09,cho tôi hỏi Giá tour Phú Quốc bao nhiêu
2026-06-09,làm ơn
2026-06-09, 
2026-06-09,lặn biển
2026-06-09,tour Đà Lạt [tháng 12](month) còn trống chỗ ko
2026-06-09,cho em hỏi Buffet Nha Trang giá rẻ
2026-06-09, 
2026-06-09, 
2026-06-09, 
2026-06-09, 
2026-06-09,Câu
2026-06-09,làm ơn Tôi
2026-06-09,làm ơn Hải sản Hà Nội tươi ngon
2026-06-09, 
2026-06-09,cho tôi hỏi
2026-06-09,mày là AI hả
2026-06-09, 
2026-06-09, 
2026-06-09, 
2026-06-09,mình hỏi Vợ chồng tôi cưới ở Hội An
2026-06-09, 
2026-06-09,làm ơn Đi phượt Sa Pa bằng xe máy
2026-06-09,ad ơi Bố mẹ tôi thích Nha Trang
2026-06-09,yên
2026-06-09,Fansipan
2026-06-09,chi phí đi leo núi [tháng 10](month) là bao nhiêu
2026-06-09,Gợi ý lịch trình Mũi Né
2026-06-09,mà thôi đi Phú Quốc
2026-06-09,Booking tour Đà Lạt giá rẻ
2026-06-09,đúng
2026-06-09, 
2026-06-09, 
2026-06-09, 
2026-06-09,chính sách cho người cao tuổi
2026-06-09,đi bằng
2026-06-09, 
2026-06-09,cho em hỏi Tour Vũng Tàu cho cặp đôi
2026-06-09,ad ơi Lượng mưa Đà Lạt hàng năm
2026-06-09,hái trái cây
2026-06-09,cho tôi hỏi Ăn tối trên du thuyền Mũi Né
2026-06-09,mình hỏi Tour Vũng Tàu 3 ngày 2 đêm
2026-06-09,xe gắn máy
2026-06-09, 
2026-06-09,làm ơn Khu nghỉ dưỡng Sa Pa
2026-06-09,cho em hỏi resort đà nẵng hồ bơi
2026-06-09,cho tôi hỏi Tôi muốn đưa con đi Phú Quốc
2026-06-09,đạp xe
2026-06-09, 
2026-06-09, 
2026-06-09,làm ơn Lịch trình tour Nha Trang
2026-06-09, 
2026-06-09,mình hỏi Book combo Huế
2026-06-09,tour đảo
2026-06-09, 
2026-06-09,làm ơn Resort Đà Lạt 5 sao
2026-06-09,mình hỏi Đặt phòng khách sạn Đà Lạt
2026-06-09,Tôi đã đi Hội An năm ngoái rất thích
2026-06-09,mình hỏi Tour Phú Quốc trọn gói bao gồm
2026-06-09, 
2026-06-09,làm ơn
2026-06-09, 
2026-06-09,Reserve phòng Đà Nẵng
2026-06-09, 
2026-06-09,làm ơn Chia sẻ kinh nghiệm Phú Quốc
2026-06-09,mình hỏi Mũi Né có quán nào nổi tiếng
2026-06-09,tạo lịch
2026-06-09, 
2026-06-09,ad ơi Đi Mũi Né bằng xe máy
2026-06-09,thanh
2026-06-09,hostel
2026-06-09,Lịch trình Đà Lạt 3 ngày 2 đêm
2026-06-09,thời tiết
2026-06-09, 
2026-06-09,cho tôi hỏi Đi Nha Trang tham quan j
2026-06-09,làm ơn
2026-06-09, 
2026-06-09, 
2026-06-09,cho tôi hỏi Ở Đà Nẵng mấy ngày là đủ
2026-06-09,quảng bình
2026-06-09,tour phú quốc cuối tuần
2026-06-09,mình hỏi Booking tour Vũng Tàu giá rẻ
2026-06-09,món nào ăn nhức nách ở đà lạt
2026-06-09,đi [trekking](activity) vào [tháng 10](month) thì nên đi đâu
2026-06-09,mình hỏi Bánh xèo Hà Nội
2026-06-09, 
2026-06-09,đắt quá thôi
2026-06-09, 
2026-06-09, 
2026-06-09, 
2026-06-09,làm ơn đặt vé máy bay đi sa pa
2026-06-09, 
2026-06-09,Check in Huế ở đâu
2026-06-09, 
2026-06-09, 
2026-06-09,làm ơn Giá tour Phú Quốc bao nhiêu
2026-06-09,[khách sạn](category) nào gần trung tâm không
2026-06-09,Quảng
2026-06-09, 
2026-06-09, 
2026-06-09,trong tour
2026-06-09, 
2026-06-09,làm ơn Tiền ăn ở Hội An 1 ngày
2026-06-09,cho em hỏi Tour du lịch Đà Nẵng giá rẻ
2026-06-09,Chia sẻ kinh nghiệm Phú Quốc
2026-06-09, 
2026-06-09,cho tôi hỏi
2026-06-09, 
2026-06-09,[4 người](party_size)
2026-06-09, 
2026-06-09,mình hỏi Ăn tối trên du thuyền Mũi Né
2026-06-09,miền Nam
2026-06-09,cho tôi hỏi Ẩm thực Hà Nội món gì đặc sản
2026-06-09,Cố đô Huế
2026-06-09, 
2026-06-09,ad ơi Ăn tối trên du thuyền Huế
2026-06-09, 
2026-06-09,đi
2026-06-09, 
2026-06-09,Khánh Hòa
2026-06-09,Xe giường nằm đi Huế
2026-06-09, 
2026-06-09, 
2026-06-09,cho em hỏi Từ Hà Nội đi Sa Pa bằng gì
2026-06-09,dạo này
2026-06-09,ad ơi Cả nhà tôi đi Nha Trang dịp Tết
2026-06-09, 
2026-06-09,Thời tiết Nha Trang tháng 12
2026-06-09,mình hỏi Chi phí du lịch Hà Nội 3 ngày
2026-06-09,cho tôi hỏi Lặn biển ở Nha Trang
2026-06-09, 
2026-06-09,làm ơn Tiền 🍜 ở Hội An 1 ngày
2026-06-09,Đặc sản Đà Nẵng phải thử
2026-06-09, 
2026-06-09, 
2026-06-09, 
2026-06-09,tour sa pa vip 5 sao
2026-06-09,Hà Nội
2026-06-09,Giới thiệu về Mũi Né
2026-06-09, 
2026-06-09,làm ơn Giới thiệu về Phú Quốc
2026-06-09,tôi muốn [săn mây](activity)
2026-06-09,good by
2026-06-09,mình hỏi
2026-06-09,cho em hỏi Booking tour Đà Nẵng giá rẻ
2026-06-09,làm ơn Bánh xèo Hà Nội
2026-06-09,mình hỏi đi thuyền vũng tàu
2026-06-09,làm ơn Check in Đà Nẵng ở đâu
2026-06-09,mua he
2026-06-09,làm ơn Đi Đà Lạt bằng tàu cao tốc
2026-06-09,tư vấn tour [4 ngày 3 đêm](duration)
2026-06-09,xe khách
2026-06-09, 
2026-06-09,làm ơn Cả
2026-06-09,ở Vũng Tàu thì sao
2026-06-09, 
2026-06-09,mình hỏi Chi phí Mũi Né 4 ngày 3 đêm
2026-06-09, 
2026-06-09, 
2026-06-09,ad ơi Chia sẻ kinh nghiệm Sa Pa
2026-06-09,mình hỏi xe limousine đi mũi né
2026-06-09, 
2026-06-09,làm ơn Tôi ở Phú Quốc rồi muốn đi tiếp
2026-06-09, 
2026-06-09, 
2026-06-09, 
2026-06-09,mình đang bị suy đi đâu hợp lý
2026-06-09,làm ơn Chia sẻ kinh nghiệm Phú Quốc
2026-06-09,Mũi Né ăn gì cho bữa sáng
2026-06-09,mình hỏi nhiệt độ phú quốc trung bình
2026-06-09, 
2026-06-09, 
2026-06-09,see you later
2026-06-09, 
2026-06-09,tắm biển
2026-06-09,mình hỏi Nhà hàng Vũng Tàu sang trọng
2026-06-09,đặt xe [limousine](transportation) đi Sapa
2026-06-09,cho em hỏi Nhà nghỉ Sa Pa giá rẻ
2026-06-09,dã ngoại
2026-06-09,Vũng Tàu nổi tiếng về gì
2026-06-09,làm ơn Du lịch Đà Lạt tự túc
2026-06-09,ad ơi Bánh xèo Phú Quốc
2026-06-09,làm ơn
2026-06-09, 
2026-06-09,ad ơi khách sạn nha trang gần sân bay
2026-06-09, 
2026-06-09, 
2026-06-09,Tôi đã đi
2026-06-09,ad ơi Mùa mưa ở Mũi Né tháng nào
2026-06-09,mình hỏi Tàu hỏa Huế bao nhiêu tiền
2026-06-09,tuyệt vời
2026-06-09, 
2026-06-09,upcoming
2026-06-09,Chi phí
2026-06-09,ad ơi Sa Pa ăn gì cho bữa sáng
2026-06-09,cho em hỏi Tour Phú Quốc 4 ngày 3 đêm
2026-06-09,Homestay Mũi Né gần trung tâm
2026-06-09,cho em
2026-06-09,nhà nghỉ
2026-06-09,ad ơi Chợ Mũi Né ẩm thực
2026-06-09,mình hỏi Mũi Né có quán nào nổi tiếng
2026-06-09, 
2026-06-09,cho tôi hỏi Tôi ở Vũng Tàu rồi muốn đi tiếp
2026-06-09,Nhà nghỉ Đà Nẵng trung tâm
2026-06-09,mình hỏi Leo núi ở Mũi Né
2026-06-09,ad ơi Tour Phú Quốc cho cặp đôi
2026-06-09, 
2026-06-09,ad ơi Cắm trại Huế
2026-06-09,mình đang bị suy đi đâu hợp lý
2026-06-09,cho em hỏi Kinh phí đi Huế tiết kiệm
2026-06-09,mình hỏi Đi
2026-06-09,đà lạt
2026-06-09, 
2026-06-09,ad ơi Lưu
2026-06-09, 
2026-06-09,cho em hỏi Tour Huế cho cặp đôi
2026-06-09, 
2026-06-09,Combo
2026-06-09,ronaldo hay messi đá hay hơn
2026-06-09,ad ơi Kỳ nghỉ Hà Nội
2026-06-09, 
2026-06-09, 
2026-06-09,đi [lặn
2026-06-09, 
2026-06-09, 
2026-06-09,Đảo Bình Ba
2026-06-09, 
2026-06-09, 
2026-06-09,book tour
2026-06-09,làm ơn
2026-06-09,Kinh phí
2026-06-09,Bạn tôi gợi ý đi Sa Pa
2026-06-09, 
2026-06-09, 
2026-06-09,Đi bộ biển Đà Nẵng
2026-06-09, 
2026-06-09, 
2026-06-09,cho tôi hỏi Đặc sản Sa Pa phải thử
2026-06-09, 
2026-06-09,sắp tới
2026-06-09, 
2026-06-09, 
2026-06-09,mùa hè
2026-06-09,dù lượn
2026-06-09,cho em hỏi Đi phượt Sa Pa bằng xe máy
2026-06-09,ad ơi Ngắm hoàng hôn Hội An
2026-06-09,mình hỏi Cắm trại Hội An
2026-06-09, 
2026-06-09,cho em hỏi
2026-06-09,chi phí cho chuyến đi Phú Quốc [4 ngày](duration) rơi vào khoảng bao nhiêu
2026-06-09,cho tôi hỏi Công ty tôi tổ chức team building ở Phú Quốc
2026-06-09, 
2026-06-09, 
2026-06-09, 
2026-06-09,cho tôi hỏi Khách sạn Hà Nội giá rẻ
2026-06-09,cho em hỏi Hội An ở đâu
2026-06-09,mùa nóng
2026-06-09,mình hỏi Bạn tôi gợi ý đi Mũi Né
2026-06-09,làm ơn Giá vé tham quan Sa Pa
2026-06-09,Tôi muốn
2026-06-09,vé máy bay đi Hà Nội
2026-06-09,cho tôi hỏi Đặt vé máy bay đi Sa Pa
2026-06-09,căn hộ
2026-06-09, 
2026-06-09, 
2026-06-09, 
2026-06-09, 
2026-06-09,Nha Trang
2026-06-09,Book phòng Đà Lạt view biển
2026-06-09, 
2026-06-09, 
2026-06-09,mình đang bị suy đi đâu hợp lý
2026-06-09,làm ơn Chi phí thuê xe Hà Nội
2026-06-09,Khu du lịch Đại Nam
2026-06-09,muốn từ Sài Gòn ra Phú Quốc
2026-06-09, 
2026-06-09,làm ơn Chi phí du lịch Hà Nội 3 ngày
2026-06-09,tour đà lạt 3 ngày 2 đêm này giá chính xác bao nhiêu
2026-06-09, 
2026-06-09, 
2026-06-09,mình hỏi
2026-06-09,cách trồng cây bonsai
2026-06-09,cho tôi hỏi Đi Mũi Né dịp lễ có vui ko
2026-06-09,mình hỏi Tôi ở Vũng Tàu r muốn đi tiếp
2026-06-09, 
2026-06-09, 
2026-06-09,cho em hỏi Ngắm hoàng hôn Hội An
2026-06-09,muốn đi [biển](category)
2026-06-09,Giới
2026-06-09, 
2026-06-09,Đi Vũng Tàu bằng xe máy
2026-06-10,phong cảnh Hà Giang mùa này sao
2026-06-10, 
2026-06-10, 
2026-06-10, 
2026-06-10,mình hỏi đi nha trang tham quan gì
2026-06-10,cho xin lịch trình tham quan
2026-06-10, 
2026-06-10,các [khách sạn](category) ở đó thì sao
2026-06-10, 
2026-06-10,súp bro
2026-06-10, 
2026-06-10,làm ơn Tắm nước nóng Phú Quốc
2026-06-10,có nơi
2026-06-10,ad ơi Xe đạp đi Phú Quốc
2026-06-10, 
2026-06-10,ad ơi Thông tin du lịch Mũi Né
2026-06-10, 
2026-06-10,cho tôi hỏi Chèo thuyền ở Đà Lạt
2026-06-10,mình hỏi Hà Nội ở đâu
2026-06-10,Top
2026-06-10, 
2026-06-10, 
2026-06-10,viết bài văn tả con mèo
2026-06-10,làm ơn Lịch trình Phú Quốc cho gia đình
2026-06-10,mình hỏi Nhà nghỉ Nha Trang giá rẻ
2026-06-10, 
2026-06-10,làm ơn Ăn tối trên du thuyền Huế
2026-06-10, 
2026-06-10,mình hỏi Cắm trại Hội An
2026-06-10,cho em hỏi Du lịch Đà Nẵng tự túc
2026-06-10,làm ơn Vé máy bay Hội An khứ hồi
2026-06-10, 
2026-06-10, 
2026-06-10,ad ơi Đặt tour Mũi Né cho đoàn
2026-06-10,Cao Bằng
2026-06-10,mình hỏi Nha Trang cách Hà Nội bao xa
2026-06-10,tôi đi Nha Trang nha
2026-06-10,ad ơi Nên đi Mũi Né ko
2026-06-10,săn mây
2026-06-10,trẻ dưới 2 tuổi tính vé sao
2026-06-10,làm ơn Sa Pa 🍜 gì cho bữa sáng
2026-06-10,ad ơi Tôi đã đi Hội An năm ngoái rất thích
2026-06-10,Thông tin du lịch Mũi Né
2026-06-10,Vịnh Lan Hạ
2026-06-10,ad ơi Sa
2026-06-10,ad ơi Khách sạn Sa Pa giá rẻ
2026-06-10,đi ngủ đây
2026-06-10,cho tôi hỏi Nên đi Mũi Né ko
2026-06-10, 
2026-06-10,ăn đặc sản
2026-06-10, 
2026-06-10,hội an ở đâu
2026-06-10,leo núi nhân tạo
2026-06-10,ad ơi Leo núi ở Huế
2026-06-10,cho tôi hỏi Nhà nghỉ Mũi Né giá rẻ
2026-06-10,cho em hỏi Khuyến mãi tour Phú Quốc
2026-06-10,chụp ảnh
2026-06-10,mình hỏi Check in Huế ở đâu
2026-06-10,làm ơn Tiền
2026-06-10,chỗ
2026-06-10,mình hỏi
2026-06-10,ad ơi Nhà hàng Vũng Tàu sang trọng
2026-06-10,Giới thiệu về Mũi Né
2026-06-10,cho hỏi thêm xíu nha
2026-06-10, 
2026-06-10,Phú
2026-06-10,cho em hỏi
2026-06-10,ad ơi Bố mẹ tôi thích Nha Trang
2026-06-10,mình hỏi Tiền ăn ở Hội An 1 ngày
2026-06-10,mình hỏi Tour Huế team building
2026-06-10, 
2026-06-10,cho em hỏi Cả nhà tôi đi Huế dịp Tết
2026-06-10, 
2026-06-10,cho em hỏi Khám phá ẩm thực đường phố Hội An
2026-06-10,từ Sài Gòn qua Vũng Tàu
2026-06-10,làm ơn Đi chợ Hội An về đêm
2026-06-10, 
2026-06-10,đắt quá thôi
2026-06-10,đến huế thì ăn món gì ngon
2026-06-10,cho tôi
2026-06-10, 
2026-06-10,thăm
2026-06-10, 
2026-06-10,từ Sài Gòn
2026-06-10, 
2026-06-10, 
2026-06-10, 
2026-06-10, 
2026-06-10,sống ảo
2026-06-10,cho em hỏi
2026-06-10,cho em hỏi Đi Sa Pa bằng tàu cao tốc
2026-06-10,ad ơi Công ty tôi tổ chức team building ở Mũi Né
2026-06-10,đỉnh
2026-06-10, 
2026-06-10, 
2026-06-10,Thời tiết Nha Trang tháng 12
2026-06-10, 
2026-06-10,làm ơn Tour Đà Lạt khởi hành từ Hà Nội
2026-06-10, 
2026-06-10,Tôi muốn đưa con đi Đà Lạt
2026-06-10, 
2026-06-10, 
2026-06-10,view
2026-06-10,thế cũng được
2026-06-10,paddle
2026-06-10, 
2026-06-10,tour đà lạt 3 ngày 2 đêm này giá chính xác bao nhiêu
2026-06-10,cho tôi hỏi Bài viết về Đà Lạt
2026-06-10,mình hỏi Ở Hà Nội ăn gì ngon
2026-06-10,check-in
2026-06-10,Nhà nghỉ Nha Trang giá rẻ
2026-06-10,Hồ Chí Minh
2026-06-10, 
2026-06-10,cho em hỏi Đi Vũng Tàu bao nhiêu ngày
2026-06-10,cho tôi
2026-06-10, 
2026-06-10,làm ơn Resort Mũi Né gia đình
2026-06-10, 
2026-06-10,ad ơi Tour Huế team building
2026-06-10,Đà Nẵng ăn gì cho bữa sáng
2026-06-10, 
2026-06-10,cho em hỏi Tour Vũng Tàu cho cặp đôi
2026-06-10,Tour Đà Nẵng cho người già
2026-06-10, 
2026-06-10,mình
2026-06-10,đặt chỗ tour Hà Nội
2026-06-10, 
2026-06-10,ad ơi Đi bộ biển Đà Nẵng
2026-06-10, 
2026-06-10,cho em hỏi
2026-06-10,buffet hội an giá rẻ
2026-06-10,dã ngoại
2026-06-10,muốn trải nghiệm văn hóa bản địa
2026-06-10,cho em hỏi Ăn chay Huế
2026-06-10,làm ơn Mũi
2026-06-10, 
2026-06-10,dạo này stress quá có chỗ nào [yên tĩnh](category) đi [vài ngày](duration) không
2026-06-10,Đặt tour Đà Nẵng tiết kiệm
2026-06-10, 
2026-06-10, 
2026-06-10, 
2026-06-10,tìm [homestay](category)
2026-06-10,Phú Quốc nổi tiếng về gì
2026-06-10,ad ơi Phú Quốc có gì ngon
2026-06-10, 
2026-06-10,làm ơn Tắm nước nóng Phú Quốc
2026-06-10,làm ơn đặt tour mũi né cho đoàn
2026-06-10,cho tôi hỏi Booking tour Đà Lạt giá rẻ
2026-06-10, 
2026-06-10,cho em hỏi Lịch trình Mũi Né tự túc
2026-06-10,làm ơn Tour du lịch Đà Nẵng giá rẻ
2026-06-10,cho tôi hỏi Lịch trình tour Nha Trang
2026-06-10, 
2026-06-10,tui muốn đi từ tháng 2 đến tháng 5
2026-06-10, 
2026-06-10,làm ơn Nên đi Phú Quốc mấy ngày
2026-06-10,du
2026-06-10,Chi phí du lịch Nha Trang 3 ngày
2026-06-10, 
2026-06-10,Yên Bái
2026-06-10, 
2026-06-10,làm ơn Tour Phú Quốc trọn gói bao gồm
2026-06-10,mình hỏi Hà Nội nổi tiếng về gì
2026-06-10,cho em hỏi Công ty tôi tổ chức team building ở Phú Quốc
2026-06-10,ad ơi Mùa mưa ở Mũi Né tháng nào
2026-06-10, 
2026-06-10,cho tôi hỏi chi phí ăn uống ở đà lạt
2026-06-10, 
2026-06-10,Đặt tour
2026-06-10, 
2026-06-10, 
2026-06-10, 
2026-06-10, 
2026-06-10,Check in Hà Nội ở đâu
2026-06-10, 
2026-06-10,Chi phí
2026-06-10,Tour Phú Quốc trọn gói bao gồm
2026-06-10,mình hỏi Thời tiết Huế tháng 12
2026-06-10,thế còn
2026-06-10,Chi phí
2026-06-10, 
2026-06-10,cho em hỏi Tour Phú Quốc cuối tuần
2026-06-10,cho em hỏi Tour Đà Nẵng 4 ngày 3 đêm
2026-06-10, 
2026-06-10,làm ơn Đi Mũi Né bằng xe máy
2026-06-10,mình hỏi Khách sạn Sa Pa giá rẻ
2026-06-10,ad ơi Đi Vũng Tàu bao nhiêu ngày
2026-06-10,ad ơi Hải sản Phú Quốc tươi ngon
2026-06-10,goodbye
2026-06-10,cho em hỏi Chi phí du lịch Đà Lạt 3 ngày
2026-06-10,ad ơi Tour Hội An team building
2026-06-10, 
2026-06-10,Bạc Liêu
2026-06-10,chốt kèo đi biển nha
2026-06-10, 
2026-06-10,Gợi ý
2026-06-10,"(?i)(?:[-+]\s*)?\b\d+(?:[\.,]\d+)?\s*củ\b"
2026-06-10,cho tôi hỏi Homestay Mũi Né gần trung tâm
2026-06-10, 
2026-06-10,tour vũng tàu 5 ngày 4 đêm
2026-06-10, 
2026-06-10,làm ơn Đi bộ biển Đà Lạt
2026-06-10,tôi muốn đi Đà Nẵng
2026-06-10,mình hỏi Chi phí thuê xe Hội An
2026-06-10,tour khởi
2026-06-10,cho tôi hỏi Hà Nội ở đâu
2026-06-10,ad ơi Tàu hỏa Huế bao nhiêu tiền
2026-06-10,làm ơn Resort Mũi Né gia đình
2026-06-10,chỗ nào [trekking](activity) đẹp
2026-06-10,cho em hỏi
2026-06-10, 
2026-06-10,làm ơn Combo Phú Quốc trọn gói
2026-06-10, 
2026-06-10, 
2026-06-10, 
2026-06-10,cho em hỏi Đi Đà Lạt 1 ngày thì đi đâu
2026-06-10, 
2026-06-10, 
2026-06-10, 
2026-06-10, 
2026-06-10, 
2026-06-10, 
2026-06-10,cho em
2026-06-10,làm ơn Nhiệt độ Phú Quốc trung bình
2026-06-10,shopping
2026-06-10,cho tôi hỏi Khách sạn Sa Pa gần chợ đêm
2026-06-10,ad ơi khách sạn nha trang gần sân bay
2026-06-10,ad ơi Tour Vũng Tàu 3 ngày 2 đêm
2026-06-10,mình hỏi Bánh xèo Phú Quốc
2026-06-10,làm ơn Tôi đã đi Hội An năm ngoái rất thích
2026-06-10,cho em hỏi Bạn tôi gợi ý đi Sa Pa
2026-06-10,tìm [homestay](category)
2026-06-10, 
2026-06-10, 
2026-06-10, 
2026-06-10,mình hỏi Giá vé tham quan Sa Pa
2026-06-10, 
2026-06-10, 
2026-06-10,Tour Huế khuyến mãi
2026-06-10,cho tôi hỏi Tour Vũng Tàu cho cặp đôi
2026-06-10,thông tin chi tiết tour đà nẵng
2026-06-10,Hải sản
2026-06-10,tour Đà Lạt
2026-06-10,nhà hàng
2026-06-10, 
2026-06-10,ad ơi
2026-06-10,ad ơi Cả nhà tôi đi Huế dịp Tết
2026-06-10,cho tôi hỏi
2026-06-10, 
2026-06-10,Khuyến mãi tour Phú Quốc
2026-06-10,Bích Động
2026-06-10,Câu
2026-06-10,cho tôi hỏi Đặt tour Hội An khuyến mãi
2026-06-10, 
2026-06-10,cho tôi hỏi Du lịch Đà Nẵng tự túc
2026-06-10,cho em hỏi Lẩu Hà Nội ăn ở đâu
2026-06-10,huỳnh như đá ở đội nào
2026-06-10,thăm làng chài
2026-06-10, 
2026-06-10,tạm
2026-06-10,mình hỏi
2026-06-10,Đi phượt Hội An bằng xe máy
2026-06-10,mình hỏi Nên đi Mũi Né không
2026-06-10, 
2026-06-10,Đà Lạt có homestay nào đẹp
2026-06-10,cho tôi hỏi Du lịch Nha Trang mùa đông
2026-06-10, 
2026-06-10,Check in Đà Nẵng ở đâu
2026-06-10, 
2026-06-10,ad ơi cả nhà tôi đi huế dịp tết
2026-06-10,cho em hỏi Chợ Mũi Né ẩm thực
2026-06-10,Vũng Tàu có đặc sản gì?
2026-06-10,Biển Mũi Né
2026-06-10,Tiền 🍜 ở Hà Nội 1 ngày
2026-06-10,mình hỏi Tour Phú Quốc 4 ngày 3 đêm
2026-06-10,cho tôi hỏi
2026-06-10, 
2026-06-10, 
2026-06-10,cho tôi
2026-06-10,làm ơn Kinh nghiệm đi Đà Nẵng lần đầu
2026-06-10,mình hỏi Tôi ở Vũng Tàu r muốn đi tiếp
2026-06-10, 
2026-06-10,mình hỏi Vợ chồng tôi cưới ở Phú Quốc
2026-06-10, 
2026-06-10,làm ơn Đi
2026-06-10,đi Đà Nẵng tầm bao nhiêu tiền
2026-06-10, 
2026-06-10,làm ơn
2026-06-10,Check
2026-06-10, 
2026-06-10,mình muốn đặt tour đi vịnh Hạ Long [2 người lớn 1 trẻ em](party_size)
2026-06-10, 
2026-06-10, 
2026-06-10,dạo này
2026-06-10,cho tôi hỏi Phú Quốc có j chơi
2026-06-10,Mì
2026-06-10, 
2026-06-10,muốn thuê [villa](category) nguyên căn
2026-06-10,mình hỏi Thời tiết Vũng Tàu tháng 6
2026-06-10,Khuyến mãi tour Phú Quốc
