text,intent
mình hỏi Tắm nước nóng Hà Nội,search_activity
ad ơi Nhiệt độ Phú Quốc trung bình,ask_weather_timing
ad ơi Nhà nghỉ Nha Trang giá rẻ,search_accommodation
mình hỏi Tour Đà Nẵng team building,search_travel
cho tôi hỏi Xe đạp đi Phú Quốc,ask_transportation
làm ơn Taxi ở Nha Trang giá rẻ,ask_transportation
cho tôi hỏi Đi bộ biển Đà Lạt,search_activity
cho em hỏi Top địa điểm Huế,search_destination
cho em hỏi Hải sản Hà Nội tươi ngon,search_food_dining
Tàu hỏa Huế bao nhiêu tiền,ask_transportation
cho em hỏi Thời gian lý tưởng đi Vũng Tàu,ask_weather_timing
Ngắm hoàng hôn Hội An,search_activity
ad ơi Resort Đà Lạt 5 sao,search_accommodation
mình hỏi Đặt tour Vũng Tàu cho đoàn,book_tour
cho tôi hỏi Đi bộ biển Mũi Né,search_activity
Đặt phòng khách sạn Đà Lạt,book_tour
cho em hỏi Hội An ở đâu,search_destination
ad ơi Mũi Né có quán nào nổi tiếng,search_food_dining
cho tôi hỏi Phú Quốc nổi tiếng về gì,search_destination
ad ơi Đặc sản Sa Pa phải thử,search_food_dining
mình hỏi Ẩm thực Hội An món gì đặc sản,search_food_dining
ad ơi Combo Phú Quốc trọn gói,search_travel
ad ơi Thời tiết Huế tháng 12,ask_weather_timing
Tôi muốn đưa con đi Phú Quốc,inform
Các hãng bay đến Vũng Tàu,ask_transportation
cho em hỏi Hải sản Sa Pa tươi ngon,search_food_dining
cho em hỏi Tour du lịch Đà Lạt giá rẻ,search_travel
mình hỏi Hải sản Phú Quốc tươi ngon,search_food_dining
cho tôi hỏi Vẻ đẹp Sa Pa,search_destination
mình hỏi Chia sẻ kinh nghiệm Đà Nẵng,search_destination
ad ơi Đi thác Đà Nẵng tham quan,search_activity
mình hỏi Cả nhà tôi đi Huế dịp Tết,inform
mình hỏi Tôi muốn đưa con đi Mũi Né,inform
cho tôi hỏi Đi thác Đà Nẵng tham quan,search_activity
cho tôi hỏi Hải sản Phú Quốc tươi ngon,search_food_dining
làm ơn Du lịch Đà Nẵng tự túc,search_travel
cho em hỏi Tắm nước nóng Đà Lạt,search_activity
mình hỏi Bố mẹ tôi thích Nha Trang,inform
cho tôi hỏi Đi bộ biển Đà Lạt,search_activity
Tour Vũng Tàu cho cặp đôi,search_travel
làm ơn Resort Mũi Né gia đình,search_accommodation
làm ơn Sa Pa ăn gì cho bữa sáng,search_food_dining
làm ơn Gợi ý tour Nha Trang 2 ngày,ask_itinerary
làm ơn Hải sản Sa Pa giá rẻ,search_food_dining
cho em hỏi Lịch trình Mũi Né tự túc,ask_itinerary
cho em hỏi Đi Mũi Né bằng xe máy,ask_transportation
cho tôi hỏi Ở Phú Quốc 4 ngày đi đâu,ask_itinerary
Tiền ăn ở Hội An 1 ngày,search_price
mình hỏi Du lịch Nha Trang mùa đông,search_travel
Món Việt Nha Trang ngon,search_food_dining
mình hỏi Tôi nghe nói Đà Nẵng rất đẹp,inform
cho em hỏi Công ty tôi tổ chức team building ở Mũi Né,inform
Tiền ăn ở Hội An 1 ngày,search_price
mình hỏi Đi phượt Sa Pa bằng xe máy,search_activity
cho em hỏi Nhiệt độ Nha Trang trung bình,ask_weather_timing
Nha Trang ăn gì cho bữa sáng,search_food_dining
ad ơi Tour Phú Quốc giá học sinh,search_travel
làm ơn Khách sạn Hà Nội giá rẻ,search_accommodation
cho tôi hỏi Lịch trình Phú Quốc cho gia đình,ask_itinerary
ad ơi Cả nhà tôi đi Nha Trang dịp Tết,inform
cho tôi hỏi Nhiệt độ Sa Pa trung bình,ask_weather_timing
cho em hỏi Buffet Hội An giá rẻ,search_food_dining
cho tôi hỏi Thời tiết Huế tháng 12,ask_weather_timing
cho em hỏi Kế hoạch du lịch Huế,ask_itinerary
Ở Phú Quốc 4 ngày đi đâu,ask_itinerary
cho tôi hỏi Tour Phú Quốc giá học sinh,search_travel
cho em hỏi Bạn tôi gợi ý đi Mũi Né,inform
ad ơi Combo Phú Quốc trọn gói,search_travel
mình hỏi Cảnh đẹp Đà Nẵng nổi tiếng,search_destination
làm ơn Từ Hà Nội đi Phú Quốc bằng gì,ask_transportation
cho em hỏi Có gì đẹp ở Hội An,search_destination
ad ơi Booking tour Nha Trang giá tốt,search_travel
Hải sản Hà Nội tươi ngon,search_food_dining
làm ơn Đi thuyền Vũng Tàu,search_activity
cho tôi hỏi Công ty tôi tổ chức team building ở Mũi Né,inform
Check in Đà Nẵng ở đâu,search_destination
ad ơi Tour Sa Pa VIP 5 sao,search_travel
ad ơi Tour Vũng Tàu giá học sinh,search_travel
cho em hỏi Đi Nha Trang tham quan gì,search_destination
làm ơn Booking tour Đà Lạt giá rẻ,book_tour
ad ơi Book phòng Đà Lạt view biển,book_tour
mình hỏi Ngắm hoàng hôn Hội An,search_activity
ad ơi Tour Phú Quốc giá học sinh,search_travel
Booking tour Vũng Tàu giá rẻ,book_tour
cho em hỏi Tôi nghe nói Sa Pa rất đẹp,inform
cho em hỏi Đặt tour Đà Nẵng tiết kiệm,book_tour
làm ơn Khám phá ẩm thực đường phố Hội An,search_activity
làm ơn Check in Huế ở đâu,search_destination
ad ơi Kỳ nghỉ Hà Nội,search_travel
ad ơi Nhà nghỉ Sa Pa giá rẻ,search_accommodation
ad ơi Kỳ nghỉ Hà Nội,search_travel
ad ơi Đà Nẵng ăn gì cho bữa sáng,search_food_dining
Đi chợ Hội An về đêm,search_activity
cho tôi hỏi Tour Huế cho cặp đôi,search_travel
làm ơn Booking tour Nha Trang giá tốt,search_travel
cho em hỏi Đặt vé máy bay đi Sa Pa,book_tour
làm ơn Tour Sa Pa trọn gói bao gồm,search_travel
ad ơi Tôi ở Phú Quốc rồi muốn đi tiếp,inform
Bài viết về Đà Nẵng,search_destination
cho tôi hỏi Khám phá Hà Nội,search_destination
cho em hỏi Ăn tối trên du thuyền Mũi Né,search_activity
cho em hỏi Đi thác Đà Nẵng tham quan,search_activity
làm ơn Hải sản Sa Pa giá rẻ,search_food_dining
mình hỏi Đặt tour Hội An khuyến mãi,book_tour
cho em hỏi Đi Sa Pa bằng tàu cao tốc,ask_transportation
mình hỏi Đi Huế bao nhiêu ngày,ask_itinerary
Cả nhà tôi đi Huế dịp Tết,inform
cho tôi hỏi Đi Nha Trang tham quan gì,search_destination
ad ơi Đi Mũi Né bằng xe máy,ask_transportation
Đặt tour Đà Nẵng tiết kiệm,book_tour
cho tôi hỏi Tôi muốn đưa con đi Vũng Tàu,inform
cho em hỏi Tour Hội An nghỉ dưỡng,search_travel
làm ơn Tour du lịch Đà Nẵng giá rẻ,search_travel
mình hỏi Tôi muốn tìm hiểu về Vũng Tàu,inform
mình hỏi Đặc sản Sa Pa phải thử,search_food_dining
cho em hỏi Check in Huế ở đâu,search_destination
làm ơn Tour Đà Nẵng cho người già,search_travel
cho tôi hỏi Giá vé tham quan Sa Pa,search_price
ad ơi Booking tour Đà Nẵng giá rẻ,book_tour
cho em hỏi Tiền ăn ở Hội An 1 ngày,search_price
cho tôi hỏi Du lịch Đà Nẵng tự túc,search_travel
cho tôi hỏi Từ Hà Nội đi Phú Quốc bằng gì,ask_transportation
làm ơn Homestay Huế view đẹp,search_accommodation
ad ơi Tour Nha Trang 4 ngày 3 đêm,search_travel
mình hỏi Xe giường nằm đi Huế,ask_transportation
làm ơn Tôi muốn đưa con đi Phú Quốc,inform
cho em hỏi Cả nhà tôi đi Nha Trang dịp Tết,inform
cho tôi hỏi Vẻ đẹp Sa Pa,search_destination
mình hỏi Thời gian lý tưởng đi Vũng Tàu,ask_weather_timing
Đặt tour Hà Nội khuyến mãi,book_tour
ad ơi Tàu hỏa Huế bao nhiêu tiền,ask_transportation
cho em hỏi Nha Trang cách Hà Nội bao xa,search_destination
mình hỏi Tour Vũng Tàu cho cặp đôi,search_travel
làm ơn Vẻ đẹp Sa Pa,search_destination
làm ơn Leo núi ở Mũi Né,search_activity
ad ơi Đi thuyền Hà Nội,search_activity
cho em hỏi Công ty tôi tổ chức team building ở Mũi Né,inform
làm ơn Đi Đà Lạt bằng tàu cao tốc,ask_transportation
mình hỏi Nhà nghỉ Nha Trang giá rẻ,search_accommodation
cho em hỏi Check in Đà Nẵng ở đâu,search_destination
cho tôi hỏi Đặc sản Đà Nẵng phải thử,search_food_dining
mình hỏi Hải sản Đà Lạt tươi ngon,search_food_dining
mình hỏi Đi Đà Lạt 1 ngày thì đi đâu,ask_itinerary
làm ơn Chi phí thuê xe Vũng Tàu,search_price
làm ơn Tour Hội An team building,search_travel
Nhà hàng Vũng Tàu sang trọng,search_food_dining
làm ơn Chi phí du lịch Huế 3 ngày,search_price
cho em hỏi Cảnh đẹp Đà Nẵng nổi tiếng,search_destination
Mua vé tham quan Đà Lạt,book_tour
Khuyến mãi tour Phú Quốc,search_price
mình hỏi Mũi Né có quán nào nổi tiếng,search_food_dining
mình hỏi Đặt tour Đà Lạt tiết kiệm,book_tour
cho tôi hỏi Bạn tôi gợi ý đi Mũi Né,inform
Đi Nha Trang tham quan gì,search_destination
cho em hỏi Đi Hội An dịp lễ có vui không,ask_weather_timing
cho em hỏi Phú Quốc nổi tiếng về gì,search_destination
ad ơi Nha Trang có quán nào nổi tiếng,search_food_dining
Xe limousine đi Mũi Né,ask_transportation
cho em hỏi Review du lịch Huế,search_destination
Thông tin du lịch Mũi Né,search_destination
ad ơi Gợi ý lịch trình Mũi Né,ask_itinerary
Booking tour Huế giá tốt,search_travel
làm ơn Mũi Né có quán nào nổi tiếng,search_food_dining
cho tôi hỏi Tắm nước nóng Phú Quốc,search_activity
ad ơi Tôi ở Phú Quốc rồi muốn đi tiếp,inform
cho em hỏi Ẩm thực Hội An món gì đặc sản,search_food_dining
cho tôi hỏi Tour Đà Nẵng 3 ngày 2 đêm,search_travel
mình hỏi Chi phí ăn uống ở Đà Lạt,search_price
Mì quảng Hà Nội,search_food_dining
cho em hỏi Ăn vặt Huế,search_food_dining
cho em hỏi Các hãng bay đến Vũng Tàu,ask_transportation
ad ơi Cafe view đẹp Hội An,search_food_dining
Đặt tour Hà Nội khuyến mãi,book_tour
làm ơn Hải sản Sa Pa tươi ngon,search_food_dining
cho tôi hỏi Booking tour Vũng Tàu giá rẻ,book_tour
Tour Huế team building,search_travel
cho tôi hỏi Vé máy bay Hội An khứ hồi,search_price
cho tôi hỏi Cafe view đẹp Nha Trang,search_food_dining
làm ơn Đặt vé máy bay đi Hà Nội,book_tour
ad ơi Tour Vũng Tàu cho cặp đôi,search_travel
cho tôi hỏi Điểm đến Đà Lạt,search_destination
cho em hỏi Đặt vé máy bay đi Hà Nội,book_tour
ad ơi Mùa mưa ở Mũi Né tháng nào,ask_weather_timing
ad ơi Lặn ngắm san hô Sa Pa,search_activity
cho tôi hỏi Đi Huế bao nhiêu ngày,ask_itinerary
cho em hỏi Thời tiết Huế tháng 12,ask_weather_timing
cho tôi hỏi Nhà hàng Vũng Tàu sang trọng,search_food_dining
cho em hỏi Căn hộ Hội An view đẹp,search_accommodation
ad ơi Tắm nước nóng Hà Nội,search_activity
cho tôi hỏi Tôi muốn đưa con đi Vũng Tàu,inform
cho tôi hỏi Tour Huế cho cặp đôi,search_travel
Đi phượt Sa Pa bằng xe máy,search_activity
mình hỏi Sa Pa cách Hà Nội bao xa,search_destination
cho em hỏi Du lịch Đà Lạt tự túc,search_travel
mình hỏi Cảnh đẹp Mũi Né nổi tiếng,search_destination
cho em hỏi Khám phá ẩm thực đường phố Hội An,search_activity
cho tôi hỏi Chi phí thuê xe Hà Nội,search_price
mình hỏi Chi phí du lịch Nha Trang 3 ngày,search_price
làm ơn Hải sản Phú Quốc tươi ngon,search_food_dining
mình hỏi Booking tour Đà Lạt giá rẻ,book_tour
Bạn tôi gợi ý đi Mũi Né,inform
mình hỏi Đặt tour Vũng Tàu cho đoàn,book_tour
làm ơn Resort Mũi Né gia đình,search_accommodation
cho em hỏi Đi bộ biển Đà Nẵng,search_activity
làm ơn Lặn ngắm san hô Nha Trang,search_activity
ad ơi Chia sẻ kinh nghiệm Vũng Tàu,search_destination
cho em hỏi Bánh xèo Phú Quốc,search_food_dining
cho tôi hỏi Quán ăn ngon ở Hội An,search_food_dining
cho em hỏi Vé máy bay Hội An khứ hồi,search_price
làm ơn Chi phí du lịch Hà Nội 3 ngày,search_price
ad ơi Tiền ăn ở Hà Nội 1 ngày,search_price
ad ơi Tour Sa Pa trọn gói bao gồm,search_travel
cho tôi hỏi Chia sẻ kinh nghiệm Phú Quốc,search_destination
làm ơn Tàu hỏa Huế bao nhiêu tiền,ask_transportation
làm ơn Đi Vũng Tàu bao nhiêu ngày,ask_itinerary
làm ơn Căn hộ Hội An view đẹp,search_accommodation
ad ơi Nhà nghỉ Mũi Né giá rẻ,search_accommodation
làm ơn Tour Nha Trang 5 ngày 4 đêm,search_travel
cho em hỏi Tour Đà Nẵng 3 ngày 2 đêm,search_travel
ad ơi Phú Quốc nổi tiếng về gì,search_destination
cho em hỏi Du lịch Đà Nẵng tự túc,search_travel
cho em hỏi Khách sạn Sa Pa gần chợ đêm,search_accommodation
ad ơi Taxi ở Nha Trang giá rẻ,ask_transportation
ad ơi Chi phí thuê xe Hội An,search_price
Đặt tour Đà Nẵng tiết kiệm,book_tour
cho em hỏi Tour Vũng Tàu 3 ngày 2 đêm,search_travel
cho em hỏi Order tour Vũng Tàu,book_tour
làm ơn Tour Nha Trang cuối tuần,search_travel
mình hỏi Đi Hội An dịp lễ có vui không,ask_weather_timing
mình hỏi Hải sản Đà Lạt tươi ngon,search_food_dining
Check in Đà Nẵng ở đâu,search_destination
Câu cá ở Đà Nẵng,search_activity
ad ơi Du lịch Đà Lạt tự túc,search_travel
làm ơn Bánh xèo Hà Nội,search_food_dining
làm ơn Cảnh đẹp Mũi Né nổi tiếng,search_destination
ad ơi Hải sản Sa Pa giá rẻ,search_food_dining
ad ơi Review du lịch Huế,search_destination
cho em hỏi Giới thiệu về Phú Quốc,search_destination
cho tôi hỏi Tour Nha Trang 4 ngày 3 đêm,search_travel
cho tôi hỏi Kinh phí đi Sa Pa tiết kiệm,search_price
Book combo Huế,book_tour
cho tôi hỏi Ăn tối trên du thuyền Mũi Né,search_activity
làm ơn Booking tour Huế giá tốt,search_travel
cho em hỏi Nha Trang ăn gì cho bữa sáng,search_food_dining
làm ơn Khu nghỉ dưỡng Hội An,search_accommodation
cho tôi hỏi Booking tour Đà Lạt giá rẻ,book_tour
Hải sản Sa Pa tươi ngon,search_food_dining
mình hỏi Chia sẻ kinh nghiệm Vũng Tàu,search_destination
mình hỏi Tour Sa Pa trọn gói bao gồm,search_travel
cho tôi hỏi Cả nhà tôi đi Nha Trang dịp Tết,inform
làm ơn Nha Trang ăn gì cho bữa sáng,search_food_dining
làm ơn Tour Nha Trang khuyến mãi,search_travel
cho em hỏi Homestay Huế view đẹp,search_accommodation
làm ơn Xe khách đi Hội An giờ nào,ask_transportation
cho em hỏi Ăn vặt Hội An,search_food_dining
mình hỏi Khám phá Huế,search_destination
cho em hỏi Tour Vũng Tàu giá học sinh,search_travel
cho tôi hỏi Giới thiệu về Phú Quốc,search_destination
ad ơi Gợi ý tour Nha Trang 2 ngày,ask_itinerary
cho tôi hỏi Homestay Vũng Tàu view đẹp,search_accommodation
làm ơn Khách sạn Hà Nội giá rẻ,search_accommodation
ad ơi Tour Huế cho cặp đôi,search_travel
cho tôi hỏi Kinh phí đi Huế tiết kiệm,search_price
Vũng Tàu nổi tiếng về gì,search_destination
cho tôi hỏi Bài viết về Đà Lạt,search_destination
ad ơi Tour Nha Trang cuối tuần,search_travel
ad ơi Cafe view đẹp Hội An,search_food_dining
làm ơn Tắm nước nóng Phú Quốc,search_activity
Nha Trang ăn gì cho bữa sáng,search_food_dining
cho tôi hỏi Khu nghỉ dưỡng Hội An,search_accommodation
cho em hỏi Homestay đẹp ở Hà Nội,search_accommodation
ad ơi Villa Mũi Né hồ bơi,search_accommodation
Đi Đà Lạt trong 2 ngày,ask_itinerary
làm ơn Đặt tour Mũi Né cho đoàn,book_tour
mình hỏi Đi Đà Lạt mùa nào đẹp,search_destination
mình hỏi Homestay đẹp ở Hà Nội,search_accommodation
làm ơn Xe limousine đi Hội An,ask_transportation
mình hỏi Điểm đến Đà Lạt,search_destination
ad ơi Tour Phú Quốc giá học sinh,search_travel
cho em hỏi Câu cá ở Đà Nẵng,search_activity
Đặc sản Sa Pa phải thử,search_food_dining
làm ơn Top địa điểm Huế,search_destination
Khu nghỉ dưỡng Hội An,search_accommodation
ad ơi Homestay Mũi Né gần trung tâm,search_accommodation
ad ơi Bánh xèo Phú Quốc,search_food_dining
làm ơn Chi phí thuê xe Vũng Tàu,search_price
cho em hỏi Lịch Sa Pa phù hợp,ask_itinerary
cho em hỏi Nhiệt độ Nha Trang trung bình,ask_weather_timing
cho tôi hỏi Resort Đà Nẵng hồ bơi,search_accommodation
ad ơi Kế hoạch du lịch Huế,ask_itinerary
ad ơi Cafe view đẹp Hà Nội,search_food_dining
mình hỏi Resort Đà Nẵng hồ bơi,search_accommodation
làm ơn Review du lịch Hà Nội,search_destination
cho tôi hỏi Đặt tour Vũng Tàu cho đoàn,book_tour
mình hỏi Tôi muốn đưa con đi Phú Quốc,inform
làm ơn Vợ chồng tôi cưới ở Phú Quốc,inform
mình hỏi Giá vé tham quan Sa Pa,search_price
cho em hỏi Booking tour Vũng Tàu giá rẻ,book_tour
mình hỏi Bài viết về Đà Lạt,search_destination
cho tôi hỏi Lịch trình tour Nha Trang,search_travel
cho tôi hỏi Leo núi ở Mũi Né,search_activity
ad ơi Order tour Vũng Tàu,book_tour
làm ơn Mùa mưa ở Mũi Né tháng nào,ask_weather_timing
Hải sản Đà Lạt tươi ngon,search_food_dining
ad ơi Cảnh đẹp Mũi Né nổi tiếng,search_destination
cho em hỏi Cắm trại Hội An,search_activity
cho tôi hỏi Top địa điểm Huế,search_destination
mình hỏi Đi bộ biển Đà Lạt,search_activity
Tour Sa Pa VIP 5 sao,search_travel
cho tôi hỏi Đi Vũng Tàu bao nhiêu ngày,ask_itinerary
cho tôi hỏi Đi Đà Lạt trong 2 ngày,ask_itinerary
cho em hỏi Tour Vũng Tàu 3 ngày 2 đêm,search_travel
mình hỏi Chia sẻ kinh nghiệm Đà Nẵng,search_destination
Nhà nghỉ Sa Pa giá rẻ,search_accommodation
ad ơi Lượng mưa Đà Lạt hàng năm,ask_weather_timing
cho tôi hỏi Review du lịch Hà Nội,search_destination
mình hỏi Resort Mũi Né gia đình,search_accommodation
cho tôi hỏi Homestay Mũi Né gần trung tâm,search_accommodation
mình hỏi Mua vé tham quan Đà Lạt,book_tour
cho em hỏi Khu nghỉ dưỡng Sa Pa,search_accommodation
cho tôi hỏi Món Việt Nha Trang ngon,search_food_dining
ad ơi Đi Mũi Né dịp lễ có vui không,ask_weather_timing
cho tôi hỏi Đi Vũng Tàu bao nhiêu ngày,ask_itinerary
ad ơi Tour Sa Pa VIP 5 sao,search_travel
Sa Pa ăn gì cho bữa sáng,search_food_dining
cho em hỏi Villa Mũi Né hồ bơi,search_accommodation
cho tôi hỏi Phú Quốc nổi tiếng về gì,search_destination
làm ơn Kinh phí đi Vũng Tàu tiết kiệm,search_price
làm ơn Thời tiết Vũng Tàu tháng 6,ask_weather_timing
ad ơi Lịch trình Vũng Tàu tự túc,ask_itinerary
cho tôi hỏi Thời tiết Huế tháng 12,ask_weather_timing
ad ơi Đi Đà Lạt bằng tàu cao tốc,ask_transportation
Đi thuyền Vũng Tàu,search_activity
ad ơi Tôi muốn đưa con đi Mũi Né,inform
mình hỏi Sa Pa ăn gì cho bữa sáng,search_food_dining
cho em hỏi Căn hộ Hội An view đẹp,search_accommodation
ad ơi Check in Hà Nội ở đâu,search_destination
mình hỏi Villa Mũi Né hồ bơi,search_accommodation
cho em hỏi Giá vé tham quan Sa Pa,search_price
cho em hỏi Tôi đã đi Hội An năm ngoái rất thích,inform
Gợi ý tour Mũi Né 2 ngày,ask_itinerary
Vợ chồng tôi cưới ở Hội An,inform
ad ơi Nhà nghỉ Mũi Né giá rẻ,search_accommodation
mình hỏi Homestay Mũi Né gần trung tâm,search_accommodation
làm ơn Check in Đà Nẵng ở đâu,search_destination
cho em hỏi Tour du lịch Đà Nẵng giá rẻ,search_travel
cho em hỏi Chi phí đi Vũng Tàu tự túc,search_price
ad ơi Tàu hỏa đi Nha Trang,ask_transportation
ad ơi Tour Huế team building,search_travel
mình hỏi Book phòng Đà Lạt view biển,book_tour
làm ơn Booking tour Vũng Tàu giá rẻ,book_tour
mình hỏi Tôi ở Vũng Tàu rồi muốn đi tiếp,inform
cho em hỏi Cắm trại Huế,search_activity
ad ơi Tắm nước nóng Đà Lạt,search_activity
cho em hỏi Hải sản Phú Quốc tươi ngon,search_food_dining
Đi Mũi Né dịp lễ có vui không,ask_weather_timing
ad ơi Tắm nước nóng Phú Quốc,search_activity
cho em hỏi Mùa khô ở Hà Nội,ask_weather_timing
Ở Hà Nội ăn gì ngon,search_food_dining
ad ơi Cắm trại Huế,search_activity
Bài viết về Đà Nẵng,search_destination
mình hỏi Quán ăn ngon ở Nha Trang,search_food_dining
ad ơi Tôi muốn tìm hiểu về Vũng Tàu,inform
cho em hỏi Mũi Né có quán nào nổi tiếng,search_food_dining
làm ơn Giá vé tham quan Sa Pa,search_price
cho em hỏi Tôi nghe nói Sa Pa rất đẹp,inform
mình hỏi Khách sạn Sa Pa giá rẻ,search_accommodation
cho tôi hỏi Hải sản Hà Nội tươi ngon,search_food_dining
Phương tiện đi Hà Nội rẻ nhất,ask_transportation
cho em hỏi Đi Huế bao nhiêu ngày,ask_itinerary
làm ơn Tour Vũng Tàu giá học sinh,search_travel
cho em hỏi Nhà nghỉ Mũi Né giá rẻ,search_accommodation
làm ơn Du lịch Nha Trang mùa đông,search_travel
mình hỏi Hải sản Hà Nội tươi ngon,search_food_dining
cho em hỏi Kinh phí đi Đà Nẵng tiết kiệm,search_price
cho tôi hỏi Ở Đà Nẵng mấy ngày là đủ,ask_itinerary
mình hỏi Tàu hỏa Huế bao nhiêu tiền,ask_transportation
cho em hỏi Check in Hà Nội ở đâu,search_destination
mình hỏi Đặt tour Hội An khuyến mãi,book_tour
mình hỏi Tàu hỏa đi Nha Trang,ask_transportation
ad ơi Lịch trình Mũi Né tự túc,ask_itinerary
làm ơn Đặt tour Hội An khuyến mãi,book_tour
cho tôi hỏi Lịch trình Đà Lạt 3 ngày 2 đêm,ask_itinerary
Đi Vũng Tàu bao nhiêu ngày,ask_itinerary
Xe limousine đi Mũi Né,ask_transportation
làm ơn Gợi ý lịch trình Mũi Né,ask_itinerary
ad ơi Du lịch Hà Nội tự túc,search_travel
mình hỏi Mùa mưa ở Mũi Né tháng nào,ask_weather_timing
Top địa điểm Hà Nội,search_destination
ad ơi Bạn tôi gợi ý đi Mũi Né,inform
cho em hỏi Du lịch Đà Lạt tự túc,search_travel
cho em hỏi Top địa điểm Huế,search_destination
cho em hỏi Hải sản Phú Quốc tươi ngon,search_food_dining
làm ơn Giới thiệu về Mũi Né,search_destination
cho tôi hỏi Tôi muốn đưa con đi Mũi Né,inform
mình hỏi Xe limousine đi Hội An,ask_transportation
làm ơn Check in Hà Nội ở đâu,search_destination
làm ơn Villa Mũi Né hồ bơi,search_accommodation
Leo núi ở Mũi Né,search_activity
làm ơn Đi Đà Lạt mùa nào đẹp,search_destination
làm ơn Tour Vũng Tàu giá học sinh,search_travel
ad ơi Chi phí đi Vũng Tàu tự túc,search_price
cho tôi hỏi Tôi muốn đưa con đi Mũi Né,inform
cho em hỏi Homestay Đà Lạt cho đôi người,search_accommodation
mình hỏi Homestay Huế view đẹp,search_accommodation
mình hỏi Khách sạn Hà Nội giá rẻ,search_accommodation
làm ơn Khách sạn Nha Trang gần sân bay,search_accommodation
cho em hỏi Các hãng bay đến Vũng Tàu,ask_transportation
làm ơn Thời tiết Vũng Tàu tháng 6,ask_weather_timing
Review du lịch Hà Nội,search_destination
cho tôi hỏi Có gì đẹp ở Hội An,search_destination
làm ơn Tour Đà Nẵng 4 ngày 3 đêm,search_travel
Khách sạn Sa Pa gần chợ đêm,search_accommodation
làm ơn Reserve phòng Đà Nẵng,book_tour
cho em hỏi Du lịch Đà Lạt tự túc,search_travel
làm ơn Các hãng bay đến Vũng Tàu,ask_transportation
mình hỏi Sa Pa cách Hà Nội bao xa,search_destination
mình hỏi Giới thiệu về Mũi Né,search_destination
ad ơi Hà Nội nổi tiếng về gì,search_destination
ad ơi Chè Hội An ngon,search_food_dining
ad ơi Review du lịch Hà Nội,search_destination
mình hỏi Combo Huế trọn gói,search_travel
cho tôi hỏi Khách sạn Sa Pa giá rẻ,search_accommodation
cho tôi hỏi Bánh xèo Phú Quốc,search_food_dining
Hội An ở đâu,search_destination
cho em hỏi Du lịch Hà Nội tự túc,search_travel
cho tôi hỏi Đi Mũi Né bằng xe máy,ask_transportation
Cắm trại Hội An,search_activity
Lịch trình tour Nha Trang,search_travel
làm ơn Tour Huế cho cặp đôi,search_travel
cho tôi hỏi Xe limousine đi Hội An,ask_transportation
Ở Hà Nội ăn gì ngon,search_food_dining
cho tôi hỏi Tour Phú Quốc 4 ngày 3 đêm,search_travel
Đà Lạt có homestay nào đẹp,search_accommodation
mình hỏi Đặc sản Đà Nẵng phải thử,search_food_dining
cho em hỏi Homestay Vũng Tàu view đẹp,search_accommodation
cho em hỏi Check in Hà Nội ở đâu,search_destination
Homestay Huế view đẹp,search_accommodation
Cafe view đẹp Hội An,search_food_dining
cho tôi hỏi Đi bộ biển Đà Nẵng,search_activity
ad ơi Cả nhà tôi đi Nha Trang dịp Tết,inform
ad ơi Khu nghỉ dưỡng Sa Pa,search_accommodation
cho em hỏi Lẩu Hà Nội ăn ở đâu,search_food_dining
cho tôi hỏi Tour Sa Pa VIP 5 sao,search_travel
ad ơi Đi thuyền Vũng Tàu,search_activity
làm ơn Hải sản Đà Lạt tươi ngon,search_food_dining
cho em hỏi Homestay Huế view đẹp,search_accommodation
cho em hỏi Tôi muốn đưa con đi Mũi Né,inform
cho tôi hỏi Đặt tour Vũng Tàu cho đoàn,book_tour
làm ơn Taxi ở Nha Trang giá rẻ,ask_transportation
ad ơi Hải sản Sa Pa giá rẻ,search_food_dining
cho tôi hỏi Leo núi ở Huế,search_activity
Booking tour Đà Lạt giá rẻ,book_tour
cho em hỏi Đi Đà Lạt trong 2 ngày,ask_itinerary
Villa Mũi Né hồ bơi,search_accommodation
ad ơi Tour Nha Trang cuối tuần,search_travel
Thời tiết Nha Trang tháng 12,ask_weather_timing
mình hỏi Bài viết về Đà Nẵng,search_destination
ad ơi Công ty tôi tổ chức team building ở Mũi Né,inform
ad ơi Chi phí đi Vũng Tàu tự túc,search_price
cho em hỏi Khách sạn Sa Pa giá rẻ,search_accommodation
Gợi ý tour Mũi Né 2 ngày,ask_itinerary
cho tôi hỏi Xe limousine đi Mũi Né,ask_transportation
làm ơn Tôi muốn tìm hiểu về Vũng Tàu,inform
Lẩu Hà Nội ăn ở đâu,search_food_dining
cho em hỏi Xe khách đi Hội An giờ nào,ask_transportation
ad ơi Ăn tối trên du thuyền Mũi Né,search_activity
Nha Trang có quán nào nổi tiếng,search_food_dining
làm ơn Vợ chồng tôi cưới ở Phú Quốc,inform
ad ơi Quán ăn ngon ở Nha Trang,search_food_dining
cho em hỏi Đặt tour Đà Nẵng tiết kiệm,book_tour
mình hỏi Homestay đẹp ở Hà Nội,search_accommodation
ad ơi Nha Trang ăn gì cho bữa sáng,search_food_dining
Kinh phí đi Huế tiết kiệm,search_price
cho em hỏi Chèo thuyền ở Đà Lạt,search_activity
cho tôi hỏi Tour Đà Nẵng 4 ngày 3 đêm,search_travel
ad ơi Combo Huế trọn gói,search_travel
cho em hỏi Kỳ nghỉ Hà Nội,search_travel
mình hỏi Homestay Đà Lạt cho đôi người,search_accommodation
cho em hỏi Tàu hỏa đi Nha Trang,ask_transportation
làm ơn Xe đạp đi Phú Quốc,ask_transportation
cho em hỏi Gợi ý lịch trình Mũi Né,ask_itinerary
cho em hỏi Xe giường nằm đi Huế,ask_transportation
cho tôi hỏi Tắm nước nóng Hà Nội,search_activity
cho tôi hỏi Tour Phú Quốc 4 ngày 3 đêm,search_travel
cho tôi hỏi Tour Huế team building,search_travel
mình hỏi Khuyến mãi tour Phú Quốc,search_price
mình hỏi Tôi muốn đưa con đi Đà Lạt,inform
Xe limousine đi Mũi Né,ask_transportation
Tour Huế khuyến mãi,search_travel
cho tôi hỏi Tiền ăn ở Hà Nội 1 ngày,search_price
ad ơi Villa Mũi Né hồ bơi,search_accommodation
cho tôi hỏi Check in Đà Nẵng ở đâu,search_destination
làm ơn Vé máy bay Hội An khứ hồi,search_price
mình hỏi Giới thiệu về Mũi Né,search_destination
Sa Pa cách Hà Nội bao xa,search_destination
ad ơi Cắm trại Hội An,search_activity
cho em hỏi Đi Mũi Né bằng xe máy,ask_transportation
làm ơn Bạn tôi gợi ý đi Mũi Né,inform
cho tôi hỏi Book combo Huế,book_tour
mình hỏi Tàu hỏa đi Nha Trang,ask_transportation
ad ơi Lịch trình Phú Quốc cho gia đình,ask_itinerary
mình hỏi Reserve phòng Đà Nẵng,book_tour
làm ơn Tôi muốn đưa con đi Phú Quốc,inform
cho em hỏi Nên đi Mũi Né không,search_destination
Phú Quốc nổi tiếng về gì,search_destination
cho tôi hỏi Chi phí du lịch Đà Lạt 3 ngày,search_price
cho tôi hỏi Đi thuyền Hà Nội,search_activity
cho em hỏi Đi Đà Lạt 1 ngày thì đi đâu,ask_itinerary
cho em hỏi Khách sạn Nha Trang gần sân bay,search_accommodation
làm ơn Homestay Vũng Tàu view đẹp,search_accommodation
làm ơn Hà Nội nổi tiếng về gì,search_destination
làm ơn Hải sản Sa Pa tươi ngon,search_food_dining
mình hỏi Gợi ý tour Mũi Né 2 ngày,ask_itinerary
Giá vé Huế cho trẻ em,search_price
làm ơn Từ Hà Nội đi Phú Quốc bằng gì,ask_transportation
ad ơi Tour Đà Nẵng nghỉ dưỡng,search_travel
cho tôi hỏi Ăn tối trên du thuyền Huế,search_activity
cho tôi hỏi Kinh phí đi Sa Pa tiết kiệm,search_price
ad ơi Leo núi ở Huế,search_activity
Homestay đẹp ở Hà Nội,search_accommodation
làm ơn Nhiệt độ Nha Trang trung bình,ask_weather_timing
làm ơn Đi phượt Sa Pa bằng xe máy,search_activity
làm ơn Nha Trang cách Hà Nội bao xa,search_destination
mình hỏi Du lịch Nha Trang mùa đông,search_travel
Đặt vé máy bay đi Hà Nội,book_tour
cho tôi hỏi Kinh phí đi Huế tiết kiệm,search_price
Đi Vũng Tàu bằng xe máy,ask_transportation
ad ơi Đi thác Đà Nẵng tham quan,search_activity
Nên đi Mũi Né không,search_destination
mình hỏi Đi Sa Pa bằng tàu cao tốc,ask_transportation
mình hỏi Đi Hội An dịp lễ có vui không,ask_weather_timing
Quán ăn ngon ở Nha Trang,search_food_dining
mình hỏi Kế hoạch du lịch Huế,ask_itinerary
ad ơi Tour Đà Nẵng 4 ngày 3 đêm,search_travel
cho tôi hỏi Vợ chồng tôi cưới ở Phú Quốc,inform
cho em hỏi Khu nghỉ dưỡng Sa Pa,search_accommodation
làm ơn Gợi ý tour Nha Trang 2 ngày,ask_itinerary
làm ơn Khu nghỉ dưỡng Sa Pa,search_accommodation
Chia sẻ kinh nghiệm Vũng Tàu,search_destination
mình hỏi Đi Đà Lạt trong 2 ngày,ask_itinerary
cho em hỏi Check in Đà Nẵng ở đâu,search_destination
cho em hỏi Khu nghỉ dưỡng Hội An,search_accommodation
Hải sản Phú Quốc tươi ngon,search_food_dining
ad ơi Ăn vặt Hội An,search_food_dining
mình hỏi Giới thiệu về Mũi Né,search_destination
cho tôi hỏi Mua vé tham quan Đà Lạt,book_tour
cho tôi hỏi Thời tiết Nha Trang tháng 12,ask_weather_timing
làm ơn Đi thuyền Hà Nội,search_activity
làm ơn Tour Nha Trang 4 ngày 3 đêm,search_travel
làm ơn Cả nhà tôi đi Huế dịp Tết,inform
làm ơn Đà Nẵng ăn gì cho bữa sáng,search_food_dining
cho em hỏi Cắm trại Huế,search_activity
làm ơn Đi Vũng Tàu bằng xe máy,ask_transportation
làm ơn Mùa mưa ở Mũi Né tháng nào,ask_weather_timing
làm ơn Homestay đẹp ở Đà Nẵng,search_accommodation
ad ơi Tour du lịch Đà Lạt giá rẻ,search_travel
cho tôi hỏi Chi phí Mũi Né 4 ngày 3 đêm,search_price
cho em hỏi Homestay Đà Lạt cho đôi người,search_accommodation
mình hỏi Lịch trình Đà Lạt 3 ngày 2 đêm,ask_itinerary
cho tôi hỏi Lịch trình Mũi Né tự túc,ask_itinerary
ad ơi Review du lịch Hà Nội,search_destination
ad ơi Đặt tour Mũi Né cho đoàn,book_tour
cho em hỏi Cảnh đẹp Đà Nẵng nổi tiếng,search_destination
làm ơn Homestay Mũi Né gần trung tâm,search_accommodation
cho tôi hỏi Booking tour Huế giá tốt,search_travel
cho tôi hỏi Tour Huế cho cặp đôi,search_travel
cho em hỏi Tour Đà Nẵng cho người già,search_travel
ad ơi Du lịch Đà Nẵng tự túc,search_travel
cho tôi hỏi Khách sạn Sa Pa giá rẻ,search_accommodation
ad ơi Công ty tôi tổ chức team building ở Mũi Né,inform
Tour Vũng Tàu 3 ngày 2 đêm,search_travel
cho em hỏi Khách sạn Vũng Tàu trung tâm,search_accommodation
cho em hỏi Tôi muốn đưa con đi Vũng Tàu,inform
ad ơi Phú Quốc có gì chơi,search_destination
cho em hỏi Cafe view đẹp Nha Trang,search_food_dining
mình hỏi Review du lịch Hà Nội,search_destination
làm ơn Phú Quốc có gì ngon,search_food_dining
mình hỏi Tiền ăn ở Hội An 1 ngày,search_price
cho tôi hỏi Dự báo thời tiết Huế,ask_weather_timing
cho tôi hỏi Căn hộ Phú Quốc view đẹp,search_accommodation
cho tôi hỏi Nhiệt độ Nha Trang trung bình,ask_weather_timing
Đi Nha Trang tham quan gì,search_destination
mình hỏi Bạn tôi gợi ý đi Mũi Né,inform
ad ơi Sa Pa ăn gì cho bữa sáng,search_food_dining
cho tôi hỏi Đi Mũi Né bằng xe máy,ask_transportation
Ẩm thực Hà Nội món gì đặc sản,search_food_dining
ad ơi Nhóm bạn tôi định đi Vũng Tàu tháng sau,inform
làm ơn Căn hộ Hội An view đẹp,search_accommodation
cho em hỏi Tôi đã đi Hội An năm ngoái rất thích,inform
mình hỏi Nha Trang cách Hà Nội bao xa,search_destination
làm ơn Homestay đẹp ở Hà Nội,search_accommodation
làm ơn Tour Nha Trang 4 ngày 3 đêm,search_travel
cho em hỏi Bài viết về Đà Nẵng,search_destination
mình hỏi Hải sản Sa Pa tươi ngon,search_food_dining
cho tôi hỏi Review du lịch Hà Nội,search_destination
Ăn tối trên du thuyền Mũi Né,search_activity
ad ơi Cả nhà tôi đi Huế dịp Tết,inform
mình hỏi Chợ Mũi Né ẩm thực,search_food_dining
cho tôi hỏi Phú Quốc nổi tiếng về gì,search_destination
cho tôi hỏi Nhà nghỉ Mũi Né giá rẻ,search_accommodation
ad ơi Phú Quốc có gì chơi,search_destination
ad ơi Booking tour Huế giá tốt,search_travel
ad ơi Đà Lạt có homestay nào đẹp,search_accommodation
Homestay Huế view đẹp,search_accommodation
mình hỏi Đi phượt Sa Pa bằng xe máy,search_activity
mình hỏi Công ty tôi tổ chức team building ở Mũi Né,inform
Hội An ở đâu,search_destination
cho em hỏi Tour Đà Nẵng nghỉ dưỡng,search_travel
cho em hỏi Đi Vũng Tàu bằng xe máy,ask_transportation
Lịch trình Hội An cho người già,ask_itinerary
làm ơn Chi phí du lịch Nha Trang 3 ngày,search_price
cho tôi hỏi Nên đi Phú Quốc mấy ngày,ask_itinerary
làm ơn Resort Đà Nẵng hồ bơi,search_accommodation
làm ơn Sa Pa cách Hà Nội bao xa,search_destination
cho em hỏi Đi chợ Hội An về đêm,search_activity
Chi phí thuê xe Hà Nội,search_price
cho em hỏi Cafe view đẹp Nha Trang,search_food_dining
làm ơn Kinh phí đi Sa Pa tiết kiệm,search_price
làm ơn Khách sạn Vũng Tàu trung tâm,search_accommodation
cho em hỏi Tour Phú Quốc trọn gói bao gồm,search_travel
cho em hỏi Câu cá ở Đà Nẵng,search_activity
cho em hỏi Khách sạn Hà Nội giá rẻ,search_accommodation
làm ơn Xe giường nằm đi Huế,ask_transportation
ad ơi Homestay Đà Lạt cho đôi người,search_accommodation
ad ơi Giới thiệu về Phú Quốc,search_destination
làm ơn Nha Trang ăn gì cho bữa sáng,search_food_dining
Đi bộ biển Đà Lạt,search_activity
cho em hỏi Lặn ngắm san hô Nha Trang,search_activity
cho em hỏi Tour Huế cho cặp đôi,search_travel
mình hỏi Bài viết về Đà Lạt,search_destination
ad ơi Kinh phí đi Huế tiết kiệm,search_price
Tàu hỏa đi Nha Trang,ask_transportation
ad ơi Nhiệt độ Nha Trang trung bình,ask_weather_timing
cho tôi hỏi Mùa mưa ở Mũi Né tháng nào,ask_weather_timing
cho tôi hỏi Ẩm thực Hà Nội món gì đặc sản,search_food_dining
cho em hỏi Chèo thuyền ở Đà Lạt,search_activity
cho em hỏi Tôi muốn đưa con đi Đà Lạt,inform
cho em hỏi Du lịch Nha Trang mùa đông,search_travel
Tôi đã đi Hội An năm ngoái rất thích,inform
mình hỏi Ăn vặt Hội An,search_food_dining
cho em hỏi Nhà nghỉ Đà Nẵng trung tâm,search_accommodation
làm ơn Đi thuyền Vũng Tàu,search_activity
làm ơn Phú Quốc nổi tiếng về gì,search_destination
ad ơi Villa Mũi Né hồ bơi,search_accommodation
cho tôi hỏi Du lịch Nha Trang mùa đông,search_travel
ad ơi Đặt tour Đà Lạt tiết kiệm,book_tour
ad ơi Check in Huế ở đâu,search_destination
cho tôi hỏi Check in Huế ở đâu,search_destination
làm ơn Tour Huế team building,search_travel
cho tôi hỏi Kinh nghiệm đi Đà Nẵng lần đầu,search_destination
mình hỏi Booking tour Đà Nẵng giá rẻ,book_tour
ad ơi Giá vé Huế cho trẻ em,search_price
cho tôi hỏi Ở Hà Nội ăn gì ngon,search_food_dining
mình hỏi Khí hậu Vũng Tàu như thế nào,ask_weather_timing
cho em hỏi Nhóm bạn tôi định đi Vũng Tàu tháng sau,inform
cho tôi hỏi Điểm đến Đà Lạt,search_destination
cho tôi hỏi Đặt tour Mũi Né cho đoàn,book_tour
Lịch trình Mũi Né tự túc,ask_itinerary
cho em hỏi Mì quảng Hà Nội,search_food_dining
ad ơi Review du lịch Huế,search_destination
mình hỏi Khách sạn Vũng Tàu trung tâm,search_accommodation
làm ơn Phú Quốc có gì chơi,search_destination
ad ơi Tour Hội An nghỉ dưỡng,search_travel
cho em hỏi Tôi muốn đưa con đi Đà Lạt,inform
Đi thác Đà Nẵng tham quan,search_activity
Tour Phú Quốc trọn gói bao gồm,search_travel
làm ơn Kế hoạch du lịch Huế,ask_itinerary
Tour Vũng Tàu 5 ngày 4 đêm,search_travel
ad ơi Book combo Huế,book_tour
cho em hỏi Booking tour Đà Lạt giá rẻ,book_tour
mình hỏi Đặc sản Sa Pa phải thử,search_food_dining
làm ơn Resort Mũi Né gia đình,search_accommodation
làm ơn Đi chợ Hội An về đêm,search_activity
cho em hỏi Tour Sa Pa cho người già,search_travel
cho tôi hỏi Chợ Mũi Né ẩm thực,search_food_dining
Đặt tour Mũi Né cho đoàn,book_tour
làm ơn Kinh phí đi Vũng Tàu tiết kiệm,search_price
cho tôi hỏi Công ty tôi tổ chức team building ở Mũi Né,inform
ad ơi Đi Nha Trang tham quan gì,search_destination
Nhà nghỉ Nha Trang giá rẻ,search_accommodation
mình hỏi Check in Huế ở đâu,search_destination
cho tôi hỏi Tour Huế khuyến mãi,search_travel
Tour Phú Quốc giá học sinh,search_travel
Tour Nha Trang cuối tuần,search_travel
ad ơi Lặn ngắm san hô Nha Trang,search_activity
cho em hỏi Mùa mưa ở Mũi Né tháng nào,ask_weather_timing
cho tôi hỏi Hội An ở đâu,search_destination
làm ơn Book combo Huế,book_tour
cho tôi hỏi Đà Lạt có homestay nào đẹp,search_accommodation
ad ơi Đi Huế bao nhiêu ngày,ask_itinerary
làm ơn Resort Mũi Né gia đình,search_accommodation
ad ơi Ăn tối trên du thuyền Huế,search_activity
ad ơi Chè Hội An ngon,search_food_dining
ad ơi Tour Vũng Tàu 3 ngày 2 đêm,search_travel
làm ơn Tôi đã đi Sa Pa năm ngoái rất thích,inform
mình hỏi Resort Đà Nẵng hồ bơi,search_accommodation
cho tôi hỏi Tàu hỏa Huế bao nhiêu tiền,ask_transportation
cho em hỏi Hà Nội ở đâu,search_destination
cho tôi hỏi Tour Đà Nẵng cho người già,search_travel
ad ơi Tắm nước nóng Hà Nội,search_activity
làm ơn Tàu hỏa Huế bao nhiêu tiền,ask_transportation
mình hỏi Tour Sa Pa cho người già,search_travel
Đi bộ biển Đà Lạt,search_activity
Lẩu Hà Nội ăn ở đâu,search_food_dining
ad ơi Khách sạn Sa Pa gần chợ đêm,search_accommodation
Chi phí thuê xe Vũng Tàu,search_price
Vũng Tàu nổi tiếng về gì,search_destination
làm ơn Hải sản Sa Pa giá rẻ,search_food_dining
mình hỏi Chi phí thuê xe Hà Nội,search_price
làm ơn Leo núi ở Huế,search_activity
ad ơi Khách sạn Vũng Tàu trung tâm,search_accommodation
mình hỏi Booking tour Đà Lạt giá rẻ,book_tour
Vợ chồng tôi cưới ở Phú Quốc,inform
cho em hỏi Từ Hà Nội đi Sa Pa bằng gì,ask_transportation
Các hãng bay đến Vũng Tàu,ask_transportation
làm ơn Lưu trú ở Sa Pa gần chợ,search_accommodation
Đặt vé máy bay đi Hà Nội,book_tour
ad ơi Có gì đẹp ở Hội An,search_destination
Mua vé tham quan Đà Lạt,book_tour
cho em hỏi Căn hộ Phú Quốc view đẹp,search_accommodation
làm ơn Tắm nước nóng Phú Quốc,search_activity
làm ơn Gợi ý tour Mũi Né 2 ngày,ask_itinerary
làm ơn Căn hộ Phú Quốc view đẹp,search_accommodation
mình hỏi Hải sản Hà Nội tươi ngon,search_food_dining
Lịch trình Đà Lạt 3 ngày 2 đêm,ask_itinerary
Ngắm hoàng hôn Hội An,search_activity
mình hỏi Quán ăn ngon ở Hội An,search_food_dining
làm ơn Đặt tour Hà Nội khuyến mãi,book_tour
cho em hỏi Hà Nội nổi tiếng về gì,search_destination
cho tôi hỏi Leo núi ở Mũi Né,search_activity
mình hỏi Book combo Huế,book_tour
cho tôi hỏi Nha Trang cách Hà Nội bao xa,search_destination
Booking homestay Đà Nẵng giá rẻ,book_tour
cho tôi hỏi Tôi muốn tìm hiểu về Vũng Tàu,inform
mình hỏi Mùa mưa ở Mũi Né tháng nào,ask_weather_timing
Gợi ý lịch trình Mũi Né,ask_itinerary
cho em hỏi Buffet Nha Trang giá rẻ,search_food_dining
Đặc sản Sa Pa phải thử,search_food_dining
cho em hỏi Lặn ngắm san hô Sa Pa,search_activity
mình hỏi Lịch trình Hội An cho người già,ask_itinerary
cho tôi hỏi Hà Nội nổi tiếng về gì,search_destination
làm ơn Phú Quốc nổi tiếng về gì,search_destination
cho tôi hỏi Chia sẻ kinh nghiệm Phú Quốc,search_destination
mình hỏi Khám phá Hà Nội,search_destination
làm ơn Du lịch Đà Lạt tự túc,search_travel
Tôi muốn đưa con đi Phú Quốc,inform
mình hỏi Tour Đà Nẵng 4 ngày 3 đêm,search_travel
mình hỏi Cafe view đẹp Hội An,search_food_dining
mình hỏi Cắm trại Hội An,search_activity
Tắm nước nóng Phú Quốc,search_activity
ad ơi Ẩm thực Hội An món gì đặc sản,search_food_dining
Căn hộ Phú Quốc view đẹp,search_accommodation
mình hỏi Khách sạn Hà Nội giá rẻ,search_accommodation
Thời tiết Huế tháng 12,ask_weather_timing
làm ơn Đặt phòng khách sạn Đà Lạt,book_tour
làm ơn Tour Huế khuyến mãi,search_travel
làm ơn Chè Hội An ngon,search_food_dining
làm ơn Book phòng Đà Lạt view biển,book_tour
cho em hỏi Lịch trình tour Nha Trang,search_travel
cho em hỏi Thời gian lý tưởng đi Vũng Tàu,ask_weather_timing
cho tôi hỏi Booking tour Huế giá tốt,search_travel
cho tôi hỏi Tour Phú Quốc cho cặp đôi,search_travel
làm ơn Hà Nội ở đâu,search_destination
Tour Vũng Tàu giá học sinh,search_travel
cho em hỏi Vé máy bay Hội An khứ hồi,search_price
cho tôi hỏi Gợi ý lịch trình Mũi Né,ask_itinerary
làm ơn Booking tour Đà Lạt giá rẻ,book_tour
cho em hỏi Nhiệt độ Nha Trang trung bình,ask_weather_timing
làm ơn Đặt vé máy bay đi Hà Nội,book_tour
ad ơi Đặt phòng khách sạn Đà Lạt,book_tour
cho tôi hỏi Hải sản Phú Quốc tươi ngon,search_food_dining
mình hỏi Lặn ngắm san hô Nha Trang,search_activity
cho em hỏi Đi Vũng Tàu bằng xe máy,ask_transportation
mình hỏi Khách sạn Sa Pa gần chợ đêm,search_accommodation
cho em hỏi Đặc sản Sa Pa phải thử,search_food_dining
cho em hỏi Hải sản Sa Pa tươi ngon,search_food_dining
ad ơi Booking tour Đà Nẵng giá rẻ,book_tour
làm ơn Mì quảng Hà Nội,search_food_dining
cho em hỏi Tàu hỏa Huế bao nhiêu tiền,ask_transportation
làm ơn Ăn vặt Huế,search_food_dining
ad ơi Nhà nghỉ Sa Pa giá rẻ,search_accommodation
ad ơi Giá vé tham quan Sa Pa,search_price
mình hỏi Ẩm thực Hội An món gì đặc sản,search_food_dining
cho em hỏi Đà Lạt có homestay nào đẹp,search_accommodation
ad ơi Bố mẹ tôi thích Nha Trang,inform
ad ơi Tour Hội An team building,search_travel
cho em hỏi Taxi ở Nha Trang giá rẻ,ask_transportation
làm ơn Combo Huế trọn gói,search_travel
cho tôi hỏi Ngắm hoàng hôn Hội An,search_activity
cho em hỏi Xe limousine đi Mũi Né,ask_transportation
ad ơi Đi Đà Lạt bằng tàu cao tốc,ask_transportation
cho tôi hỏi Kinh phí đi Vũng Tàu tiết kiệm,search_price
ad ơi Tour Đà Nẵng 3 ngày 2 đêm,search_travel
mình hỏi Tắm nước nóng Phú Quốc,search_activity
cho em hỏi Nhiệt độ Phú Quốc trung bình,ask_weather_timing
cho tôi hỏi Bánh xèo Hà Nội,search_food_dining
Chi phí du lịch Hà Nội 3 ngày,search_price
cho tôi hỏi Đà Nẵng ăn gì cho bữa sáng,search_food_dining
cho em hỏi Xe đạp đi Phú Quốc,ask_transportation
ad ơi Tour Phú Quốc cho cặp đôi,search_travel
cho em hỏi Reserve phòng Đà Nẵng,book_tour
Thời tiết Huế tháng 12,ask_weather_timing
ad ơi Resort Đà Lạt 5 sao,search_accommodation
ad ơi Công ty tôi tổ chức team building ở Phú Quốc,inform
cho em hỏi Tàu hỏa Huế bao nhiêu tiền,ask_transportation
Cảnh đẹp Đà Nẵng nổi tiếng,search_destination
cho tôi hỏi Xe limousine đi Hội An,ask_transportation
cho em hỏi Tour Hà Nội cho gia đình,search_travel
mình hỏi Giá tour Phú Quốc bao nhiêu,search_price
ad ơi Nha Trang cách Hà Nội bao xa,search_destination
mình hỏi Hải sản Sa Pa tươi ngon,search_food_dining
cho em hỏi Từ Hà Nội đi Phú Quốc bằng gì,ask_transportation
mình hỏi Gợi ý tour Nha Trang 2 ngày,ask_itinerary
Sa Pa ăn gì cho bữa sáng,search_food_dining
ad ơi Giới thiệu về Mũi Né,search_destination
làm ơn Xe giường nằm đi Huế,ask_transportation
Ăn vặt Hội An,search_food_dining
Hà Nội ở đâu,search_destination
cho tôi hỏi Vũng Tàu nổi tiếng về gì,search_destination
ad ơi Ở Đà Nẵng mấy ngày là đủ,ask_itinerary
ad ơi Tàu hỏa đi Nha Trang,ask_transportation
cho tôi hỏi Chi phí đi Vũng Tàu tự túc,search_price
Ăn vặt Huế,search_food_dining
làm ơn Phú Quốc nổi tiếng về gì,search_destination
cho tôi hỏi Lặn ngắm san hô Sa Pa,search_activity
cho tôi hỏi Tôi muốn tìm hiểu về Vũng Tàu,inform
làm ơn Món Việt Nha Trang ngon,search_food_dining
mình hỏi Tour Sa Pa VIP 5 sao,search_travel
mình hỏi Tàu hỏa đi Nha Trang,ask_transportation
cho em hỏi Thời tiết Huế tháng 12,ask_weather_timing
cho tôi hỏi Book phòng Đà Lạt view biển,book_tour
cho tôi hỏi Tour Hội An team building,search_travel
cho tôi hỏi Đà Lạt có homestay nào đẹp,search_accommodation
Nhà nghỉ Sa Pa giá rẻ,search_accommodation
mình hỏi Lặn biển ở Nha Trang,search_activity
Cắm trại Huế,search_activity
cho tôi hỏi Đi Vũng Tàu bằng xe máy,ask_transportation
mình hỏi Đi Nha Trang tham quan gì,search_destination
làm ơn Đi bộ biển Đà Nẵng,search_activity
làm ơn Quán ăn ngon ở Nha Trang,search_food_dining
làm ơn Tàu hỏa đi Nha Trang,ask_transportation
Chia sẻ kinh nghiệm Phú Quốc,search_destination
ad ơi Giá vé Huế cho trẻ em,search_price
ad ơi Chi phí du lịch Huế 3 ngày,search_price
cho tôi hỏi Cắm trại Hội An,search_activity
Khuyến mãi tour Phú Quốc,search_price
cho em hỏi Đi Đà Lạt 1 ngày thì đi đâu,ask_itinerary
mình hỏi Phú Quốc có gì ngon,search_food_dining
mình hỏi Tôi muốn đưa con đi Vũng Tàu,inform
cho tôi hỏi Khách sạn Hà Nội giá rẻ,search_accommodation
Phú Quốc có gì ngon,search_food_dining
Khách sạn Hà Nội giá rẻ,search_accommodation
Nhiệt độ Nha Trang trung bình,ask_weather_timing
Khám phá ẩm thực đường phố Hội An,search_activity
cho tôi hỏi Khám phá Hà Nội,search_destination
ad ơi Đi Vũng Tàu bằng xe máy,ask_transportation
mình hỏi Căn hộ Phú Quốc view đẹp,search_accommodation
Lưu trú ở Sa Pa gần chợ,search_accommodation
cho tôi hỏi Sa Pa cách Hà Nội bao xa,search_destination
làm ơn Tour Đà Nẵng cho người già,search_travel
Nhiệt độ Sa Pa trung bình,ask_weather_timing
mình hỏi Ở Phú Quốc 4 ngày đi đâu,ask_itinerary
mình hỏi Tour Phú Quốc cuối tuần,search_travel
cho em hỏi Khách sạn Vũng Tàu trung tâm,search_accommodation
ad ơi Homestay Huế view đẹp,search_accommodation
cho tôi hỏi Homestay Đà Lạt cho đôi người,search_accommodation
cho em hỏi Ngắm hoàng hôn Hội An,search_activity
mình hỏi Đặt vé máy bay đi Sa Pa,book_tour
mình hỏi Đặt tour Đà Nẵng tiết kiệm,book_tour
Xe limousine đi Hội An,ask_transportation
cho em hỏi Nhà nghỉ Nha Trang giá rẻ,search_accommodation
cho tôi hỏi Xe khách đi Hội An giờ nào,ask_transportation
Chi phí Mũi Né 4 ngày 3 đêm,search_price
cho tôi hỏi Giá vé tham quan Sa Pa,search_price
cho em hỏi Chi phí thuê xe Vũng Tàu,search_price
làm ơn Kinh nghiệm đi Đà Nẵng lần đầu,search_destination
cho tôi hỏi Tour Nha Trang khuyến mãi,search_travel
cho em hỏi Câu cá ở Huế,search_activity
ad ơi Khách sạn Hà Nội giá rẻ,search_accommodation
làm ơn Xe khách đi Hội An giờ nào,ask_transportation
mình hỏi Kinh phí đi Sa Pa tiết kiệm,search_price
cho tôi hỏi Hội An ở đâu,search_destination
mình hỏi Câu cá ở Đà Nẵng,search_activity
cho tôi hỏi Xe limousine đi Mũi Né,ask_transportation
Lịch trình Đà Lạt 3 ngày 2 đêm,ask_itinerary
mình hỏi Tour Đà Nẵng 4 ngày 3 đêm,search_travel
cho tôi hỏi Đặt tour Đà Lạt tiết kiệm,book_tour
ad ơi Review du lịch Hà Nội,search_destination
Reserve phòng Đà Nẵng,book_tour
làm ơn Kinh phí đi Huế tiết kiệm,search_price
cho em hỏi Khách sạn Sa Pa gần chợ đêm,search_accommodation
cho em hỏi Hà Nội nổi tiếng về gì,search_destination
Công ty tôi tổ chức team building ở Phú Quốc,inform
cho tôi hỏi Xe limousine đi Mũi Né,ask_transportation
làm ơn Lặn ngắm san hô Sa Pa,search_activity
cho em hỏi Lịch trình tour Nha Trang,search_travel
mình hỏi Xe đạp đi Phú Quốc,ask_transportation
cho em hỏi Khách sạn Vũng Tàu trung tâm,search_accommodation
Đi chợ Hội An về đêm,search_activity
ad ơi Tour Huế khuyến mãi,search_travel
ad ơi Từ Hà Nội đi Sa Pa bằng gì,ask_transportation
Dự báo thời tiết Huế,ask_weather_timing
làm ơn Các hãng bay đến Vũng Tàu,ask_transportation
cho em hỏi Lịch Sa Pa phù hợp,ask_itinerary
mình hỏi Gợi ý tour Nha Trang 2 ngày,ask_itinerary
Tour Nha Trang 5 ngày 4 đêm,search_travel
cho tôi hỏi Leo núi ở Mũi Né,search_activity
ad ơi Có gì đẹp ở Hội An,search_destination
Buffet Nha Trang giá rẻ,search_food_dining
Đi Đà Lạt bằng tàu cao tốc,ask_transportation
cho tôi hỏi Du lịch Đà Nẵng tự túc,search_travel
mình hỏi Top địa điểm Hà Nội,search_destination
cho em hỏi Đặt vé máy bay đi Hà Nội,book_tour
cho tôi hỏi Tôi muốn tìm hiểu về Vũng Tàu,inform
ad ơi Nhiệt độ Nha Trang trung bình,ask_weather_timing
làm ơn Tắm nước nóng Đà Lạt,search_activity
cho em hỏi Đi Nha Trang tham quan gì,search_destination
ad ơi Tour Sa Pa trọn gói bao gồm,search_travel
mình hỏi Tôi muốn đưa con đi Đà Lạt,inform
cho em hỏi Leo núi ở Mũi Né,search_activity
làm ơn Đi chợ Hội An về đêm,search_activity
Giá vé tham quan Sa Pa,search_price
mình hỏi Đi thuyền Vũng Tàu,search_activity
mình hỏi Chi phí thuê xe Vũng Tàu,search_price
Leo núi ở Huế,search_activity
Món Việt Nha Trang ngon,search_food_dining
ad ơi Lặn ngắm san hô Sa Pa,search_activity
cho em hỏi Lịch trình Phú Quốc cho gia đình,ask_itinerary
cho em hỏi Booking tour Đà Lạt giá rẻ,book_tour
cho tôi hỏi Giá tour Phú Quốc bao nhiêu,search_price
Kinh phí đi Vũng Tàu tiết kiệm,search_price
ad ơi Khám phá Huế,search_destination
làm ơn Tour Phú Quốc cho cặp đôi,search_travel
cho em hỏi Hải sản Phú Quốc tươi ngon,search_food_dining
cho tôi hỏi Giá vé Huế cho trẻ em,search_price
làm ơn Nhà nghỉ Mũi Né giá rẻ,search_accommodation
mình hỏi Order tour Vũng Tàu,book_tour
cho em hỏi Nên đi Phú Quốc mấy ngày,ask_itinerary
làm ơn Mì quảng Hà Nội,search_food_dining
ad ơi Tôi ở Phú Quốc rồi muốn đi tiếp,inform
cho em hỏi Giá tour Phú Quốc bao nhiêu,search_price
Thông tin du lịch Mũi Né,search_destination
mình hỏi Combo Phú Quốc trọn gói,search_travel
Resort Đà Nẵng hồ bơi,search_accommodation
mình hỏi Khách sạn Sa Pa gần chợ đêm,search_accommodation
cho tôi hỏi Vé máy bay Hội An khứ hồi,search_price
Chia sẻ kinh nghiệm Đà Nẵng,search_destination
làm ơn Vũng Tàu nổi tiếng về gì,search_destination
Câu cá ở Đà Nẵng,search_activity
cho tôi hỏi Booking tour Nha Trang giá tốt,search_travel
Cắm trại Huế,search_activity
cho tôi hỏi Đặt tour Hà Nội khuyến mãi,book_tour
ad ơi Điểm đến Đà Lạt,search_destination
Tour Đà Nẵng nghỉ dưỡng,search_travel
mình hỏi Đà Nẵng ăn gì cho bữa sáng,search_food_dining
Taxi ở Nha Trang giá rẻ,ask_transportation
Khu nghỉ dưỡng Sa Pa,search_accommodation
mình hỏi Tôi ở Vũng Tàu rồi muốn đi tiếp,inform
mình hỏi Phú Quốc nổi tiếng về gì,search_destination
mình hỏi Chi phí du lịch Hà Nội 3 ngày,search_price
ad ơi Khám phá Huế,search_destination
Du lịch Hà Nội tự túc,search_travel
làm ơn Tour Phú Quốc giá học sinh,search_travel
cho em hỏi Tour Nha Trang khuyến mãi,search_travel
ad ơi Đặt tour Vũng Tàu cho đoàn,book_tour
làm ơn Leo núi ở Mũi Né,search_activity
cho tôi hỏi Homestay Vũng Tàu view đẹp,search_accommodation
ad ơi Câu cá ở Đà Nẵng,search_activity
cho em hỏi Nhà nghỉ Sa Pa giá rẻ,search_accommodation
làm ơn Du lịch Đà Nẵng tự túc,search_travel
cho em hỏi Giá vé Huế cho trẻ em,search_price
làm ơn Glamping Đà Lạt,search_accommodation
mình hỏi Kinh phí đi Huế tiết kiệm,search_price
làm ơn Khu nghỉ dưỡng Sa Pa,search_accommodation
Leo núi ở Mũi Né,search_activity
mình hỏi Đi thác Đà Nẵng tham quan,search_activity
cho tôi hỏi Hà Nội ở đâu,search_destination
cho em hỏi Taxi ở Nha Trang giá rẻ,ask_transportation
mình hỏi Tắm nước nóng Phú Quốc,search_activity
cho em hỏi Chi phí ăn uống ở Đà Lạt,search_price
mình hỏi Ăn tối trên du thuyền Mũi Né,search_activity
mình hỏi Hải sản Phú Quốc tươi ngon,search_food_dining
ad ơi Lẩu Hà Nội ăn ở đâu,search_food_dining
cho tôi hỏi Homestay đẹp ở Đà Nẵng,search_accommodation
cho em hỏi Tour Đà Nẵng 4 ngày 3 đêm,search_travel
cho em hỏi Đi chợ Hội An về đêm,search_activity
mình hỏi Hà Nội nổi tiếng về gì,search_destination
cho em hỏi Đi bộ biển Đà Lạt,search_activity
mình hỏi Đặt vé máy bay đi Hà Nội,book_tour
cho tôi hỏi Hà Nội ở đâu,search_destination
làm ơn Khí hậu Vũng Tàu như thế nào,ask_weather_timing
làm ơn Đặt tour Đà Nẵng tiết kiệm,book_tour
mình hỏi Booking tour Nha Trang giá tốt,search_travel
cho em hỏi Bánh xèo Hà Nội,search_food_dining
Tour Vũng Tàu 3 ngày 2 đêm,search_travel
làm ơn Xe giường nằm đi Huế,ask_transportation
cho tôi hỏi Mùa khô ở Hà Nội,ask_weather_timing
làm ơn Thời gian lý tưởng đi Vũng Tàu,ask_weather_timing
làm ơn Bạn tôi gợi ý đi Sa Pa,inform
mình hỏi Dự báo thời tiết Huế,ask_weather_timing
cho tôi hỏi Leo núi ở Huế,search_activity
cho tôi hỏi Tour Sa Pa VIP 5 sao,search_travel
cho tôi hỏi Tour Sa Pa cho người già,search_travel
cho tôi hỏi Mũi Né ăn gì cho bữa sáng,search_food_dining
ad ơi Khuyến mãi tour Phú Quốc,search_price
Bố mẹ tôi thích Nha Trang,inform
cho tôi hỏi Chia sẻ kinh nghiệm Vũng Tàu,search_destination
Order tour Vũng Tàu,book_tour
cho tôi hỏi Tour Sa Pa VIP 5 sao,search_travel
Xe khách đi Hội An giờ nào,ask_transportation
cho em hỏi Sa Pa ăn gì cho bữa sáng,search_food_dining
làm ơn Bài viết về Đà Lạt,search_destination
mình hỏi Vợ chồng tôi cưới ở Hội An,inform
cho em hỏi Nhiệt độ Sa Pa trung bình,ask_weather_timing
Tôi muốn đưa con đi Mũi Né,inform
ad ơi Đi chợ Hội An về đêm,search_activity
cho tôi hỏi Tôi đã đi Hội An năm ngoái rất thích,inform
làm ơn Dự báo thời tiết Huế,ask_weather_timing
mình hỏi Bạn tôi gợi ý đi Sa Pa,inform
Ngắm hoàng hôn Hội An,search_activity
cho tôi hỏi Vé máy bay Hội An khứ hồi,search_price
ad ơi Top địa điểm Hà Nội,search_destination
cho tôi hỏi Nên đi Phú Quốc mấy ngày,ask_itinerary
ad ơi Kinh phí đi Đà Nẵng tiết kiệm,search_price
cho tôi hỏi Order tour Vũng Tàu,book_tour
cho tôi hỏi Bài viết về Đà Nẵng,search_destination
mình hỏi Chi phí du lịch Đà Lạt 3 ngày,search_price
làm ơn Nhiệt độ Nha Trang trung bình,ask_weather_timing
cho tôi hỏi Dự báo thời tiết Huế,ask_weather_timing
ad ơi Chi phí thuê xe Vũng Tàu,search_price
Mũi Né mùa nào đẹp nhất,search_destination
Vẻ đẹp Sa Pa,search_destination
Tour Huế khuyến mãi,search_travel
mình hỏi Du lịch Đà Nẵng tự túc,search_travel
cho tôi hỏi Combo Huế trọn gói,search_travel
ad ơi Tôi muốn đưa con đi Phú Quốc,inform
Lịch trình Vũng Tàu tự túc,ask_itinerary
ad ơi Hải sản Hà Nội tươi ngon,search_food_dining
Booking tour Đà Lạt giá rẻ,book_tour
ad ơi Công ty tôi tổ chức team building ở Phú Quốc,inform
Vũng Tàu nổi tiếng về gì,search_destination
làm ơn Giới thiệu về Phú Quốc,search_destination
cho em hỏi Đặt tour Mũi Né cho đoàn,book_tour
Vé máy bay Hội An khứ hồi,search_price
cho em hỏi Chi phí thuê xe Hội An,search_price
mình hỏi Cảnh đẹp Mũi Né nổi tiếng,search_destination
làm ơn Chi phí đi Vũng Tàu tự túc,search_price
Thời tiết Nha Trang tháng 12,ask_weather_timing
làm ơn Tour Phú Quốc trọn gói bao gồm,search_travel
làm ơn Tour Hà Nội cho gia đình,search_travel
Có gì đẹp ở Hội An,search_destination
Booking tour Vũng Tàu giá rẻ,book_tour
cho tôi hỏi Tour Đà Nẵng nghỉ dưỡng,search_travel
mình hỏi Lịch Sa Pa phù hợp,ask_itinerary
Đi Đà Lạt mùa nào đẹp,search_destination
Thời tiết Vũng Tàu tháng 6,ask_weather_timing
cho em hỏi Reserve phòng Đà Nẵng,book_tour
cho em hỏi Đi Đà Lạt mùa nào đẹp,search_destination
cho tôi hỏi Chia sẻ kinh nghiệm Đà Nẵng,search_destination
cho em hỏi Đặt tour Đà Lạt tiết kiệm,book_tour
cho tôi hỏi Chè Hội An ngon,search_food_dining
cho tôi hỏi Nha Trang cách Hà Nội bao xa,search_destination
làm ơn Tour Đà Nẵng cho người già,search_travel
cho em hỏi Chi phí du lịch Đà Lạt 3 ngày,search_price
làm ơn Nhà nghỉ Nha Trang giá rẻ,search_accommodation
làm ơn Đi thác Đà Nẵng tham quan,search_activity
cho tôi hỏi Kinh phí đi Vũng Tàu tiết kiệm,search_price
cho tôi hỏi Kinh phí đi Sa Pa tiết kiệm,search_price
làm ơn Ăn tối trên du thuyền Mũi Né,search_activity
Booking tour Nha Trang giá tốt,search_travel
mình hỏi Công ty tôi tổ chức team building ở Phú Quốc,inform
cho em hỏi Khu nghỉ dưỡng Hội An,search_accommodation
Nhiệt độ Nha Trang trung bình,ask_weather_timing
mình hỏi Order tour Vũng Tàu,book_tour
Giá vé tham quan Sa Pa,search_price
làm ơn Xe giường nằm đi Huế,ask_transportation
ad ơi Đặc sản Đà Nẵng phải thử,search_food_dining
làm ơn Tour Đà Nẵng team building,search_travel
cho em hỏi Tour Nha Trang cuối tuần,search_travel
Gợi ý tour Nha Trang 2 ngày,ask_itinerary
cho tôi hỏi Đà Nẵng ăn gì cho bữa sáng,search_food_dining
cho tôi hỏi Khách sạn Nha Trang gần sân bay,search_accommodation
cho em hỏi Kế hoạch du lịch Huế,ask_itinerary
cho tôi hỏi Khách sạn Sa Pa gần chợ đêm,search_accommodation
Mũi Né ăn gì cho bữa sáng,search_food_dining
cho tôi hỏi Lịch trình Phú Quốc cho gia đình,ask_itinerary
ad ơi Tour Đà Nẵng 3 ngày 2 đêm,search_travel
ad ơi Xe limousine đi Hội An,ask_transportation
mình hỏi Vẻ đẹp Sa Pa,search_destination
ad ơi Lịch trình tour Nha Trang,search_travel
Reserve phòng Đà Nẵng,book_tour
làm ơn Tôi muốn đưa con đi Mũi Né,inform
ad ơi Tôi nghe nói Đà Nẵng rất đẹp,inform
mình hỏi Đi thuyền Vũng Tàu,search_activity
cho tôi hỏi Tour Vũng Tàu cho cặp đôi,search_travel
cho tôi hỏi Gợi ý tour Nha Trang 2 ngày,ask_itinerary
cho tôi hỏi Mua vé tham quan Đà Lạt,book_tour
Đi Huế bao nhiêu ngày,ask_itinerary
cho tôi hỏi Book combo Huế,book_tour
cho tôi hỏi Tour du lịch Đà Nẵng giá rẻ,search_travel
Glamping Đà Lạt,search_accommodation
làm ơn Glamping Đà Lạt,search_accommodation
ad ơi Chèo thuyền ở Đà Lạt,search_activity
cho tôi hỏi Từ Hà Nội đi Sa Pa bằng gì,ask_transportation
mình hỏi Xe giường nằm đi Huế,ask_transportation
cho tôi hỏi Cafe view đẹp Hội An,search_food_dining
mình hỏi Từ Hà Nội đi Sa Pa bằng gì,ask_transportation
mình hỏi Đi Nha Trang tham quan gì,search_destination
cho em hỏi Lịch Sa Pa phù hợp,ask_itinerary
cho em hỏi Lịch trình Hội An cho người già,ask_itinerary
Món Việt Nha Trang ngon,search_food_dining
mình hỏi Chi phí thuê xe Hội An,search_price
mình hỏi Lặn ngắm san hô Sa Pa,search_activity
mình hỏi Thời tiết Huế tháng 12,ask_weather_timing
ad ơi Leo núi ở Mũi Né,search_activity
cho em hỏi Tắm nước nóng Phú Quốc,search_activity
mình hỏi Vũng Tàu nổi tiếng về gì,search_destination
cho tôi hỏi Đặt vé máy bay đi Sa Pa,book_tour
cho em hỏi Du lịch Đà Lạt tự túc,search_travel
cho tôi hỏi Tour Đà Nẵng 4 ngày 3 đêm,search_travel
mình hỏi Ngắm hoàng hôn Hội An,search_activity
Combo Phú Quốc trọn gói,search_travel
cho tôi hỏi Đi Vũng Tàu bao nhiêu ngày,ask_itinerary
cho em hỏi Lặn biển ở Nha Trang,search_activity
Hà Nội ở đâu,search_destination
ad ơi Tour Phú Quốc 4 ngày 3 đêm,search_travel
cho em hỏi Tắm nước nóng Hà Nội,search_activity
cho tôi hỏi Bạn tôi gợi ý đi Mũi Né,inform
mình hỏi Thời gian lý tưởng đi Vũng Tàu,ask_weather_timing
ad ơi Phú Quốc nổi tiếng về gì,search_destination
cho em hỏi Đặt tour Hà Nội khuyến mãi,book_tour
mình hỏi Khu nghỉ dưỡng Hội An,search_accommodation
Khám phá Huế,search_destination
làm ơn Đặt tour Đà Lạt tiết kiệm,book_tour
cho tôi hỏi Tour Phú Quốc cuối tuần,search_travel
cho tôi hỏi Thời tiết Vũng Tàu tháng 6,ask_weather_timing
Homestay Mũi Né gần trung tâm,search_accommodation
ad ơi Tour du lịch Đà Lạt giá rẻ,search_travel
cho tôi hỏi Lặn biển ở Nha Trang,search_activity
làm ơn Nhiệt độ Sa Pa trung bình,ask_weather_timing
làm ơn Tour Phú Quốc trọn gói bao gồm,search_travel
ad ơi Nhà hàng Vũng Tàu sang trọng,search_food_dining
ad ơi Tiền ăn ở Hội An 1 ngày,search_price
làm ơn Lịch trình Hội An cho người già,ask_itinerary
cho tôi hỏi Câu cá ở Huế,search_activity
cho tôi hỏi Lịch trình Vũng Tàu tự túc,ask_itinerary
mình hỏi Lịch trình Hội An cho người già,ask_itinerary
cho em hỏi Thời tiết Huế tháng 12,ask_weather_timing
cho tôi hỏi Từ Hà Nội đi Phú Quốc bằng gì,ask_transportation
ad ơi Tour Huế cho cặp đôi,search_travel
ad ơi Đi Đà Lạt mùa nào đẹp,search_destination
ad ơi Chi phí Mũi Né 4 ngày 3 đêm,search_price
mình hỏi Xe khách đi Hội An giờ nào,ask_transportation
cho em hỏi Homestay đẹp ở Đà Nẵng,search_accommodation
cho tôi hỏi Nhà nghỉ Mũi Né giá rẻ,search_accommodation
cho em hỏi Đi Mũi Né dịp lễ có vui không,ask_weather_timing
cho tôi hỏi Tour du lịch Đà Nẵng giá rẻ,search_travel
cho em hỏi Phú Quốc có gì ngon,search_food_dining
làm ơn Cafe view đẹp Hội An,search_food_dining
mình hỏi Homestay đẹp ở Đà Nẵng,search_accommodation
mình hỏi Đi phượt Hội An bằng xe máy,search_activity
ad ơi Khu nghỉ dưỡng Sa Pa,search_accommodation
mình hỏi Chợ Mũi Né ẩm thực,search_food_dining
ad ơi Vẻ đẹp Sa Pa,search_destination
cho em hỏi Tour Huế khuyến mãi,search_travel
mình hỏi Điểm đến Đà Lạt,search_destination
mình hỏi Nên đi Mũi Né không,search_destination
mình hỏi Tour Vũng Tàu 5 ngày 4 đêm,search_travel
ad ơi Cắm trại Huế,search_activity
ad ơi Nhà nghỉ Đà Nẵng trung tâm,search_accommodation
làm ơn Chi phí du lịch Nha Trang 3 ngày,search_price
Khách sạn Vũng Tàu trung tâm,search_accommodation
ad ơi Thông tin du lịch Mũi Né,search_destination
cho tôi hỏi Thời tiết Huế tháng 12,ask_weather_timing
Nên đi Mũi Né không,search_destination
cho tôi hỏi Tour Vũng Tàu giá học sinh,search_travel
ad ơi Câu cá ở Huế,search_activity
cho em hỏi Tour Nha Trang 4 ngày 3 đêm,search_travel
ad ơi Chi phí thuê xe Hà Nội,search_price
ad ơi Nhà hàng Vũng Tàu sang trọng,search_food_dining
Công ty tôi tổ chức team building ở Mũi Né,inform
mình hỏi Tour Nha Trang 5 ngày 4 đêm,search_travel
cho tôi hỏi Tôi đã đi Sa Pa năm ngoái rất thích,inform
Nha Trang ăn gì cho bữa sáng,search_food_dining
cho em hỏi Nha Trang có quán nào nổi tiếng,search_food_dining
ad ơi Phương tiện đi Hà Nội rẻ nhất,ask_transportation
ad ơi Tour Nha Trang 5 ngày 4 đêm,search_travel
mình hỏi Thời tiết Nha Trang tháng 12,ask_weather_timing
mình hỏi Hội An ở đâu,search_destination
làm ơn Review du lịch Huế,search_destination
cho em hỏi Bài viết về Đà Lạt,search_destination
làm ơn Thông tin du lịch Mũi Né,search_destination
cho tôi hỏi Giá tour Phú Quốc bao nhiêu,search_price
mình hỏi Giới thiệu về Phú Quốc,search_destination
cho tôi hỏi Cắm trại Hội An,search_activity
làm ơn Lượng mưa Đà Lạt hàng năm,ask_weather_timing
làm ơn Ăn tối trên du thuyền Huế,search_activity
cho em hỏi Hải sản Đà Lạt tươi ngon,search_food_dining
Nên đi Mũi Né không,search_destination
làm ơn Phương tiện đi Hà Nội rẻ nhất,ask_transportation
mình hỏi Đi Mũi Né dịp lễ có vui không,ask_weather_timing
cho tôi hỏi Lịch trình Hội An cho người già,ask_itinerary
ad ơi Tour Hội An team building,search_travel
ad ơi Kinh phí đi Đà Nẵng tiết kiệm,search_price
ad ơi Thông tin du lịch Mũi Né,search_destination
ad ơi Tour Sa Pa cho người già,search_travel
cho em hỏi Resort Đà Nẵng hồ bơi,search_accommodation
cho tôi hỏi Top địa điểm Hà Nội,search_destination
làm ơn Hội An ở đâu,search_destination
mình hỏi Tour Nha Trang 4 ngày 3 đêm,search_travel
cho em hỏi Vợ chồng tôi cưới ở Hội An,inform
Tour Hội An team building,search_travel
mình hỏi Đà Lạt có homestay nào đẹp,search_accommodation
cho tôi hỏi Chi phí Mũi Né 4 ngày 3 đêm,search_price
cho tôi hỏi Các hãng bay đến Vũng Tàu,ask_transportation
Hà Nội nổi tiếng về gì,search_destination
ad ơi Tôi ở Phú Quốc rồi muốn đi tiếp,inform
ad ơi Booking tour Huế giá tốt,search_travel
cho tôi hỏi Khách sạn Hà Nội giá rẻ,search_accommodation
làm ơn Đi bộ biển Mũi Né,search_activity
cho tôi hỏi Top địa điểm Hà Nội,search_destination
Buffet Hội An giá rẻ,search_food_dining
Mùa mưa ở Mũi Né tháng nào,ask_weather_timing
làm ơn Chợ Mũi Né ẩm thực,search_food_dining
làm ơn Câu cá ở Huế,search_activity
làm ơn Sa Pa cách Hà Nội bao xa,search_destination
cho em hỏi Tour Nha Trang 5 ngày 4 đêm,search_travel
làm ơn Tắm nước nóng Hà Nội,search_activity
cho tôi hỏi Phú Quốc có gì ngon,search_food_dining
Ẩm thực Hội An món gì đặc sản,search_food_dining
mình hỏi Cafe view đẹp Hà Nội,search_food_dining
cho tôi hỏi Đi Đà Lạt mùa nào đẹp,search_destination
cho em hỏi Vợ chồng tôi cưới ở Hội An,inform
cho tôi hỏi Kỳ nghỉ Hà Nội,search_travel
làm ơn Thời tiết Nha Trang tháng 12,ask_weather_timing
cho em hỏi Cả nhà tôi đi Nha Trang dịp Tết,inform
ad ơi Căn hộ Phú Quốc view đẹp,search_accommodation
cho em hỏi Đi thuyền Hà Nội,search_activity
Tour Đà Nẵng nghỉ dưỡng,search_travel
làm ơn Đi Đà Lạt mùa nào đẹp,search_destination
cho em hỏi Đặc sản Sa Pa phải thử,search_food_dining
cho tôi hỏi Tôi muốn đưa con đi Vũng Tàu,inform
Cả nhà tôi đi Huế dịp Tết,inform
ad ơi Nhiệt độ Sa Pa trung bình,ask_weather_timing
cho em hỏi Homestay Huế view đẹp,search_accommodation
Đi thuyền Vũng Tàu,search_activity
làm ơn Quán ăn ngon ở Hội An,search_food_dining
cho tôi hỏi Mũi Né ăn gì cho bữa sáng,search_food_dining
cho tôi hỏi Dự báo thời tiết Huế,ask_weather_timing
Chèo thuyền ở Đà Lạt,search_activity
Có gì đẹp ở Hội An,search_destination
ad ơi Bạn tôi gợi ý đi Sa Pa,inform
làm ơn Resort Đà Lạt 5 sao,search_accommodation
cho tôi hỏi Tour Đà Lạt khởi hành từ Hà Nội,search_travel
cho tôi hỏi Đi chợ Hội An về đêm,search_activity
làm ơn Phú Quốc có gì ngon,search_food_dining
ad ơi Đi Mũi Né bằng xe máy,ask_transportation
ad ơi Đi phượt Sa Pa bằng xe máy,search_activity
cho em hỏi Hải sản Sa Pa giá rẻ,search_food_dining
cho tôi hỏi Mùa mưa ở Mũi Né tháng nào,ask_weather_timing
làm ơn Từ Hà Nội đi Sa Pa bằng gì,ask_transportation
Lịch trình Hội An cho người già,ask_itinerary
ad ơi Xe limousine đi Mũi Né,ask_transportation
mình hỏi Sa Pa ăn gì cho bữa sáng,search_food_dining
ad ơi Chi phí du lịch Đà Lạt 3 ngày,search_price
Kế hoạch du lịch Huế,ask_itinerary
cho tôi hỏi Lịch trình tour Nha Trang,search_travel
cho em hỏi Tour Phú Quốc cho cặp đôi,search_travel
cho em hỏi Tour Hội An nghỉ dưỡng,search_travel
cho em hỏi Resort Mũi Né gia đình,search_accommodation
cho tôi hỏi Mùa khô ở Hà Nội,ask_weather_timing
làm ơn Vợ chồng tôi cưới ở Hội An,inform
làm ơn Hải sản Hà Nội tươi ngon,search_food_dining
cho em hỏi Sa Pa cách Hà Nội bao xa,search_destination
mình hỏi Tour du lịch Đà Lạt giá rẻ,search_travel
làm ơn Cảnh đẹp Mũi Né nổi tiếng,search_destination
cho em hỏi Tour Phú Quốc 4 ngày 3 đêm,search_travel
làm ơn Điểm đến Đà Lạt,search_destination
Nhà nghỉ Đà Nẵng trung tâm,search_accommodation
ad ơi Phú Quốc có gì ngon,search_food_dining
mình hỏi Khách sạn Sa Pa giá rẻ,search_accommodation
mình hỏi Đặt tour Hà Nội khuyến mãi,book_tour
mình hỏi Lượng mưa Đà Lạt hàng năm,ask_weather_timing
ad ơi Lịch trình Hội An cho người già,ask_itinerary
mình hỏi Các hãng bay đến Vũng Tàu,ask_transportation
làm ơn Khuyến mãi tour Phú Quốc,search_price
làm ơn Chia sẻ kinh nghiệm Đà Nẵng,search_destination
làm ơn Ăn tối trên du thuyền Huế,search_activity
ad ơi Homestay Huế view đẹp,search_accommodation
làm ơn Đi Đà Lạt trong 2 ngày,ask_itinerary
cho tôi hỏi Tour Đà Lạt khởi hành từ Hà Nội,search_travel
cho em hỏi Dự báo thời tiết Huế,ask_weather_timing
làm ơn Mùa khô ở Hà Nội,ask_weather_timing
cho tôi hỏi Kinh phí đi Huế tiết kiệm,search_price
làm ơn Tour Phú Quốc giá học sinh,search_travel
làm ơn Tour Sa Pa VIP 5 sao,search_travel
cho tôi hỏi Mũi Né mùa nào đẹp nhất,search_destination
làm ơn Tour Đà Lạt khởi hành từ Hà Nội,search_travel
Lịch trình Vũng Tàu tự túc,ask_itinerary
cho tôi hỏi Check in Hà Nội ở đâu,search_destination
mình hỏi Vé máy bay Hội An khứ hồi,search_price
làm ơn Nên đi Mũi Né không,search_destination
cho em hỏi Khách sạn Sa Pa gần chợ đêm,search_accommodation
Resort Đà Lạt 5 sao,search_accommodation
mình hỏi Đặt tour Mũi Né cho đoàn,book_tour
ad ơi Chi phí du lịch Huế 3 ngày,search_price
làm ơn Resort Đà Lạt 5 sao,search_accommodation
mình hỏi Top địa điểm Hà Nội,search_destination
làm ơn Tour Sa Pa VIP 5 sao,search_travel
mình hỏi Đi Đà Lạt bằng tàu cao tốc,ask_transportation
cho em hỏi Nha Trang ăn gì cho bữa sáng,search_food_dining
mình hỏi Căn hộ Hội An view đẹp,search_accommodation
Đi bộ biển Mũi Né,search_activity
Tôi ở Vũng Tàu rồi muốn đi tiếp,inform
Tour Đà Lạt khởi hành từ Hà Nội,search_travel
cho em hỏi Reserve phòng Đà Nẵng,book_tour
làm ơn Tour Đà Nẵng 3 ngày 2 đêm,search_travel
cho em hỏi Resort Đà Nẵng hồ bơi,search_accommodation
cho tôi hỏi Tour Huế team building,search_travel
Mũi Né có quán nào nổi tiếng,search_food_dining
mình hỏi Phú Quốc có gì ngon,search_food_dining
mình hỏi Chèo thuyền ở Đà Lạt,search_activity
Xe limousine đi Mũi Né,ask_transportation
Sa Pa ăn gì cho bữa sáng,search_food_dining
làm ơn Tắm nước nóng Phú Quốc,search_activity
cho tôi hỏi Đặt phòng khách sạn Đà Lạt,book_tour
Lượng mưa Đà Lạt hàng năm,ask_weather_timing
làm ơn Khuyến mãi tour Phú Quốc,search_price
Cafe view đẹp Hà Nội,search_food_dining
mình hỏi Ẩm thực Hà Nội món gì đặc sản,search_food_dining
làm ơn Ẩm thực Hội An món gì đặc sản,search_food_dining
ad ơi Các hãng bay đến Vũng Tàu,ask_transportation
Chi phí du lịch Đà Lạt 3 ngày,search_price
làm ơn Nhà nghỉ Mũi Né giá rẻ,search_accommodation
Tour Đà Nẵng 3 ngày 2 đêm,search_travel
cho tôi hỏi Nha Trang có quán nào nổi tiếng,search_food_dining
cho em hỏi Chè Hội An ngon,search_food_dining
mình hỏi Check in Huế ở đâu,search_destination
cho em hỏi Cafe view đẹp Hội An,search_food_dining
cho em hỏi Cafe view đẹp Nha Trang,search_food_dining
mình hỏi Đi bộ biển Đà Lạt,search_activity
ad ơi Giá tour Phú Quốc bao nhiêu,search_price
mình hỏi Order tour Vũng Tàu,book_tour
Nên đi Mũi Né không,search_destination
Homestay đẹp ở Hà Nội,search_accommodation
Nên đi Phú Quốc mấy ngày,ask_itinerary
cho tôi hỏi Lặn ngắm san hô Nha Trang,search_activity
làm ơn Tôi nghe nói Sa Pa rất đẹp,inform
mình hỏi Nhóm bạn tôi định đi Vũng Tàu tháng sau,inform
cho em hỏi Bánh xèo Phú Quốc,search_food_dining
mình hỏi Khách sạn Hà Nội giá rẻ,search_accommodation
Hải sản Sa Pa tươi ngon,search_food_dining
mình hỏi Tour du lịch Đà Lạt giá rẻ,search_travel
làm ơn Ẩm thực Hà Nội món gì đặc sản,search_food_dining
cho tôi hỏi Review du lịch Hà Nội,search_destination
Tour Hội An team building,search_travel
mình hỏi Tour Đà Lạt khởi hành từ Hà Nội,search_travel
mình hỏi Mũi Né ăn gì cho bữa sáng,search_food_dining
cho em hỏi Giá tour Phú Quốc bao nhiêu,search_price
mình hỏi Chi phí thuê xe Hội An,search_price
cho em hỏi Tour Sa Pa VIP 5 sao,search_travel
cho tôi hỏi Lặn ngắm san hô Nha Trang,search_activity
làm ơn Tôi nghe nói Đà Nẵng rất đẹp,inform
cho em hỏi Chèo thuyền ở Đà Lạt,search_activity
cho em hỏi Combo Phú Quốc trọn gói,search_travel
ad ơi Kỳ nghỉ Hà Nội,search_travel
cho tôi hỏi Lịch trình Đà Lạt 3 ngày 2 đêm,ask_itinerary
cho em hỏi Check in Đà Nẵng ở đâu,search_destination
ad ơi Bạn tôi gợi ý đi Sa Pa,inform
ad ơi Du lịch Đà Nẵng tự túc,search_travel
mình hỏi Tour Phú Quốc 4 ngày 3 đêm,search_travel
cho em hỏi Xe limousine đi Mũi Né,ask_transportation
Vợ chồng tôi cưới ở Phú Quốc,inform
mình hỏi Ăn tối trên du thuyền Huế,search_activity
mình hỏi Vợ chồng tôi cưới ở Phú Quốc,inform
mình hỏi Review du lịch Huế,search_destination
Hải sản Sa Pa tươi ngon,search_food_dining
làm ơn Lịch Sa Pa phù hợp,ask_itinerary
mình hỏi Ăn tối trên du thuyền Mũi Né,search_activity
cho em hỏi Khám phá Hà Nội,search_destination
ad ơi Chi phí ăn uống ở Đà Lạt,search_price
cho tôi hỏi Top địa điểm Huế,search_destination
mình hỏi Chi phí du lịch Hà Nội 3 ngày,search_price
mình hỏi Leo núi ở Huế,search_activity
cho tôi hỏi Khu nghỉ dưỡng Sa Pa,search_accommodation
Khách sạn Sa Pa gần chợ đêm,search_accommodation
cho em hỏi Booking tour Đà Nẵng giá rẻ,book_tour
làm ơn Tàu hỏa Huế bao nhiêu tiền,ask_transportation
cho em hỏi Khám phá Huế,search_destination
cho em hỏi Mua vé tham quan Đà Lạt,book_tour
Tắm nước nóng Hà Nội,search_activity
cho em hỏi Tour Đà Nẵng cho người già,search_travel
cho tôi hỏi Tôi ở Phú Quốc rồi muốn đi tiếp,inform
Chi phí đi Vũng Tàu tự túc,search_price
cho em hỏi Vũng Tàu nổi tiếng về gì,search_destination
làm ơn Tour Hội An nghỉ dưỡng,search_travel
mình hỏi Tôi ở Phú Quốc rồi muốn đi tiếp,inform
cho tôi hỏi Lịch Sa Pa phù hợp,ask_itinerary
mình hỏi Đi Vũng Tàu bao nhiêu ngày,ask_itinerary
cho em hỏi Tour Hội An team building,search_travel
cho tôi hỏi Buffet Hội An giá rẻ,search_food_dining
cho tôi hỏi Sa Pa cách Hà Nội bao xa,search_destination
Phú Quốc có gì ngon,search_food_dining
ad ơi Dự báo thời tiết Huế,ask_weather_timing
cho em hỏi Phú Quốc có gì chơi,search_destination
Tour Huế cho cặp đôi,search_travel
Khách sạn Nha Trang gần sân bay,search_accommodation
Homestay Đà Lạt cho đôi người,search_accommodation
mình hỏi Chi phí đi Vũng Tàu tự túc,search_price
Booking tour Đà Nẵng giá rẻ,book_tour
Chi phí thuê xe Vũng Tàu,search_price
mình hỏi Leo núi ở Mũi Né,search_activity
cho em hỏi Hải sản Đà Lạt tươi ngon,search_food_dining
cho tôi hỏi Vợ chồng tôi cưới ở Hội An,inform
cho tôi hỏi Vé máy bay Hội An khứ hồi,search_price
cho tôi hỏi Tour Phú Quốc trọn gói bao gồm,search_travel
ad ơi Nhà nghỉ Sa Pa giá rẻ,search_accommodation
cho tôi hỏi Bài viết về Đà Lạt,search_destination
Kinh phí đi Sa Pa tiết kiệm,search_price
ad ơi Ăn vặt Huế,search_food_dining
làm ơn Đi phượt Sa Pa bằng xe máy,search_activity
làm ơn Chi phí du lịch Đà Lạt 3 ngày,search_price
mình hỏi Glamping Đà Lạt,search_accommodation
cho tôi hỏi Câu cá ở Huế,search_activity
ad ơi Thời tiết Vũng Tàu tháng 6,ask_weather_timing
cho tôi hỏi Câu cá ở Huế,search_activity
cho em hỏi Combo Huế trọn gói,search_travel
cho tôi hỏi Lịch trình Hội An cho người già,ask_itinerary
Quán ăn ngon ở Nha Trang,search_food_dining
Tôi muốn đưa con đi Phú Quốc,inform
Du lịch Nha Trang mùa đông,search_travel
làm ơn Giới thiệu về Phú Quốc,search_destination
ad ơi Homestay đẹp ở Đà Nẵng,search_accommodation
cho tôi hỏi Quán ăn ngon ở Nha Trang,search_food_dining
Mũi Né có quán nào nổi tiếng,search_food_dining
làm ơn Chia sẻ kinh nghiệm Vũng Tàu,search_destination
làm ơn Cảnh đẹp Đà Nẵng nổi tiếng,search_destination
Lặn ngắm san hô Nha Trang,search_activity
Booking tour Vũng Tàu giá rẻ,book_tour
làm ơn Đặt vé máy bay đi Hà Nội,book_tour
cho tôi hỏi Căn hộ Phú Quốc view đẹp,search_accommodation
ad ơi Câu cá ở Đà Nẵng,search_activity
cho tôi hỏi Đi thuyền Vũng Tàu,search_activity
mình hỏi Tour Vũng Tàu giá học sinh,search_travel
mình hỏi Căn hộ Hội An view đẹp,search_accommodation
ad ơi Cảnh đẹp Đà Nẵng nổi tiếng,search_destination
cho tôi hỏi Tôi muốn đưa con đi Đà Lạt,inform
cho em hỏi Chi phí thuê xe Hội An,search_price
cho em hỏi Thời tiết Vũng Tàu tháng 6,ask_weather_timing
mình hỏi Giá vé Huế cho trẻ em,search_price
ad ơi Đi Đà Lạt trong 2 ngày,ask_itinerary
Taxi ở Nha Trang giá rẻ,ask_transportation
cho em hỏi Resort Đà Nẵng hồ bơi,search_accommodation
làm ơn Tour Hội An nghỉ dưỡng,search_travel
mình hỏi Tour Nha Trang 5 ngày 4 đêm,search_travel
cho em hỏi Tour Đà Nẵng nghỉ dưỡng,search_travel
Từ Hà Nội đi Sa Pa bằng gì,ask_transportation
làm ơn Nhóm bạn tôi định đi Vũng Tàu tháng sau,inform
cho tôi hỏi Khám phá Huế,search_destination
cho tôi hỏi Ăn vặt Huế,search_food_dining
ad ơi Tour Sa Pa VIP 5 sao,search_travel
Chi phí du lịch Huế 3 ngày,search_price
Check in Hà Nội ở đâu,search_destination
mình hỏi Tắm nước nóng Hà Nội,search_activity
cho tôi hỏi Chi phí thuê xe Vũng Tàu,search_price
Tour du lịch Đà Nẵng giá rẻ,search_travel
Khí hậu Vũng Tàu như thế nào,ask_weather_timing
cho tôi hỏi Cafe view đẹp Hà Nội,search_food_dining
mình hỏi Chi phí Mũi Né 4 ngày 3 đêm,search_price
cho tôi hỏi Mũi Né mùa nào đẹp nhất,search_destination
mình hỏi Đi Đà Lạt 1 ngày thì đi đâu,ask_itinerary
Tour Nha Trang 4 ngày 3 đêm,search_travel
ad ơi Ngắm hoàng hôn Hội An,search_activity
ad ơi Giới thiệu về Mũi Né,search_destination
cho em hỏi Lịch trình Đà Lạt 3 ngày 2 đêm,ask_itinerary
cho tôi hỏi Đi bộ biển Đà Nẵng,search_activity
làm ơn Kỳ nghỉ Hà Nội,search_travel
Mũi Né ăn gì cho bữa sáng,search_food_dining
cho em hỏi Giá vé Huế cho trẻ em,search_price
ad ơi Mũi Né ăn gì cho bữa sáng,search_food_dining
cho em hỏi Lượng mưa Đà Lạt hàng năm,ask_weather_timing
Nhiệt độ Sa Pa trung bình,ask_weather_timing
ad ơi Combo Huế trọn gói,search_travel
cho tôi hỏi Đi Mũi Né dịp lễ có vui không,ask_weather_timing
cho tôi hỏi Công ty tôi tổ chức team building ở Mũi Né,inform
cho tôi hỏi Combo Phú Quốc trọn gói,search_travel
Đi phượt Sa Pa bằng xe máy,search_activity
mình hỏi Lịch trình Vũng Tàu tự túc,ask_itinerary
cho em hỏi Giá vé tham quan Sa Pa,search_price
Đặt vé máy bay đi Sa Pa,book_tour
ad ơi Booking homestay Đà Nẵng giá rẻ,book_tour
cho tôi hỏi Bánh xèo Phú Quốc,search_food_dining
cho tôi hỏi Resort Đà Lạt 5 sao,search_accommodation
cho em hỏi Leo núi ở Huế,search_activity
Top địa điểm Hà Nội,search_destination
Đi bộ biển Mũi Né,search_activity
làm ơn Cafe view đẹp Hội An,search_food_dining
cho em hỏi Ở Hà Nội ăn gì ngon,search_food_dining
làm ơn Đi Mũi Né dịp lễ có vui không,ask_weather_timing
mình hỏi Căn hộ Phú Quốc view đẹp,search_accommodation
ad ơi Tour Vũng Tàu giá học sinh,search_travel
cho tôi hỏi Tour Vũng Tàu giá học sinh,search_travel
cho tôi hỏi Phú Quốc có gì ngon,search_food_dining
Top địa điểm Huế,search_destination
Buffet Nha Trang giá rẻ,search_food_dining
làm ơn Ở Phú Quốc 4 ngày đi đâu,ask_itinerary
ad ơi Lịch trình Đà Lạt 3 ngày 2 đêm,ask_itinerary
ad ơi Tour Nha Trang cuối tuần,search_travel
cho tôi hỏi Đi thuyền Hà Nội,search_activity
cho em hỏi Nhóm bạn tôi định đi Vũng Tàu tháng sau,inform
mình hỏi Lịch trình Vũng Tàu tự túc,ask_itinerary
Du lịch Đà Nẵng tự túc,search_travel
cho em hỏi Booking tour Nha Trang giá tốt,search_travel
cho em hỏi Phú Quốc có gì ngon,search_food_dining
Tắm nước nóng Đà Lạt,search_activity
cho tôi hỏi Hải sản Sa Pa giá rẻ,search_food_dining
Đi thác Đà Nẵng tham quan,search_activity
Tour Sa Pa trọn gói bao gồm,search_travel
cho tôi hỏi Lưu trú ở Sa Pa gần chợ,search_accommodation
Tour Nha Trang 4 ngày 3 đêm,search_travel
Đi Đà Lạt 1 ngày thì đi đâu,ask_itinerary
mình hỏi Bạn tôi gợi ý đi Mũi Né,inform
Nhà nghỉ Sa Pa giá rẻ,search_accommodation
cho tôi hỏi Đi bộ biển Đà Lạt,search_activity
làm ơn Hà Nội nổi tiếng về gì,search_destination
mình hỏi Đi Sa Pa bằng tàu cao tốc,ask_transportation
làm ơn Bạn tôi gợi ý đi Sa Pa,inform
cho em hỏi Resort Đà Lạt 5 sao,search_accommodation
cho tôi hỏi Homestay Mũi Né gần trung tâm,search_accommodation
ad ơi Mũi Né có quán nào nổi tiếng,search_food_dining
cho tôi hỏi Buffet Nha Trang giá rẻ,search_food_dining
cho em hỏi Tour Hà Nội cho gia đình,search_travel
cho em hỏi Check in Hà Nội ở đâu,search_destination
cho em hỏi Đi phượt Hội An bằng xe máy,search_activity
cho em hỏi Nhà hàng Vũng Tàu sang trọng,search_food_dining
làm ơn Tôi muốn tìm hiểu về Vũng Tàu,inform
ad ơi Khám phá ẩm thực đường phố Hội An,search_activity
cho tôi hỏi Ăn vặt Hội An,search_food_dining
mình hỏi Đi Nha Trang tham quan gì,search_destination
cho em hỏi Chi phí du lịch Hà Nội 3 ngày,search_price
làm ơn Homestay Huế view đẹp,search_accommodation
ad ơi Reserve phòng Đà Nẵng,book_tour
ad ơi Kinh phí đi Vũng Tàu tiết kiệm,search_price
cho em hỏi Đi bộ biển Mũi Né,search_activity
cho em hỏi Ẩm thực Hội An món gì đặc sản,search_food_dining
Chi phí Mũi Né 4 ngày 3 đêm,search_price
cho tôi hỏi Kinh phí đi Vũng Tàu tiết kiệm,search_price
ad ơi Nên đi Phú Quốc mấy ngày,ask_itinerary
mình hỏi Cafe view đẹp Nha Trang,search_food_dining
cho em hỏi Thời gian lý tưởng đi Vũng Tàu,ask_weather_timing
mình hỏi Cả nhà tôi đi Nha Trang dịp Tết,inform
mình hỏi Khách sạn Sa Pa giá rẻ,search_accommodation
cho tôi hỏi Lẩu Hà Nội ăn ở đâu,search_food_dining
làm ơn Kỳ nghỉ Hà Nội,search_travel
mình hỏi Homestay Huế view đẹp,search_accommodation
cho em hỏi Sa Pa cách Hà Nội bao xa,search_destination
cho em hỏi Tour Phú Quốc trọn gói bao gồm,search_travel
Khám phá Hà Nội,search_destination
mình hỏi Thời tiết Huế tháng 12,ask_weather_timing
Các hãng bay đến Vũng Tàu,ask_transportation
ad ơi Hải sản Sa Pa tươi ngon,search_food_dining
mình hỏi Tôi muốn đưa con đi Mũi Né,inform
làm ơn Đi thác Đà Nẵng tham quan,search_activity
mình hỏi Tôi muốn đưa con đi Phú Quốc,inform
cho tôi hỏi Ẩm thực Hội An món gì đặc sản,search_food_dining
ad ơi Khuyến mãi tour Phú Quốc,search_price
làm ơn Ẩm thực Hà Nội món gì đặc sản,search_food_dining
cho tôi hỏi Cắm trại Huế,search_activity
Lặn biển ở Nha Trang,search_activity
cho em hỏi Gợi ý tour Nha Trang 2 ngày,ask_itinerary
cho em hỏi Combo Phú Quốc trọn gói,search_travel
ad ơi Vợ chồng tôi cưới ở Phú Quốc,inform
Thời gian lý tưởng đi Vũng Tàu,ask_weather_timing
cho tôi hỏi Giới thiệu về Mũi Né,search_destination
mình hỏi Tour Sa Pa trọn gói bao gồm,search_travel
cho em hỏi Tôi ở Phú Quốc rồi muốn đi tiếp,inform
cho em hỏi Tour Sa Pa trọn gói bao gồm,search_travel
cho em hỏi Đi Đà Lạt bằng tàu cao tốc,ask_transportation
ad ơi Bài viết về Đà Lạt,search_destination
mình hỏi Hải sản Hà Nội tươi ngon,search_food_dining
ad ơi Vũng Tàu nổi tiếng về gì,search_destination
Khám phá Huế,search_destination
Cả nhà tôi đi Nha Trang dịp Tết,inform
làm ơn Lịch trình Vũng Tàu tự túc,ask_itinerary
ad ơi Glamping Đà Lạt,search_accommodation
làm ơn Chi phí du lịch Đà Lạt 3 ngày,search_price
cho em hỏi Tour Đà Nẵng cho người già,search_travel
mình hỏi Chợ Mũi Né ẩm thực,search_food_dining
cho tôi hỏi Tôi đã đi Hội An năm ngoái rất thích,inform
cho em hỏi Đi Mũi Né bằng xe máy,ask_transportation
làm ơn Giá tour Phú Quốc bao nhiêu,search_price
cho em hỏi Dự báo thời tiết Huế,ask_weather_timing
làm ơn Thời tiết Nha Trang tháng 12,ask_weather_timing
ad ơi Đi bộ biển Đà Nẵng,search_activity
cho tôi hỏi Combo Huế trọn gói,search_travel
ad ơi Kỳ nghỉ Hà Nội,search_travel
mình hỏi Khách sạn Vũng Tàu trung tâm,search_accommodation
Tôi đã đi Sa Pa năm ngoái rất thích,inform
cho tôi hỏi Du lịch Hà Nội tự túc,search_travel
Tour Nha Trang khuyến mãi,search_travel
cho tôi hỏi Check in Đà Nẵng ở đâu,search_destination
mình hỏi Tour Nha Trang 5 ngày 4 đêm,search_travel
Đi phượt Hội An bằng xe máy,search_activity
làm ơn Du lịch Hà Nội tự túc,search_travel
làm ơn Hải sản Phú Quốc tươi ngon,search_food_dining
mình hỏi Tour Nha Trang khuyến mãi,search_travel
Khám phá Huế,search_destination
Khu nghỉ dưỡng Hội An,search_accommodation
làm ơn Nhà nghỉ Nha Trang giá rẻ,search_accommodation
cho tôi hỏi Đi Nha Trang tham quan gì,search_destination
ad ơi Buffet Hội An giá rẻ,search_food_dining
cho tôi hỏi Chi phí thuê xe Hội An,search_price
ad ơi Ăn tối trên du thuyền Mũi Né,search_activity
ad ơi Chi phí Mũi Né 4 ngày 3 đêm,search_price
Chia sẻ kinh nghiệm Phú Quốc,search_destination
cho tôi hỏi Có gì đẹp ở Hội An,search_destination
ad ơi Đi chợ Hội An về đêm,search_activity
làm ơn Tôi nghe nói Đà Nẵng rất đẹp,inform
mình hỏi Xe limousine đi Hội An,ask_transportation
cho em hỏi Leo núi ở Mũi Né,search_activity
cho tôi hỏi Top địa điểm Hà Nội,search_destination
Tắm nước nóng Phú Quốc,search_activity
ad ơi Khách sạn Sa Pa giá rẻ,search_accommodation
cho em hỏi Hải sản Sa Pa giá rẻ,search_food_dining
Kinh phí đi Đà Nẵng tiết kiệm,search_price
ad ơi Khám phá Huế,search_destination
làm ơn Đi Mũi Né bằng xe máy,ask_transportation
cho tôi hỏi Cắm trại Hội An,search_activity
mình hỏi Đi Đà Lạt trong 2 ngày,ask_itinerary
cho tôi hỏi Mua vé tham quan Đà Lạt,book_tour
cho tôi hỏi Booking tour Đà Nẵng giá rẻ,book_tour
mình hỏi Tôi muốn đưa con đi Đà Lạt,inform
làm ơn Lịch trình Đà Lạt 3 ngày 2 đêm,ask_itinerary
cho em hỏi Đi phượt Sa Pa bằng xe máy,search_activity
mình hỏi Bạn tôi gợi ý đi Mũi Né,inform
Tour Đà Nẵng cho người già,search_travel
làm ơn Vẻ đẹp Sa Pa,search_destination
cho tôi hỏi Lịch trình Đà Lạt 3 ngày 2 đêm,ask_itinerary
mình hỏi Kinh phí đi Vũng Tàu tiết kiệm,search_price
cho tôi hỏi Tour Sa Pa cho người già,search_travel
làm ơn Khách sạn Sa Pa gần chợ đêm,search_accommodation
mình hỏi Đi Vũng Tàu bằng xe máy,ask_transportation
cho tôi hỏi Bố mẹ tôi thích Nha Trang,inform
làm ơn Tour du lịch Đà Lạt giá rẻ,search_travel
làm ơn Nhà nghỉ Mũi Né giá rẻ,search_accommodation
làm ơn Nhà hàng Vũng Tàu sang trọng,search_food_dining
Đặt tour Đà Lạt tiết kiệm,book_tour
làm ơn Đặc sản Đà Nẵng phải thử,search_food_dining
cho em hỏi Chi phí du lịch Hà Nội 3 ngày,search_price
làm ơn Mì quảng Hà Nội,search_food_dining
cho em hỏi Lặn biển ở Nha Trang,search_activity
Nhà nghỉ Đà Nẵng trung tâm,search_accommodation
cho em hỏi Sa Pa ăn gì cho bữa sáng,search_food_dining
Chi phí ăn uống ở Đà Lạt,search_price
mình hỏi Resort Đà Lạt 5 sao,search_accommodation
mình hỏi Du lịch Đà Nẵng tự túc,search_travel
mình hỏi Tour Huế khuyến mãi,search_travel
cho em hỏi Đi Sa Pa bằng tàu cao tốc,ask_transportation
ad ơi Ăn vặt Huế,search_food_dining
mình hỏi Lịch trình Hội An cho người già,ask_itinerary
mình hỏi Đi bộ biển Đà Nẵng,search_activity
cho tôi hỏi Đi thác Đà Nẵng tham quan,search_activity
Thời tiết Huế tháng 12,ask_weather_timing
cho em hỏi Cắm trại Hội An,search_activity
Đi thác Đà Nẵng tham quan,search_activity
cho tôi hỏi Kinh phí đi Đà Nẵng tiết kiệm,search_price
cho tôi hỏi Du lịch Nha Trang mùa đông,search_travel
cho em hỏi Tour du lịch Đà Lạt giá rẻ,search_travel
cho tôi hỏi Lượng mưa Đà Lạt hàng năm,ask_weather_timing
cho tôi hỏi Tour Nha Trang 4 ngày 3 đêm,search_travel
Hà Nội nổi tiếng về gì,search_destination
làm ơn Gợi ý tour Mũi Né 2 ngày,ask_itinerary
ad ơi Công ty tôi tổ chức team building ở Mũi Né,inform
Tour Đà Nẵng 4 ngày 3 đêm,search_travel
làm ơn Bánh xèo Phú Quốc,search_food_dining
cho em hỏi Chia sẻ kinh nghiệm Phú Quốc,search_destination
ad ơi Đi chợ Hội An về đêm,search_activity
ad ơi Đi bộ biển Đà Lạt,search_activity
cho em hỏi Giới thiệu về Mũi Né,search_destination
Xe limousine đi Mũi Né,ask_transportation
làm ơn Tour Vũng Tàu cho cặp đôi,search_travel
làm ơn Chèo thuyền ở Đà Lạt,search_activity
cho em hỏi Khí hậu Vũng Tàu như thế nào,ask_weather_timing
Check in Hà Nội ở đâu,search_destination
cho em hỏi Tiền ăn ở Hà Nội 1 ngày,search_price
Giá vé tham quan Sa Pa,search_price
cho tôi hỏi Tour Hội An nghỉ dưỡng,search_travel
mình hỏi Cafe view đẹp Hội An,search_food_dining
ad ơi Khu nghỉ dưỡng Hội An,search_accommodation
làm ơn Đi Nha Trang tham quan gì,search_destination
cho tôi hỏi Sa Pa ăn gì cho bữa sáng,search_food_dining
cho em hỏi Mùa mưa ở Mũi Né tháng nào,ask_weather_timing
làm ơn Tôi đã đi Hội An năm ngoái rất thích,inform
mình hỏi Tour Huế khuyến mãi,search_travel
cho em hỏi Ẩm thực Hà Nội món gì đặc sản,search_food_dining
ad ơi Tour Phú Quốc 4 ngày 3 đêm,search_travel
cho tôi hỏi Tàu hỏa đi Nha Trang,ask_transportation
cho tôi hỏi Homestay Huế view đẹp,search_accommodation
Tôi ở Phú Quốc rồi muốn đi tiếp,inform
cho tôi hỏi Lịch trình Vũng Tàu tự túc,ask_itinerary
ad ơi Khám phá Hà Nội,search_destination
ad ơi Booking tour Vũng Tàu giá rẻ,book_tour
Sa Pa cách Hà Nội bao xa,search_destination
làm ơn Glamping Đà Lạt,search_accommodation
làm ơn Homestay đẹp ở Hà Nội,search_accommodation
cho em hỏi Chia sẻ kinh nghiệm Sa Pa,search_destination
làm ơn Bài viết về Đà Lạt,search_destination
làm ơn Đi phượt Hội An bằng xe máy,search_activity
ad ơi Resort Đà Lạt 5 sao,search_accommodation
Bạn tôi gợi ý đi Sa Pa,inform
cho tôi hỏi Booking homestay Đà Nẵng giá rẻ,book_tour
mình hỏi Buffet Hội An giá rẻ,search_food_dining
cho em hỏi Khám phá Huế,search_destination
làm ơn Ăn chay Huế,search_food_dining
cho em hỏi Gợi ý tour Mũi Né 2 ngày,ask_itinerary
làm ơn Review du lịch Huế,search_destination
mình hỏi Tour Hà Nội cho gia đình,search_travel
Xe limousine đi Hội An,ask_transportation
cho em hỏi Chi phí du lịch Huế 3 ngày,search_price
cho em hỏi Tour Nha Trang khuyến mãi,search_travel
làm ơn Tour Sa Pa trọn gói bao gồm,search_travel
mình hỏi Review du lịch Hà Nội,search_destination
làm ơn Dự báo thời tiết Huế,ask_weather_timing
cho tôi hỏi Chợ Mũi Né ẩm thực,search_food_dining
ad ơi Lịch trình Đà Lạt 3 ngày 2 đêm,ask_itinerary
ad ơi Khách sạn Sa Pa gần chợ đêm,search_accommodation
mình hỏi Khu nghỉ dưỡng Sa Pa,search_accommodation
mình hỏi Top địa điểm Hà Nội,search_destination
mình hỏi Mùa khô ở Hà Nội,ask_weather_timing
cho tôi hỏi Khuyến mãi tour Phú Quốc,search_price
Homestay đẹp ở Đà Nẵng,search_accommodation
ad ơi Đi thác Đà Nẵng tham quan,search_activity
Giới thiệu về Phú Quốc,search_destination
làm ơn Hà Nội nổi tiếng về gì,search_destination
cho tôi hỏi Khí hậu Vũng Tàu như thế nào,ask_weather_timing
mình hỏi Bài viết về Đà Nẵng,search_destination
cho tôi hỏi Chèo thuyền ở Đà Lạt,search_activity
Tour Nha Trang cuối tuần,search_travel
làm ơn Lặn biển ở Nha Trang,search_activity
làm ơn Tour Phú Quốc trọn gói bao gồm,search_travel
ad ơi Quán ăn ngon ở Hội An,search_food_dining
mình hỏi Kinh phí đi Đà Nẵng tiết kiệm,search_price
cho em hỏi Tour Đà Nẵng 3 ngày 2 đêm,search_travel
mình hỏi Ăn vặt Huế,search_food_dining
làm ơn Thời tiết Huế tháng 12,ask_weather_timing
làm ơn Ăn vặt Hội An,search_food_dining
cho em hỏi Nên đi Mũi Né không,search_destination
Cafe view đẹp Hà Nội,search_food_dining
cho em hỏi Tour Phú Quốc trọn gói bao gồm,search_travel
ad ơi Homestay đẹp ở Hà Nội,search_accommodation
mình hỏi Đi thuyền Vũng Tàu,search_activity
Khách sạn Sa Pa giá rẻ,search_accommodation
cho em hỏi Chi phí thuê xe Hà Nội,search_price
mình hỏi Sa Pa ăn gì cho bữa sáng,search_food_dining
ad ơi Kinh phí đi Huế tiết kiệm,search_price
cho em hỏi Tôi muốn đưa con đi Phú Quốc,inform
cho tôi hỏi Gợi ý tour Mũi Né 2 ngày,ask_itinerary
cho em hỏi Kinh phí đi Sa Pa tiết kiệm,search_price
ad ơi Resort Mũi Né gia đình,search_accommodation
làm ơn Tour du lịch Đà Lạt giá rẻ,search_travel
Tour Sa Pa cho người già,search_travel
ad ơi Kinh nghiệm đi Đà Nẵng lần đầu,search_destination
làm ơn Du lịch Đà Lạt tự túc,search_travel
Đi Mũi Né bằng xe máy,ask_transportation
làm ơn Buffet Nha Trang giá rẻ,search_food_dining
Ăn vặt Hội An,search_food_dining
cho em hỏi Lặn ngắm san hô Sa Pa,search_activity
làm ơn Lặn biển ở Nha Trang,search_activity
ad ơi Book phòng Đà Lạt view biển,book_tour
Ngắm hoàng hôn Hội An,search_activity
ad ơi Quán ăn ngon ở Nha Trang,search_food_dining
cho tôi hỏi Khách sạn Sa Pa gần chợ đêm,search_accommodation
cho tôi hỏi Tôi nghe nói Sa Pa rất đẹp,inform
cho tôi hỏi Điểm đến Đà Lạt,search_destination
Tour Huế team building,search_travel
Tôi nghe nói Sa Pa rất đẹp,inform
cho em hỏi Tour Huế cho cặp đôi,search_travel
cho tôi hỏi Reserve phòng Đà Nẵng,book_tour
ad ơi Tour Nha Trang khuyến mãi,search_travel
cho tôi hỏi Đặt phòng khách sạn Đà Lạt,book_tour
mình hỏi Homestay Đà Lạt cho đôi người,search_accommodation
cho tôi hỏi Chi phí du lịch Nha Trang 3 ngày,search_price
làm ơn Tour Vũng Tàu 3 ngày 2 đêm,search_travel
làm ơn Tour Sa Pa cho người già,search_travel
làm ơn Đi Huế bao nhiêu ngày,ask_itinerary
cho em hỏi Book phòng Đà Lạt view biển,book_tour
mình hỏi Đi bộ biển Đà Nẵng,search_activity
cho tôi hỏi Lịch trình Hội An cho người già,ask_itinerary
mình hỏi Nhà hàng Vũng Tàu sang trọng,search_food_dining
ad ơi Tour Nha Trang cuối tuần,search_travel
Check in Huế ở đâu,search_destination
mình hỏi Đi chợ Hội An về đêm,search_activity
Tôi nghe nói Sa Pa rất đẹp,inform
mình hỏi Tôi nghe nói Sa Pa rất đẹp,inform
mình hỏi Tour Sa Pa VIP 5 sao,search_travel
Lặn ngắm san hô Nha Trang,search_activity
cho tôi hỏi Lịch trình Phú Quốc cho gia đình,ask_itinerary
cho em hỏi Ăn tối trên du thuyền Mũi Né,search_activity
Cắm trại Huế,search_activity
mình hỏi Tour Đà Nẵng 3 ngày 2 đêm,search_travel
mình hỏi Kinh phí đi Đà Nẵng tiết kiệm,search_price
làm ơn Tour Đà Nẵng nghỉ dưỡng,search_travel
cho em hỏi Cafe view đẹp Hà Nội,search_food_dining
Xe giường nằm đi Huế,ask_transportation
cho em hỏi Du lịch Đà Nẵng tự túc,search_travel
làm ơn Đặt vé máy bay đi Sa Pa,book_tour
cho em hỏi Chia sẻ kinh nghiệm Đà Nẵng,search_destination
cho tôi hỏi Gợi ý tour Mũi Né 2 ngày,ask_itinerary
cho tôi hỏi Khách sạn Sa Pa giá rẻ,search_accommodation
ad ơi Lẩu Hà Nội ăn ở đâu,search_food_dining
mình hỏi Chia sẻ kinh nghiệm Sa Pa,search_destination
cho tôi hỏi Cắm trại Huế,search_activity
mình hỏi Phú Quốc có gì chơi,search_destination
cho tôi hỏi Bạn tôi gợi ý đi Sa Pa,inform
cho em hỏi Lịch trình Đà Lạt 3 ngày 2 đêm,ask_itinerary
cho em hỏi Cảnh đẹp Mũi Né nổi tiếng,search_destination
mình hỏi Homestay Mũi Né gần trung tâm,search_accommodation
ad ơi Review du lịch Huế,search_destination
Hải sản Đà Lạt tươi ngon,search_food_dining
mình hỏi Bánh xèo Hà Nội,search_food_dining
làm ơn Resort Đà Lạt 5 sao,search_accommodation
ad ơi Du lịch Nha Trang mùa đông,search_travel
cho tôi hỏi Tour Sa Pa trọn gói bao gồm,search_travel
Reserve phòng Đà Nẵng,book_tour
mình hỏi Bạn tôi gợi ý đi Sa Pa,inform
Tàu hỏa Huế bao nhiêu tiền,ask_transportation
Tour Đà Nẵng team building,search_travel
Hải sản Sa Pa giá rẻ,search_food_dining
cho em hỏi Book phòng Đà Lạt view biển,book_tour
cho tôi hỏi Khám phá ẩm thực đường phố Hội An,search_activity
mình hỏi Khu nghỉ dưỡng Sa Pa,search_accommodation
mình hỏi Tour Huế team building,search_travel
mình hỏi Chi phí thuê xe Vũng Tàu,search_price
cho em hỏi Cả nhà tôi đi Huế dịp Tết,inform
mình hỏi Buffet Nha Trang giá rẻ,search_food_dining
cho tôi hỏi Lịch trình Vũng Tàu tự túc,ask_itinerary
ad ơi Lưu trú ở Sa Pa gần chợ,search_accommodation
cho em hỏi Nha Trang ăn gì cho bữa sáng,search_food_dining
ad ơi Đặt tour Hà Nội khuyến mãi,book_tour
cho tôi hỏi Xe khách đi Hội An giờ nào,ask_transportation
Tôi muốn đưa con đi Vũng Tàu,inform
cho tôi hỏi Xe limousine đi Mũi Né,ask_transportation
mình hỏi Kinh nghiệm đi Đà Nẵng lần đầu,search_destination
cho tôi hỏi Ăn tối trên du thuyền Huế,search_activity
cho em hỏi Phương tiện đi Hà Nội rẻ nhất,ask_transportation
làm ơn Ở Đà Nẵng mấy ngày là đủ,ask_itinerary
Cafe view đẹp Nha Trang,search_food_dining
làm ơn Top địa điểm Huế,search_destination
ad ơi Booking tour Đà Lạt giá rẻ,book_tour
cho em hỏi Lịch trình Vũng Tàu tự túc,ask_itinerary
mình hỏi Khuyến mãi tour Phú Quốc,search_price
làm ơn Kinh phí đi Huế tiết kiệm,search_price
mình hỏi Booking tour Huế giá tốt,search_travel
ad ơi Thời gian lý tưởng đi Vũng Tàu,ask_weather_timing
mình hỏi Đi Mũi Né bằng xe máy,ask_transportation
cho em hỏi Lặn ngắm san hô Sa Pa,search_activity
mình hỏi Tour Hội An nghỉ dưỡng,search_travel
Chi phí du lịch Nha Trang 3 ngày,search_price
cho tôi hỏi Sa Pa cách Hà Nội bao xa,search_destination
cho tôi hỏi Tour Đà Nẵng 4 ngày 3 đêm,search_travel
Tiền ăn ở Hội An 1 ngày,search_price
cho em hỏi Đi Đà Lạt trong 2 ngày,ask_itinerary
cho tôi hỏi Đặt vé máy bay đi Sa Pa,book_tour
Mũi Né mùa nào đẹp nhất,search_destination
cho em hỏi Kinh phí đi Sa Pa tiết kiệm,search_price
làm ơn Homestay Huế view đẹp,search_accommodation
Khách sạn Sa Pa gần chợ đêm,search_accommodation
cho em hỏi Tour du lịch Đà Lạt giá rẻ,search_travel
làm ơn Top địa điểm Huế,search_destination
cho tôi hỏi Tour Đà Nẵng team building,search_travel
mình hỏi Nha Trang ăn gì cho bữa sáng,search_food_dining
Tàu hỏa Huế bao nhiêu tiền,ask_transportation
cho em hỏi Kế hoạch du lịch Huế,ask_itinerary
cho em hỏi Order tour Vũng Tàu,book_tour
cho tôi hỏi Mũi Né có quán nào nổi tiếng,search_food_dining
ad ơi Đi Mũi Né bằng xe máy,ask_transportation
làm ơn Chi phí Mũi Né 4 ngày 3 đêm,search_price
cho tôi hỏi Hải sản Sa Pa tươi ngon,search_food_dining
ad ơi Lặn biển ở Nha Trang,search_activity
Đặt tour Đà Nẵng tiết kiệm,book_tour
ad ơi Tour Phú Quốc giá học sinh,search_travel
mình hỏi Tour Vũng Tàu 5 ngày 4 đêm,search_travel
mình hỏi Tàu hỏa Huế bao nhiêu tiền,ask_transportation
ad ơi Khách sạn Nha Trang gần sân bay,search_accommodation
cho tôi hỏi Đi bộ biển Đà Nẵng,search_activity
cho tôi hỏi Ở Hà Nội ăn gì ngon,search_food_dining
cho tôi hỏi Resort Mũi Né gia đình,search_accommodation
làm ơn Chi phí du lịch Hà Nội 3 ngày,search_price
cho em hỏi Từ Hà Nội đi Phú Quốc bằng gì,ask_transportation
Chè Hội An ngon,search_food_dining
cho em hỏi Phú Quốc có gì ngon,search_food_dining
cho tôi hỏi Resort Đà Nẵng hồ bơi,search_accommodation
làm ơn Tour Vũng Tàu giá học sinh,search_travel
cho tôi hỏi Tôi muốn đưa con đi Mũi Né,inform
mình hỏi Phương tiện đi Hà Nội rẻ nhất,ask_transportation
cho tôi hỏi Lặn biển ở Nha Trang,search_activity
Chia sẻ kinh nghiệm Đà Nẵng,search_destination
Đặt tour Mũi Né cho đoàn,book_tour
ad ơi Lịch trình Mũi Né tự túc,ask_itinerary
cho tôi hỏi Khí hậu Vũng Tàu như thế nào,ask_weather_timing
Tour Nha Trang khuyến mãi,search_travel
cho em hỏi Chia sẻ kinh nghiệm Vũng Tàu,search_destination
cho em hỏi Tour Nha Trang khuyến mãi,search_travel
làm ơn Nên đi Phú Quốc mấy ngày,ask_itinerary
làm ơn Tôi muốn đưa con đi Đà Lạt,inform
ad ơi Chi phí thuê xe Vũng Tàu,search_price
ad ơi Đi Mũi Né bằng xe máy,ask_transportation
làm ơn Tôi ở Phú Quốc rồi muốn đi tiếp,inform
cho em hỏi Hải sản Hà Nội tươi ngon,search_food_dining
ad ơi Homestay đẹp ở Hà Nội,search_accommodation
cho em hỏi Tour Đà Nẵng 4 ngày 3 đêm,search_travel
làm ơn Check in Hà Nội ở đâu,search_destination
cho em hỏi Lịch trình Hội An cho người già,ask_itinerary
ad ơi Tôi muốn tìm hiểu về Vũng Tàu,inform
Book combo Huế,book_tour
Ẩm thực Hà Nội món gì đặc sản,search_food_dining
ad ơi Ngắm hoàng hôn Hội An,search_activity
ad ơi Từ Hà Nội đi Sa Pa bằng gì,ask_transportation
mình hỏi Lưu trú ở Sa Pa gần chợ,search_accommodation
Đi Mũi Né dịp lễ có vui không,ask_weather_timing
làm ơn Lặn ngắm san hô Sa Pa,search_activity
cho tôi hỏi Ẩm thực Hà Nội món gì đặc sản,search_food_dining
ad ơi Kinh phí đi Sa Pa tiết kiệm,search_price
cho em hỏi Món Việt Nha Trang ngon,search_food_dining
cho em hỏi Lịch trình tour Nha Trang,search_travel
ad ơi Xe khách đi Hội An giờ nào,ask_transportation
Đi Sa Pa bằng tàu cao tốc,ask_transportation
cho tôi hỏi Từ Hà Nội đi Sa Pa bằng gì,ask_transportation
cho tôi hỏi Gợi ý tour Nha Trang 2 ngày,ask_itinerary
ad ơi Sa Pa cách Hà Nội bao xa,search_destination
mình hỏi Nha Trang cách Hà Nội bao xa,search_destination
cho em hỏi Tôi đã đi Sa Pa năm ngoái rất thích,inform
ad ơi Vé máy bay Hội An khứ hồi,search_price
mình hỏi Món Việt Nha Trang ngon,search_food_dining
ad ơi Tour Hội An team building,search_travel
Xe khách đi Hội An giờ nào,ask_transportation
ad ơi Mua vé tham quan Đà Lạt,book_tour
cho tôi hỏi Đi phượt Sa Pa bằng xe máy,search_activity
cho em hỏi Tôi nghe nói Đà Nẵng rất đẹp,inform
ad ơi Kỳ nghỉ Hà Nội,search_travel
ad ơi Check in Huế ở đâu,search_destination
cho tôi hỏi Tour Phú Quốc 4 ngày 3 đêm,search_travel
cho tôi hỏi Cảnh đẹp Đà Nẵng nổi tiếng,search_destination
làm ơn Lịch trình Đà Lạt 3 ngày 2 đêm,ask_itinerary
mình hỏi Booking homestay Đà Nẵng giá rẻ,book_tour
ad ơi Tôi ở Phú Quốc rồi muốn đi tiếp,inform
cho tôi hỏi Tour Hà Nội cho gia đình,search_travel
Tôi ở Phú Quốc rồi muốn đi tiếp,inform
ad ơi Bài viết về Đà Nẵng,search_destination
làm ơn Đà Nẵng ăn gì cho bữa sáng,search_food_dining
làm ơn Xe limousine đi Mũi Né,ask_transportation
Homestay Đà Lạt cho đôi người,search_accommodation
Đi Sa Pa bằng tàu cao tốc,ask_transportation
làm ơn Chia sẻ kinh nghiệm Phú Quốc,search_destination
Đi Đà Lạt trong 2 ngày,ask_itinerary
cho tôi hỏi Phú Quốc nổi tiếng về gì,search_destination
cho tôi hỏi Lặn ngắm san hô Sa Pa,search_activity
Mùa khô ở Hà Nội,ask_weather_timing
mình hỏi Đi phượt Sa Pa bằng xe máy,search_activity
mình hỏi Câu cá ở Huế,search_activity
làm ơn Ở Đà Nẵng mấy ngày là đủ,ask_itinerary
ad ơi Mùa khô ở Hà Nội,ask_weather_timing
làm ơn Ngắm hoàng hôn Hội An,search_activity
ad ơi Ở Đà Nẵng mấy ngày là đủ,ask_itinerary
làm ơn Cắm trại Hội An,search_activity
mình hỏi Ăn chay Huế,search_food_dining
Tôi muốn đưa con đi Đà Lạt,inform
Tôi đã đi Sa Pa năm ngoái rất thích,inform
cho tôi hỏi Kinh phí đi Vũng Tàu tiết kiệm,search_price
mình hỏi Khu nghỉ dưỡng Sa Pa,search_accommodation
làm ơn Booking tour Vũng Tàu giá rẻ,book_tour
làm ơn Tour Huế team building,search_travel
ad ơi Tour Hội An nghỉ dưỡng,search_travel
Đi Nha Trang tham quan gì,search_destination
ad ơi Quán ăn ngon ở Nha Trang,search_food_dining
cho tôi hỏi Order tour Vũng Tàu,book_tour
Xe đạp đi Phú Quốc,ask_transportation
làm ơn Đặt tour Đà Nẵng tiết kiệm,book_tour
Tour Đà Nẵng cho người già,search_travel
cho em hỏi Xe khách đi Hội An giờ nào,ask_transportation
cho tôi hỏi Khách sạn Vũng Tàu trung tâm,search_accommodation
mình hỏi Homestay Vũng Tàu view đẹp,search_accommodation
ad ơi Đi Sa Pa bằng tàu cao tốc,ask_transportation
cho em hỏi Đặt tour Đà Lạt tiết kiệm,book_tour
ad ơi Sa Pa ăn gì cho bữa sáng,search_food_dining
cho em hỏi Ở Hà Nội ăn gì ngon,search_food_dining
mình hỏi Lẩu Hà Nội ăn ở đâu,search_food_dining
cho tôi hỏi Hải sản Hà Nội tươi ngon,search_food_dining
ad ơi Tiền ăn ở Hội An 1 ngày,search_price
mình hỏi Tôi đã đi Sa Pa năm ngoái rất thích,inform
làm ơn Buffet Nha Trang giá rẻ,search_food_dining
mình hỏi Buffet Hội An giá rẻ,search_food_dining
ad ơi Nha Trang cách Hà Nội bao xa,search_destination
làm ơn Booking tour Nha Trang giá tốt,search_travel
ad ơi Chi phí Mũi Né 4 ngày 3 đêm,search_price
làm ơn Phương tiện đi Hà Nội rẻ nhất,ask_transportation
ad ơi Bánh xèo Hà Nội,search_food_dining
ad ơi Check in Hà Nội ở đâu,search_destination
Khuyến mãi tour Phú Quốc,search_price
Homestay Mũi Né gần trung tâm,search_accommodation
cho em hỏi Lặn biển ở Nha Trang,search_activity
cho em hỏi Tour Phú Quốc 4 ngày 3 đêm,search_travel
mình hỏi Khu nghỉ dưỡng Hội An,search_accommodation
làm ơn Tour Phú Quốc giá học sinh,search_travel
làm ơn Ngắm hoàng hôn Hội An,search_activity
cho tôi hỏi Chi phí thuê xe Hội An,search_price
ad ơi Nhóm bạn tôi định đi Vũng Tàu tháng sau,inform
mình hỏi Lịch trình Mũi Né tự túc,ask_itinerary
mình hỏi Chi phí đi Vũng Tàu tự túc,search_price
Tôi ở Vũng Tàu rồi muốn đi tiếp,inform
cho tôi hỏi Phú Quốc có gì ngon,search_food_dining
cho tôi hỏi Căn hộ Phú Quốc view đẹp,search_accommodation
làm ơn Giá vé tham quan Sa Pa,search_price
mình hỏi Đi Mũi Né dịp lễ có vui không,ask_weather_timing
làm ơn Tour Phú Quốc 4 ngày 3 đêm,search_travel
cho tôi hỏi Review du lịch Huế,search_destination
mình hỏi Ăn vặt Huế,search_food_dining
Book combo Huế,book_tour
làm ơn Kinh nghiệm đi Đà Nẵng lần đầu,search_destination
cho em hỏi Nha Trang cách Hà Nội bao xa,search_destination
ad ơi Từ Hà Nội đi Phú Quốc bằng gì,ask_transportation
Order tour Vũng Tàu,book_tour
cho tôi hỏi Tour Huế cho cặp đôi,search_travel
Nhóm bạn tôi định đi Vũng Tàu tháng sau,inform
cho tôi hỏi Nhà nghỉ Nha Trang giá rẻ,search_accommodation
làm ơn Đặc sản Đà Nẵng phải thử,search_food_dining
cho tôi hỏi Nên đi Phú Quốc mấy ngày,ask_itinerary
cho em hỏi Đi Vũng Tàu bao nhiêu ngày,ask_itinerary
mình hỏi Cắm trại Hội An,search_activity
mình hỏi Thời tiết Huế tháng 12,ask_weather_timing
ad ơi Hải sản Phú Quốc tươi ngon,search_food_dining
làm ơn Khám phá Hà Nội,search_destination
ad ơi Đặt vé máy bay đi Sa Pa,book_tour
Phú Quốc có gì chơi,search_destination
Bố mẹ tôi thích Nha Trang,inform
Booking tour Vũng Tàu giá rẻ,book_tour
ad ơi Tôi nghe nói Đà Nẵng rất đẹp,inform
Ăn chay Huế,search_food_dining
làm ơn Tour Sa Pa trọn gói bao gồm,search_travel
cho em hỏi Ăn chay Huế,search_food_dining
Đi bộ biển Đà Nẵng,search_activity
cho tôi hỏi Tour du lịch Đà Lạt giá rẻ,search_travel
mình hỏi Cafe view đẹp Nha Trang,search_food_dining
ad ơi Bạn tôi gợi ý đi Mũi Né,inform
ad ơi Xe limousine đi Hội An,ask_transportation
mình hỏi Tour Vũng Tàu giá học sinh,search_travel
mình hỏi Du lịch Hà Nội tự túc,search_travel
ad ơi Order tour Vũng Tàu,book_tour
ad ơi Tour Đà Lạt khởi hành từ Hà Nội,search_travel
cho tôi hỏi Giá vé Huế cho trẻ em,search_price
cho tôi hỏi Mì quảng Hà Nội,search_food_dining
cho tôi hỏi Nhà hàng Vũng Tàu sang trọng,search_food_dining
cho tôi hỏi Nhiệt độ Phú Quốc trung bình,ask_weather_timing
mình hỏi Đi bộ biển Mũi Né,search_activity
cho em hỏi Homestay Đà Lạt cho đôi người,search_accommodation
cho tôi hỏi Mũi Né có quán nào nổi tiếng,search_food_dining
cho em hỏi Ở Đà Nẵng mấy ngày là đủ,ask_itinerary
cho em hỏi Hải sản Phú Quốc tươi ngon,search_food_dining
làm ơn Booking tour Đà Nẵng giá rẻ,book_tour
cho em hỏi Lưu trú ở Sa Pa gần chợ,search_accommodation
mình hỏi Hội An ở đâu,search_destination
Lặn ngắm san hô Nha Trang,search_activity
cho em hỏi Kinh phí đi Đà Nẵng tiết kiệm,search_price
làm ơn Cafe view đẹp Nha Trang,search_food_dining
Khám phá ẩm thực đường phố Hội An,search_activity
ad ơi Đi Đà Lạt 1 ngày thì đi đâu,ask_itinerary
mình hỏi Đặt phòng khách sạn Đà Lạt,book_tour
cho tôi hỏi Đi chợ Hội An về đêm,search_activity
ad ơi Hải sản Đà Lạt tươi ngon,search_food_dining
làm ơn Nhiệt độ Phú Quốc trung bình,ask_weather_timing
ad ơi Đi Hội An dịp lễ có vui không,ask_weather_timing
Cả nhà tôi đi Nha Trang dịp Tết,inform
cho em hỏi Điểm đến Đà Lạt,search_destination
làm ơn Ăn vặt Huế,search_food_dining
Combo Huế trọn gói,search_travel
mình hỏi Book combo Huế,book_tour
cho tôi hỏi Tour Nha Trang cuối tuần,search_travel
Đặc sản Đà Nẵng phải thử,search_food_dining
làm ơn Tôi muốn đưa con đi Vũng Tàu,inform
cho tôi hỏi Cắm trại Hội An,search_activity
làm ơn Giá vé Huế cho trẻ em,search_price
cho em hỏi Đi Mũi Né bằng xe máy,ask_transportation
mình hỏi Sa Pa cách Hà Nội bao xa,search_destination
Tour Sa Pa trọn gói bao gồm,search_travel
mình hỏi Tour Nha Trang cuối tuần,search_travel
mình hỏi Bánh xèo Phú Quốc,search_food_dining
cho tôi hỏi Nhóm bạn tôi định đi Vũng Tàu tháng sau,inform
mình hỏi Tour Nha Trang 4 ngày 3 đêm,search_travel
mình hỏi Tôi ở Vũng Tàu rồi muốn đi tiếp,inform
ad ơi Mua vé tham quan Đà Lạt,book_tour
làm ơn Tour Vũng Tàu 5 ngày 4 đêm,search_travel
mình hỏi Chè Hội An ngon,search_food_dining
cho tôi hỏi Tour Phú Quốc trọn gói bao gồm,search_travel
ad ơi Homestay Huế view đẹp,search_accommodation
mình hỏi Tour Phú Quốc cuối tuần,search_travel
Quán ăn ngon ở Hội An,search_food_dining
cho em hỏi Nhiệt độ Sa Pa trung bình,ask_weather_timing
ad ơi Đi Đà Lạt mùa nào đẹp,search_destination
làm ơn Lượng mưa Đà Lạt hàng năm,ask_weather_timing
ad ơi Đi Vũng Tàu bằng xe máy,ask_transportation
làm ơn Đi chợ Hội An về đêm,search_activity
làm ơn Combo Phú Quốc trọn gói,search_travel
Đi phượt Hội An bằng xe máy,search_activity
mình hỏi Nhà nghỉ Nha Trang giá rẻ,search_accommodation
ad ơi Đi bộ biển Đà Lạt,search_activity
cho tôi hỏi Đà Nẵng ăn gì cho bữa sáng,search_food_dining
Lịch Sa Pa phù hợp,ask_itinerary
cho em hỏi Tour Nha Trang 5 ngày 4 đêm,search_travel
Kỳ nghỉ Hà Nội,search_travel
Đặt vé máy bay đi Hà Nội,book_tour
cho tôi hỏi Phương tiện đi Hà Nội rẻ nhất,ask_transportation
Tiền ăn ở Hà Nội 1 ngày,search_price
làm ơn Quán ăn ngon ở Hội An,search_food_dining
ad ơi Hải sản Phú Quốc tươi ngon,search_food_dining
cho em hỏi Đi thác Đà Nẵng tham quan,search_activity
cho tôi hỏi Cafe view đẹp Nha Trang,search_food_dining
mình hỏi Bố mẹ tôi thích Nha Trang,inform
Mũi Né có quán nào nổi tiếng,search_food_dining
cho em hỏi Ẩm thực Hội An món gì đặc sản,search_food_dining
Tour Vũng Tàu giá học sinh,search_travel
cho tôi hỏi Tour Phú Quốc trọn gói bao gồm,search_travel
ad ơi Tour du lịch Đà Lạt giá rẻ,search_travel
cho tôi hỏi Chi phí ăn uống ở Đà Lạt,search_price
cho em hỏi Đà Lạt có homestay nào đẹp,search_accommodation
Resort Đà Lạt 5 sao,search_accommodation
mình hỏi Tour Đà Nẵng nghỉ dưỡng,search_travel
cho em hỏi Đi thuyền Vũng Tàu,search_activity
cho em hỏi Tour Sa Pa VIP 5 sao,search_travel
cho em hỏi Tour Phú Quốc giá học sinh,search_travel
cho tôi hỏi Tour du lịch Đà Lạt giá rẻ,search_travel
làm ơn Sa Pa cách Hà Nội bao xa,search_destination
cho tôi hỏi Glamping Đà Lạt,search_accommodation
cho tôi hỏi Lưu trú ở Sa Pa gần chợ,search_accommodation
cho tôi hỏi Đi Đà Lạt 1 ngày thì đi đâu,ask_itinerary
mình hỏi Nhà hàng Vũng Tàu sang trọng,search_food_dining
cho em hỏi Khách sạn Hà Nội giá rẻ,search_accommodation
cho tôi hỏi Đặc sản Sa Pa phải thử,search_food_dining
ad ơi Bánh xèo Hà Nội,search_food_dining
mình hỏi Tôi nghe nói Sa Pa rất đẹp,inform
cho em hỏi Đặc sản Đà Nẵng phải thử,search_food_dining
cho tôi hỏi Chi phí ăn uống ở Đà Lạt,search_price
Homestay Vũng Tàu view đẹp,search_accommodation
cho tôi hỏi Vũng Tàu nổi tiếng về gì,search_destination
làm ơn Lẩu Hà Nội ăn ở đâu,search_food_dining
mình hỏi Du lịch Đà Nẵng tự túc,search_travel
cho tôi hỏi Combo Phú Quốc trọn gói,search_travel
ad ơi Xe giường nằm đi Huế,ask_transportation
Quán ăn ngon ở Hội An,search_food_dining
Tour Sa Pa trọn gói bao gồm,search_travel
cho em hỏi Chi phí du lịch Đà Lạt 3 ngày,search_price
Chợ Mũi Né ẩm thực,search_food_dining
ad ơi Tắm nước nóng Phú Quốc,search_activity
ad ơi Tôi đã đi Sa Pa năm ngoái rất thích,inform
mình hỏi Glamping Đà Lạt,search_accommodation
ad ơi Tôi muốn tìm hiểu về Vũng Tàu,inform
cho tôi hỏi Du lịch Đà Lạt tự túc,search_travel
Đi Hội An dịp lễ có vui không,ask_weather_timing
cho tôi hỏi Vũng Tàu nổi tiếng về gì,search_destination
cho em hỏi Homestay Mũi Né gần trung tâm,search_accommodation
làm ơn Nhà nghỉ Đà Nẵng trung tâm,search_accommodation
ad ơi Bài viết về Đà Lạt,search_destination
cho em hỏi Đi thuyền Vũng Tàu,search_activity
cho em hỏi Homestay đẹp ở Đà Nẵng,search_accommodation
Lịch Sa Pa phù hợp,ask_itinerary
Khu nghỉ dưỡng Hội An,search_accommodation
cho em hỏi Công ty tôi tổ chức team building ở Phú Quốc,inform
cho tôi hỏi Tour Sa Pa cho người già,search_travel
làm ơn Chia sẻ kinh nghiệm Sa Pa,search_destination
cho tôi hỏi Nhà nghỉ Đà Nẵng trung tâm,search_accommodation
mình hỏi Từ Hà Nội đi Sa Pa bằng gì,ask_transportation
cho tôi hỏi Đà Nẵng ăn gì cho bữa sáng,search_food_dining
cho tôi hỏi Lượng mưa Đà Lạt hàng năm,ask_weather_timing
cho em hỏi Tôi muốn đưa con đi Phú Quốc,inform
Lịch trình Phú Quốc cho gia đình,ask_itinerary
cho tôi hỏi Sa Pa cách Hà Nội bao xa,search_destination
Vé máy bay Hội An khứ hồi,search_price
cho tôi hỏi Cắm trại Huế,search_activity
cho em hỏi Vé máy bay Hội An khứ hồi,search_price
mình hỏi Có gì đẹp ở Hội An,search_destination
Cảnh đẹp Mũi Né nổi tiếng,search_destination
Câu cá ở Huế,search_activity
cho tôi hỏi Giới thiệu về Mũi Né,search_destination
cho tôi hỏi Đi phượt Hội An bằng xe máy,search_activity
ad ơi Lịch trình Vũng Tàu tự túc,ask_itinerary
Lượng mưa Đà Lạt hàng năm,ask_weather_timing
mình hỏi Khách sạn Hà Nội giá rẻ,search_accommodation
làm ơn Cắm trại Huế,search_activity
cho em hỏi Căn hộ Hội An view đẹp,search_accommodation
mình hỏi Giới thiệu về Phú Quốc,search_destination
cho em hỏi Buffet Nha Trang giá rẻ,search_food_dining
mình hỏi Nhà nghỉ Đà Nẵng trung tâm,search_accommodation
ad ơi Bài viết về Đà Lạt,search_destination
cho em hỏi Booking tour Huế giá tốt,search_travel
mình hỏi Vũng Tàu nổi tiếng về gì,search_destination
mình hỏi Booking tour Huế giá tốt,search_travel
mình hỏi Kinh phí đi Đà Nẵng tiết kiệm,search_price
cho em hỏi Chi phí thuê xe Vũng Tàu,search_price
Tàu hỏa đi Nha Trang,ask_transportation
ad ơi Tôi đã đi Hội An năm ngoái rất thích,inform
ad ơi Tour Sa Pa VIP 5 sao,search_travel
Công ty tôi tổ chức team building ở Mũi Né,inform
cho em hỏi Xe đạp đi Phú Quốc,ask_transportation
ad ơi Đi Vũng Tàu bằng xe máy,ask_transportation
Tour Phú Quốc 4 ngày 3 đêm,search_travel
làm ơn Lẩu Hà Nội ăn ở đâu,search_food_dining
ad ơi Thời tiết Huế tháng 12,ask_weather_timing
làm ơn Công ty tôi tổ chức team building ở Phú Quốc,inform
cho em hỏi Tắm nước nóng Đà Lạt,search_activity
cho em hỏi Khuyến mãi tour Phú Quốc,search_price
ad ơi Thời tiết Huế tháng 12,ask_weather_timing
ad ơi Đặt tour Hội An khuyến mãi,book_tour
mình hỏi Đặt tour Đà Lạt tiết kiệm,book_tour
mình hỏi Taxi ở Nha Trang giá rẻ,ask_transportation
mình hỏi Tour du lịch Đà Nẵng giá rẻ,search_travel
cho tôi hỏi Đi Đà Lạt mùa nào đẹp,search_destination
ad ơi Giá vé tham quan Sa Pa,search_price
làm ơn Tour du lịch Đà Lạt giá rẻ,search_travel
ad ơi Ở Đà Nẵng mấy ngày là đủ,ask_itinerary
cho em hỏi Đặt tour Vũng Tàu cho đoàn,book_tour
cho em hỏi Quán ăn ngon ở Nha Trang,search_food_dining
làm ơn Chi phí đi Vũng Tàu tự túc,search_price
làm ơn Homestay Đà Lạt cho đôi người,search_accommodation
ad ơi Bạn tôi gợi ý đi Sa Pa,inform
Chi phí đi Vũng Tàu tự túc,search_price
Tour Đà Lạt khởi hành từ Hà Nội,search_travel
Bạn tôi gợi ý đi Mũi Né,inform
cho tôi hỏi Nhà nghỉ Sa Pa giá rẻ,search_accommodation
cho tôi hỏi Tàu hỏa Huế bao nhiêu tiền,ask_transportation
mình hỏi Ăn chay Huế,search_food_dining
làm ơn Nha Trang cách Hà Nội bao xa,search_destination
cho tôi hỏi Taxi ở Nha Trang giá rẻ,ask_transportation
mình hỏi Xe limousine đi Mũi Né,ask_transportation
làm ơn Đi Đà Lạt bằng tàu cao tốc,ask_transportation
Đặt vé máy bay đi Hà Nội,book_tour
mình hỏi Giới thiệu về Mũi Né,search_destination
mình hỏi Đi phượt Sa Pa bằng xe máy,search_activity
làm ơn Top địa điểm Huế,search_destination
cho tôi hỏi Chi phí du lịch Huế 3 ngày,search_price
Quán ăn ngon ở Nha Trang,search_food_dining
Kinh phí đi Huế tiết kiệm,search_price
ad ơi Hà Nội nổi tiếng về gì,search_destination
Xe giường nằm đi Huế,ask_transportation
cho tôi hỏi Dự báo thời tiết Huế,ask_weather_timing
cho em hỏi Cafe view đẹp Hội An,search_food_dining
ad ơi Bài viết về Đà Lạt,search_destination
làm ơn Chi phí thuê xe Hà Nội,search_price
Tour du lịch Đà Lạt giá rẻ,search_travel
mình hỏi Cắm trại Huế,search_activity
làm ơn Giá vé Huế cho trẻ em,search_price
làm ơn Bố mẹ tôi thích Nha Trang,inform
làm ơn Kế hoạch du lịch Huế,ask_itinerary
cho em hỏi Book combo Huế,book_tour
cho tôi hỏi Hà Nội nổi tiếng về gì,search_destination
Ăn vặt Huế,search_food_dining
mình hỏi Nhiệt độ Nha Trang trung bình,ask_weather_timing
cho em hỏi Mua vé tham quan Đà Lạt,book_tour
cho em hỏi Bánh xèo Phú Quốc,search_food_dining
cho tôi hỏi Booking tour Vũng Tàu giá rẻ,book_tour
mình hỏi Cafe view đẹp Hà Nội,search_food_dining
cho tôi hỏi Chia sẻ kinh nghiệm Sa Pa,search_destination
làm ơn Mùa khô ở Hà Nội,ask_weather_timing
cho em hỏi Khí hậu Vũng Tàu như thế nào,ask_weather_timing
cho em hỏi Vợ chồng tôi cưới ở Phú Quốc,inform
cho em hỏi Combo Huế trọn gói,search_travel
cho tôi hỏi Tour Phú Quốc giá học sinh,search_travel
làm ơn Đặc sản Sa Pa phải thử,search_food_dining
làm ơn Đi Đà Lạt bằng tàu cao tốc,ask_transportation
cho tôi hỏi Các hãng bay đến Vũng Tàu,ask_transportation
mình hỏi Đi thuyền Vũng Tàu,search_activity
cho em hỏi Order tour Vũng Tàu,book_tour
Giá vé tham quan Sa Pa,search_price
ad ơi Đi chợ Hội An về đêm,search_activity
cho em hỏi Thông tin du lịch Mũi Né,search_destination
làm ơn Tour Nha Trang 4 ngày 3 đêm,search_travel
làm ơn Cafe view đẹp Hà Nội,search_food_dining
Lịch trình Vũng Tàu tự túc,ask_itinerary
ad ơi Tour Đà Nẵng team building,search_travel
mình hỏi Kinh phí đi Sa Pa tiết kiệm,search_price
Nhiệt độ Phú Quốc trung bình,ask_weather_timing
mình hỏi Booking tour Vũng Tàu giá rẻ,book_tour
ad ơi Tour Phú Quốc 4 ngày 3 đêm,search_travel
ad ơi Tour Vũng Tàu cho cặp đôi,search_travel
mình hỏi Tour Nha Trang cuối tuần,search_travel
mình hỏi Tiền ăn ở Hà Nội 1 ngày,search_price
mình hỏi Tour Hà Nội cho gia đình,search_travel
cho tôi hỏi Resort Đà Lạt 5 sao,search_accommodation
cho tôi hỏi Nên đi Mũi Né không,search_destination
mình hỏi Đi Mũi Né bằng xe máy,ask_transportation
làm ơn Xe limousine đi Mũi Né,ask_transportation
cho tôi hỏi Đi bộ biển Đà Lạt,search_activity
cho tôi hỏi Đi Sa Pa bằng tàu cao tốc,ask_transportation
mình hỏi Từ Hà Nội đi Phú Quốc bằng gì,ask_transportation
mình hỏi Book phòng Đà Lạt view biển,book_tour
Đi chợ Hội An về đêm,search_activity
ad ơi Tôi đã đi Sa Pa năm ngoái rất thích,inform
Tôi nghe nói Đà Nẵng rất đẹp,inform
làm ơn Tắm nước nóng Hà Nội,search_activity
ad ơi Top địa điểm Huế,search_destination
làm ơn Đi bộ biển Đà Lạt,search_activity
ad ơi Xe đạp đi Phú Quốc,ask_transportation
ad ơi Kinh phí đi Đà Nẵng tiết kiệm,search_price
Đi Mũi Né dịp lễ có vui không,ask_weather_timing
mình hỏi Xe khách đi Hội An giờ nào,ask_transportation
Cafe view đẹp Hà Nội,search_food_dining
Đi Mũi Né dịp lễ có vui không,ask_weather_timing
ad ơi Nên đi Phú Quốc mấy ngày,ask_itinerary
Dự báo thời tiết Huế,ask_weather_timing
ad ơi Tour Phú Quốc trọn gói bao gồm,search_travel
cho em hỏi Hải sản Đà Lạt tươi ngon,search_food_dining
ad ơi Đi Hội An dịp lễ có vui không,ask_weather_timing
cho em hỏi Đi chợ Hội An về đêm,search_activity
mình hỏi Resort Đà Nẵng hồ bơi,search_accommodation
ad ơi Vợ chồng tôi cưới ở Hội An,inform
Kinh phí đi Huế tiết kiệm,search_price
làm ơn Booking tour Nha Trang giá tốt,search_travel
cho tôi hỏi Bài viết về Đà Nẵng,search_destination
mình hỏi Công ty tôi tổ chức team building ở Phú Quốc,inform
mình hỏi Giá tour Phú Quốc bao nhiêu,search_price
mình hỏi Chia sẻ kinh nghiệm Đà Nẵng,search_destination
ad ơi Tôi muốn đưa con đi Đà Lạt,inform
cho tôi hỏi Món Việt Nha Trang ngon,search_food_dining
mình hỏi Check in Hà Nội ở đâu,search_destination
làm ơn Đi phượt Hội An bằng xe máy,search_activity
ad ơi Kinh phí đi Sa Pa tiết kiệm,search_price
cho em hỏi Tour du lịch Đà Lạt giá rẻ,search_travel
làm ơn Bài viết về Đà Nẵng,search_destination
Món Việt Nha Trang ngon,search_food_dining
cho em hỏi Tiền ăn ở Hội An 1 ngày,search_price
cho tôi hỏi Hải sản Sa Pa giá rẻ,search_food_dining
làm ơn Bài viết về Đà Lạt,search_destination
ad ơi Khám phá ẩm thực đường phố Hội An,search_activity
mình hỏi Đà Lạt có homestay nào đẹp,search_accommodation
mình hỏi Chi phí du lịch Huế 3 ngày,search_price
ad ơi Chi phí du lịch Nha Trang 3 ngày,search_price
làm ơn Tôi ở Vũng Tàu rồi muốn đi tiếp,inform
ad ơi Tôi nghe nói Đà Nẵng rất đẹp,inform
mình hỏi Chi phí đi Vũng Tàu tự túc,search_price
cho tôi hỏi Book phòng Đà Lạt view biển,book_tour
Combo Phú Quốc trọn gói,search_travel
ad ơi Chia sẻ kinh nghiệm Đà Nẵng,search_destination
cho tôi hỏi Đặt vé máy bay đi Hà Nội,book_tour
mình hỏi Xe đạp đi Phú Quốc,ask_transportation
cho tôi hỏi Ăn vặt Huế,search_food_dining
ad ơi Tôi ở Vũng Tàu rồi muốn đi tiếp,inform
làm ơn Tour Huế cho cặp đôi,search_travel
cho em hỏi Top địa điểm Hà Nội,search_destination
ad ơi Buffet Nha Trang giá rẻ,search_food_dining
Villa Mũi Né hồ bơi,search_accommodation
cho tôi hỏi Tour Đà Nẵng team building,search_travel
làm ơn Đi Hội An dịp lễ có vui không,ask_weather_timing
cho tôi hỏi Hải sản Đà Lạt tươi ngon,search_food_dining
mình hỏi Check in Đà Nẵng ở đâu,search_destination
làm ơn Tôi ở Vũng Tàu rồi muốn đi tiếp,inform
cho tôi hỏi Bố mẹ tôi thích Nha Trang,inform
làm ơn Homestay Mũi Né gần trung tâm,search_accommodation
làm ơn Khám phá ẩm thực đường phố Hội An,search_activity
ad ơi Hải sản Sa Pa tươi ngon,search_food_dining
Hải sản Hà Nội tươi ngon,search_food_dining
mình hỏi Chi phí thuê xe Vũng Tàu,search_price
cho em hỏi Tôi muốn tìm hiểu về Vũng Tàu,inform
cho tôi hỏi Vẻ đẹp Sa Pa,search_destination
cho tôi hỏi Khí hậu Vũng Tàu như thế nào,ask_weather_timing
cho em hỏi Đà Nẵng ăn gì cho bữa sáng,search_food_dining
mình hỏi Ở Hà Nội ăn gì ngon,search_food_dining
cho tôi hỏi Tour du lịch Đà Nẵng giá rẻ,search_travel
Khu nghỉ dưỡng Sa Pa,search_accommodation
cho tôi hỏi Nha Trang ăn gì cho bữa sáng,search_food_dining
cho em hỏi Kinh phí đi Huế tiết kiệm,search_price
cho em hỏi Đi Mũi Né bằng xe máy,ask_transportation
làm ơn Homestay Vũng Tàu view đẹp,search_accommodation
mình hỏi Mũi Né có quán nào nổi tiếng,search_food_dining
mình hỏi Buffet Nha Trang giá rẻ,search_food_dining
Tôi muốn tìm hiểu về Vũng Tàu,inform
cho tôi hỏi Bánh xèo Phú Quốc,search_food_dining
làm ơn Tôi muốn đưa con đi Vũng Tàu,inform
cho tôi hỏi Thông tin du lịch Mũi Né,search_destination
Vợ chồng tôi cưới ở Hội An,inform
cho em hỏi Ẩm thực Hội An món gì đặc sản,search_food_dining
cho tôi hỏi Giới thiệu về Phú Quốc,search_destination
cho tôi hỏi Khí hậu Vũng Tàu như thế nào,ask_weather_timing
Nha Trang cách Hà Nội bao xa,search_destination
Tôi nghe nói Sa Pa rất đẹp,inform
cho em hỏi Tour Vũng Tàu giá học sinh,search_travel
ad ơi Leo núi ở Huế,search_activity
cho em hỏi Cả nhà tôi đi Nha Trang dịp Tết,inform
làm ơn Phương tiện đi Hà Nội rẻ nhất,ask_transportation
cho em hỏi Review du lịch Hà Nội,search_destination
làm ơn Tour Đà Nẵng team building,search_travel
cho tôi hỏi Đặt tour Mũi Né cho đoàn,book_tour
ad ơi Đi bộ biển Đà Lạt,search_activity
cho tôi hỏi Khám phá Huế,search_destination
cho tôi hỏi Dự báo thời tiết Huế,ask_weather_timing
Chè Hội An ngon,search_food_dining
mình hỏi Đi bộ biển Đà Nẵng,search_activity
mình hỏi Đà Nẵng ăn gì cho bữa sáng,search_food_dining
cho tôi hỏi Đà Lạt có homestay nào đẹp,search_accommodation
cho em hỏi Mũi Né mùa nào đẹp nhất,search_destination
làm ơn Mũi Né mùa nào đẹp nhất,search_destination
mình hỏi Kế hoạch du lịch Huế,ask_itinerary
ad ơi Đặt vé máy bay đi Hà Nội,book_tour
làm ơn Combo Phú Quốc trọn gói,search_travel
ad ơi Món Việt Nha Trang ngon,search_food_dining
cho tôi hỏi Hà Nội ở đâu,search_destination
Tour Nha Trang cuối tuần,search_travel
cho em hỏi Đặt phòng khách sạn Đà Lạt,book_tour
làm ơn Leo núi ở Huế,search_activity
ad ơi Xe limousine đi Hội An,ask_transportation
Mũi Né ăn gì cho bữa sáng,search_food_dining
mình hỏi Sa Pa cách Hà Nội bao xa,search_destination
cho tôi hỏi Tiền ăn ở Hội An 1 ngày,search_price
cho em hỏi Cafe view đẹp Nha Trang,search_food_dining
mình hỏi Tour Nha Trang 4 ngày 3 đêm,search_travel
cho tôi hỏi Đặt tour Đà Nẵng tiết kiệm,book_tour
Đặt tour Hội An khuyến mãi,book_tour
cho tôi hỏi Phú Quốc nổi tiếng về gì,search_destination
làm ơn Cafe view đẹp Nha Trang,search_food_dining
cho em hỏi Tour Đà Lạt khởi hành từ Hà Nội,search_travel
cho tôi hỏi Nên đi Phú Quốc mấy ngày,ask_itinerary
ad ơi Lịch trình Phú Quốc cho gia đình,ask_itinerary
mình hỏi Chi phí du lịch Nha Trang 3 ngày,search_price
làm ơn Chi phí thuê xe Hội An,search_price
mình hỏi Đi thuyền Hà Nội,search_activity
làm ơn Đặt tour Đà Nẵng tiết kiệm,book_tour
mình hỏi Căn hộ Phú Quốc view đẹp,search_accommodation
làm ơn Tour Sa Pa cho người già,search_travel
cho tôi hỏi Tour Vũng Tàu 3 ngày 2 đêm,search_travel
mình hỏi Tour Phú Quốc cho cặp đôi,search_travel
mình hỏi Chi phí Mũi Né 4 ngày 3 đêm,search_price
ad ơi Hội An ở đâu,search_destination
cho tôi hỏi Cafe view đẹp Hội An,search_food_dining
cho tôi hỏi Công ty tôi tổ chức team building ở Phú Quốc,inform
cho tôi hỏi Đi Đà Lạt trong 2 ngày,ask_itinerary
làm ơn Khám phá Huế,search_destination
ad ơi Khách sạn Sa Pa giá rẻ,search_accommodation
ad ơi Booking tour Đà Lạt giá rẻ,book_tour
cho em hỏi Đi Nha Trang tham quan gì,search_destination
làm ơn Mua vé tham quan Đà Lạt,book_tour
ad ơi Resort Đà Lạt 5 sao,search_accommodation
làm ơn Xe limousine đi Mũi Né,ask_transportation
cho tôi hỏi Kinh nghiệm đi Đà Nẵng lần đầu,search_destination
ad ơi Ở Phú Quốc 4 ngày đi đâu,ask_itinerary
làm ơn Chia sẻ kinh nghiệm Phú Quốc,search_destination
cho tôi hỏi Tour Đà Nẵng nghỉ dưỡng,search_travel
ad ơi Lưu trú ở Sa Pa gần chợ,search_accommodation
Có gì đẹp ở Hội An,search_destination
mình hỏi Dự báo thời tiết Huế,ask_weather_timing
cho tôi hỏi Leo núi ở Mũi Né,search_activity
cho em hỏi Khách sạn Nha Trang gần sân bay,search_accommodation
cho tôi hỏi Xe giường nằm đi Huế,ask_transportation
cho tôi hỏi Tour Vũng Tàu cho cặp đôi,search_travel
Booking tour Huế giá tốt,search_travel
Leo núi ở Mũi Né,search_activity
Ẩm thực Hà Nội món gì đặc sản,search_food_dining
cho em hỏi Chia sẻ kinh nghiệm Sa Pa,search_destination
cho tôi hỏi Đi Mũi Né dịp lễ có vui không,ask_weather_timing
mình hỏi Vũng Tàu nổi tiếng về gì,search_destination
mình hỏi Chi phí đi Vũng Tàu tự túc,search_price
cho tôi hỏi Glamping Đà Lạt,search_accommodation
cho tôi hỏi Tour Nha Trang 5 ngày 4 đêm,search_travel
cho em hỏi Tour Sa Pa cho người già,search_travel
làm ơn Đà Lạt có homestay nào đẹp,search_accommodation
làm ơn Đi Đà Lạt 1 ngày thì đi đâu,ask_itinerary
Từ Hà Nội đi Phú Quốc bằng gì,ask_transportation
làm ơn Lịch trình Phú Quốc cho gia đình,ask_itinerary
Book phòng Đà Lạt view biển,book_tour
mình hỏi Mì quảng Hà Nội,search_food_dining
làm ơn Hội An ở đâu,search_destination
cho tôi hỏi Đi Vũng Tàu bằng xe máy,ask_transportation
làm ơn Bánh xèo Hà Nội,search_food_dining
cho tôi hỏi Đi bộ biển Đà Nẵng,search_activity
mình hỏi Tôi đã đi Sa Pa năm ngoái rất thích,inform
làm ơn Đi Sa Pa bằng tàu cao tốc,ask_transportation
ad ơi Chia sẻ kinh nghiệm Phú Quốc,search_destination
Ở Đà Nẵng mấy ngày là đủ,ask_itinerary
làm ơn Các hãng bay đến Vũng Tàu,ask_transportation
mình hỏi Đặt tour Hà Nội khuyến mãi,book_tour
mình hỏi Hà Nội ở đâu,search_destination
mình hỏi Nhà nghỉ Mũi Né giá rẻ,search_accommodation
làm ơn Top địa điểm Hà Nội,search_destination
Tour Phú Quốc cuối tuần,search_travel
cho tôi hỏi Du lịch Hà Nội tự túc,search_travel
mình hỏi Kinh phí đi Huế tiết kiệm,search_price
Chi phí du lịch Nha Trang 3 ngày,search_price
làm ơn Mũi Né mùa nào đẹp nhất,search_destination
ad ơi Thông tin du lịch Mũi Né,search_destination
làm ơn Tiền ăn ở Hội An 1 ngày,search_price
mình hỏi Mì quảng Hà Nội,search_food_dining
làm ơn Mũi Né ăn gì cho bữa sáng,search_food_dining
ad ơi Homestay Vũng Tàu view đẹp,search_accommodation
cho em hỏi Nhà hàng Vũng Tàu sang trọng,search_food_dining
mình hỏi Homestay Mũi Né gần trung tâm,search_accommodation
ad ơi Ăn tối trên du thuyền Mũi Né,search_activity
làm ơn Du lịch Đà Lạt tự túc,search_travel
ad ơi Ăn vặt Hội An,search_food_dining
làm ơn Đi bộ biển Mũi Né,search_activity
Lặn ngắm san hô Sa Pa,search_activity
ad ơi Ăn tối trên du thuyền Huế,search_activity
làm ơn Tour Hội An team building,search_travel
cho em hỏi Phương tiện đi Hà Nội rẻ nhất,ask_transportation
cho tôi hỏi Lịch trình tour Nha Trang,search_travel
Book phòng Đà Lạt view biển,book_tour
ad ơi Căn hộ Hội An view đẹp,search_accommodation
Khí hậu Vũng Tàu như thế nào,ask_weather_timing
ad ơi Leo núi ở Mũi Né,search_activity
Xe limousine đi Mũi Né,ask_transportation
ad ơi Mua vé tham quan Đà Lạt,book_tour
mình hỏi Tour Phú Quốc cho cặp đôi,search_travel
ad ơi Booking tour Vũng Tàu giá rẻ,book_tour
làm ơn Kinh phí đi Vũng Tàu tiết kiệm,search_price
ad ơi Chèo thuyền ở Đà Lạt,search_activity
ad ơi Tour du lịch Đà Nẵng giá rẻ,search_travel
làm ơn Phú Quốc nổi tiếng về gì,search_destination
ad ơi Bố mẹ tôi thích Nha Trang,inform
cho tôi hỏi Check in Đà Nẵng ở đâu,search_destination
mình hỏi Khách sạn Nha Trang gần sân bay,search_accommodation
mình hỏi Đặt phòng khách sạn Đà Lạt,book_tour
làm ơn Tắm nước nóng Đà Lạt,search_activity
mình hỏi Tour Sa Pa cho người già,search_travel
ad ơi Lặn biển ở Nha Trang,search_activity
ad ơi Cảnh đẹp Đà Nẵng nổi tiếng,search_destination
ad ơi Homestay Vũng Tàu view đẹp,search_accommodation
mình hỏi Du lịch Đà Nẵng tự túc,search_travel
mình hỏi Chia sẻ kinh nghiệm Sa Pa,search_destination
ad ơi Chợ Mũi Né ẩm thực,search_food_dining
làm ơn Nên đi Phú Quốc mấy ngày,ask_itinerary
ad ơi Căn hộ Hội An view đẹp,search_accommodation
mình hỏi Xe limousine đi Hội An,ask_transportation
cho em hỏi Resort Mũi Né gia đình,search_accommodation
mình hỏi Đi bộ biển Đà Nẵng,search_activity
làm ơn Chi phí ăn uống ở Đà Lạt,search_price
cho em hỏi Homestay Mũi Né gần trung tâm,search_accommodation
mình hỏi Đi chợ Hội An về đêm,search_activity
ad ơi Booking tour Huế giá tốt,search_travel
ad ơi Chi phí Mũi Né 4 ngày 3 đêm,search_price
cho em hỏi Kinh phí đi Đà Nẵng tiết kiệm,search_price
cho tôi hỏi Chi phí du lịch Đà Lạt 3 ngày,search_price
Món Việt Nha Trang ngon,search_food_dining
mình hỏi Nhiệt độ Phú Quốc trung bình,ask_weather_timing
cho em hỏi Hà Nội nổi tiếng về gì,search_destination
làm ơn Buffet Hội An giá rẻ,search_food_dining
cho em hỏi Vẻ đẹp Sa Pa,search_destination
mình hỏi Kỳ nghỉ Hà Nội,search_travel
cho tôi hỏi Vũng Tàu nổi tiếng về gì,search_destination
cho tôi hỏi Leo núi ở Mũi Né,search_activity
làm ơn Homestay đẹp ở Đà Nẵng,search_accommodation
Kinh nghiệm đi Đà Nẵng lần đầu,search_destination
ad ơi Mì quảng Hà Nội,search_food_dining
làm ơn Phú Quốc có gì ngon,search_food_dining
mình hỏi Tour Đà Nẵng cho người già,search_travel
làm ơn Booking tour Đà Lạt giá rẻ,book_tour
ad ơi Homestay Mũi Né gần trung tâm,search_accommodation
ad ơi Tour Vũng Tàu 3 ngày 2 đêm,search_travel
Homestay Mũi Né gần trung tâm,search_accommodation
cho tôi hỏi Homestay Đà Lạt cho đôi người,search_accommodation
ad ơi Ẩm thực Hà Nội món gì đặc sản,search_food_dining
làm ơn Kỳ nghỉ Hà Nội,search_travel
cho em hỏi Thông tin du lịch Mũi Né,search_destination
làm ơn Lịch trình Hội An cho người già,ask_itinerary
ad ơi Tour Đà Nẵng cho người già,search_travel
ad ơi Đi thuyền Vũng Tàu,search_activity
Đi Vũng Tàu bao nhiêu ngày,ask_itinerary
cho tôi hỏi Homestay Vũng Tàu view đẹp,search_accommodation
mình hỏi Kinh phí đi Vũng Tàu tiết kiệm,search_price
mình hỏi Lượng mưa Đà Lạt hàng năm,ask_weather_timing
ad ơi Đà Nẵng ăn gì cho bữa sáng,search_food_dining
Ở Đà Nẵng mấy ngày là đủ,ask_itinerary
làm ơn Nhà hàng Vũng Tàu sang trọng,search_food_dining
ad ơi Ăn chay Huế,search_food_dining
mình hỏi Nha Trang ăn gì cho bữa sáng,search_food_dining
cho em hỏi Ở Phú Quốc 4 ngày đi đâu,ask_itinerary
ad ơi Thời tiết Nha Trang tháng 12,ask_weather_timing
ad ơi Chia sẻ kinh nghiệm Sa Pa,search_destination
mình hỏi Hải sản Đà Lạt tươi ngon,search_food_dining
Tour Phú Quốc cho cặp đôi,search_travel
ad ơi Du lịch Hà Nội tự túc,search_travel
làm ơn Đặt tour Vũng Tàu cho đoàn,book_tour
cho em hỏi Homestay Mũi Né gần trung tâm,search_accommodation
mình hỏi Du lịch Đà Lạt tự túc,search_travel
Tour Đà Nẵng team building,search_travel
Review du lịch Hà Nội,search_destination
Tour Sa Pa VIP 5 sao,search_travel
làm ơn Khách sạn Sa Pa giá rẻ,search_accommodation
Tour Vũng Tàu 5 ngày 4 đêm,search_travel
mình hỏi Resort Mũi Né gia đình,search_accommodation
làm ơn Hải sản Hà Nội tươi ngon,search_food_dining
làm ơn Đặt vé máy bay đi Sa Pa,book_tour
làm ơn Lặn ngắm san hô Nha Trang,search_activity
mình hỏi Tắm nước nóng Phú Quốc,search_activity
cho em hỏi Bánh xèo Phú Quốc,search_food_dining
mình hỏi Mũi Né mùa nào đẹp nhất,search_destination
cho em hỏi Quán ăn ngon ở Hội An,search_food_dining
Khách sạn Nha Trang gần sân bay,search_accommodation
làm ơn Đi thác Đà Nẵng tham quan,search_activity
cho em hỏi Có gì đẹp ở Hội An,search_destination
ad ơi Đặt tour Đà Nẵng tiết kiệm,book_tour
cho em hỏi Kinh phí đi Huế tiết kiệm,search_price
làm ơn Quán ăn ngon ở Nha Trang,search_food_dining
cho tôi hỏi Giá vé tham quan Sa Pa,search_price
mình hỏi Thời tiết Vũng Tàu tháng 6,ask_weather_timing
cho tôi hỏi Giới thiệu về Mũi Né,search_destination
làm ơn Chợ Mũi Né ẩm thực,search_food_dining
cho em hỏi Bố mẹ tôi thích Nha Trang,inform
Lịch trình Phú Quốc cho gia đình,ask_itinerary
cho em hỏi Tôi ở Vũng Tàu rồi muốn đi tiếp,inform
ad ơi Tour Hà Nội cho gia đình,search_travel
mình hỏi Nhà nghỉ Sa Pa giá rẻ,search_accommodation
Tour Huế khuyến mãi,search_travel
ad ơi Đi bộ biển Mũi Né,search_activity
cho em hỏi Tour Sa Pa cho người già,search_travel
mình hỏi Lịch Sa Pa phù hợp,ask_itinerary
cho tôi hỏi Đi Hội An dịp lễ có vui không,ask_weather_timing
cho em hỏi Cả nhà tôi đi Huế dịp Tết,inform
Giá tour Phú Quốc bao nhiêu,search_price
Mũi Né có quán nào nổi tiếng,search_food_dining
làm ơn Nhà nghỉ Sa Pa giá rẻ,search_accommodation
cho em hỏi Tour Vũng Tàu cho cặp đôi,search_travel
cho em hỏi Thời tiết Nha Trang tháng 12,ask_weather_timing
ad ơi Khách sạn Nha Trang gần sân bay,search_accommodation
làm ơn Tiền ăn ở Hà Nội 1 ngày,search_price
mình hỏi Hải sản Sa Pa giá rẻ,search_food_dining
mình hỏi Kế hoạch du lịch Huế,ask_itinerary
Resort Mũi Né gia đình,search_accommodation
Chi phí du lịch Hà Nội 3 ngày,search_price
làm ơn Lịch trình Mũi Né tự túc,ask_itinerary
mình hỏi Tour Phú Quốc trọn gói bao gồm,search_travel
làm ơn Chi phí du lịch Hà Nội 3 ngày,search_price
mình hỏi Chi phí thuê xe Vũng Tàu,search_price
cho tôi hỏi Ẩm thực Hội An món gì đặc sản,search_food_dining
cho tôi hỏi Lưu trú ở Sa Pa gần chợ,search_accommodation
làm ơn Chia sẻ kinh nghiệm Phú Quốc,search_destination
ad ơi Chia sẻ kinh nghiệm Phú Quốc,search_destination
cho em hỏi Dự báo thời tiết Huế,ask_weather_timing
làm ơn Khuyến mãi tour Phú Quốc,search_price
cho em hỏi Leo núi ở Huế,search_activity
Tôi muốn đưa con đi Mũi Né,inform
cho em hỏi Từ Hà Nội đi Sa Pa bằng gì,ask_transportation
ad ơi Hà Nội nổi tiếng về gì,search_destination
mình hỏi Đi chợ Hội An về đêm,search_activity
cho em hỏi Tour Hội An team building,search_travel
Nhà nghỉ Sa Pa giá rẻ,search_accommodation
Phú Quốc có gì ngon,search_food_dining
cho em hỏi Tour Huế team building,search_travel
cho tôi hỏi Mùa khô ở Hà Nội,ask_weather_timing
ad ơi Nên đi Mũi Né không,search_destination
ad ơi Chợ Mũi Né ẩm thực,search_food_dining
Bố mẹ tôi thích Nha Trang,inform
làm ơn Check in Hà Nội ở đâu,search_destination
ad ơi Phú Quốc có gì ngon,search_food_dining
Nhà hàng Vũng Tàu sang trọng,search_food_dining
Nha Trang có quán nào nổi tiếng,search_food_dining
cho tôi hỏi Căn hộ Hội An view đẹp,search_accommodation
Ăn chay Huế,search_food_dining
Tour Huế team building,search_travel
Dự báo thời tiết Huế,ask_weather_timing
làm ơn Vẻ đẹp Sa Pa,search_destination
cho tôi hỏi Tôi muốn đưa con đi Phú Quốc,inform
cho tôi hỏi Phú Quốc có gì chơi,search_destination
làm ơn Kỳ nghỉ Hà Nội,search_travel
cho em hỏi Khám phá Hà Nội,search_destination
cho tôi hỏi Ăn vặt Hội An,search_food_dining
làm ơn Tour Sa Pa trọn gói bao gồm,search_travel
mình hỏi Bạn tôi gợi ý đi Mũi Né,inform
cho em hỏi Tour Đà Nẵng team building,search_travel
mình hỏi Đi Mũi Né bằng xe máy,ask_transportation
Câu cá ở Huế,search_activity
ad ơi Khách sạn Hà Nội giá rẻ,search_accommodation
cho tôi hỏi Cafe view đẹp Nha Trang,search_food_dining
mình hỏi Xe limousine đi Mũi Né,ask_transportation
mình hỏi Ở Đà Nẵng mấy ngày là đủ,ask_itinerary
làm ơn Đi Huế bao nhiêu ngày,ask_itinerary
Tour Phú Quốc giá học sinh,search_travel
mình hỏi Chi phí ăn uống ở Đà Lạt,search_price
làm ơn Bánh xèo Phú Quốc,search_food_dining
cho em hỏi Đi Đà Lạt 1 ngày thì đi đâu,ask_itinerary
làm ơn Lặn ngắm san hô Sa Pa,search_activity
mình hỏi Tôi đã đi Hội An năm ngoái rất thích,inform
cho em hỏi Đi Vũng Tàu bằng xe máy,ask_transportation
cho tôi hỏi Tàu hỏa Huế bao nhiêu tiền,ask_transportation
Đà Lạt có homestay nào đẹp,search_accommodation
ad ơi Tour Phú Quốc cuối tuần,search_travel
ad ơi Đà Lạt có homestay nào đẹp,search_accommodation
mình hỏi Điểm đến Đà Lạt,search_destination
ad ơi Lịch trình Đà Lạt 3 ngày 2 đêm,ask_itinerary
Bánh xèo Hà Nội,search_food_dining
làm ơn Đặt phòng khách sạn Đà Lạt,book_tour
cho tôi hỏi Đi bộ biển Mũi Né,search_activity
cho tôi hỏi Đi phượt Hội An bằng xe máy,search_activity
làm ơn Tour Huế team building,search_travel
cho em hỏi Chợ Mũi Né ẩm thực,search_food_dining
ad ơi Check in Đà Nẵng ở đâu,search_destination
Tour Hà Nội cho gia đình,search_travel
mình hỏi Tour Huế cho cặp đôi,search_travel
cho tôi hỏi Lịch trình Đà Lạt 3 ngày 2 đêm,ask_itinerary
mình hỏi Hải sản Sa Pa giá rẻ,search_food_dining
cho tôi hỏi Mùa khô ở Hà Nội,ask_weather_timing
mình hỏi Chia sẻ kinh nghiệm Phú Quốc,search_destination
cho em hỏi Chi phí du lịch Nha Trang 3 ngày,search_price
làm ơn Booking homestay Đà Nẵng giá rẻ,book_tour
Tour Nha Trang 5 ngày 4 đêm,search_travel
Đà Nẵng ăn gì cho bữa sáng,search_food_dining
cho em hỏi Mũi Né ăn gì cho bữa sáng,search_food_dining
cho em hỏi Du lịch Hà Nội tự túc,search_travel
ad ơi Tour Phú Quốc cho cặp đôi,search_travel
mình hỏi Tiền ăn ở Hà Nội 1 ngày,search_price
mình hỏi Homestay đẹp ở Đà Nẵng,search_accommodation
ad ơi Chi phí du lịch Hà Nội 3 ngày,search_price
cho em hỏi Lịch trình Mũi Né tự túc,ask_itinerary
cho tôi hỏi Tắm nước nóng Đà Lạt,search_activity
ad ơi Sa Pa cách Hà Nội bao xa,search_destination
cho em hỏi Căn hộ Hội An view đẹp,search_accommodation
cho tôi hỏi Đặt tour Hội An khuyến mãi,book_tour
ad ơi Đi Vũng Tàu bằng xe máy,ask_transportation
làm ơn Nhiệt độ Nha Trang trung bình,ask_weather_timing
Chi phí đi Vũng Tàu tự túc,search_price
cho em hỏi Tour Vũng Tàu giá học sinh,search_travel
cho em hỏi Villa Mũi Né hồ bơi,search_accommodation
ad ơi Chia sẻ kinh nghiệm Sa Pa,search_destination
mình hỏi Công ty tôi tổ chức team building ở Phú Quốc,inform
cho em hỏi Nên đi Phú Quốc mấy ngày,ask_itinerary
làm ơn Homestay đẹp ở Hà Nội,search_accommodation
Chia sẻ kinh nghiệm Sa Pa,search_destination
cho tôi hỏi Booking tour Vũng Tàu giá rẻ,book_tour
cho em hỏi Nha Trang cách Hà Nội bao xa,search_destination
làm ơn Công ty tôi tổ chức team building ở Mũi Né,inform
cho em hỏi Khu nghỉ dưỡng Sa Pa,search_accommodation
Nhiệt độ Nha Trang trung bình,ask_weather_timing
ad ơi Giới thiệu về Phú Quốc,search_destination
cho tôi hỏi Đi bộ biển Đà Lạt,search_activity
ad ơi Hà Nội ở đâu,search_destination
cho tôi hỏi Xe limousine đi Mũi Né,ask_transportation
cho tôi hỏi Ẩm thực Hội An món gì đặc sản,search_food_dining
làm ơn Nha Trang cách Hà Nội bao xa,search_destination
cho em hỏi Top địa điểm Huế,search_destination
cho em hỏi Tour Phú Quốc cuối tuần,search_travel
Cafe view đẹp Hội An,search_food_dining
làm ơn Vé máy bay Hội An khứ hồi,search_price
mình hỏi Thời tiết Nha Trang tháng 12,ask_weather_timing
cho em hỏi Từ Hà Nội đi Sa Pa bằng gì,ask_transportation
cho tôi hỏi Ở Phú Quốc 4 ngày đi đâu,ask_itinerary
Chi phí thuê xe Hội An,search_price
cho tôi hỏi Phú Quốc nổi tiếng về gì,search_destination
Tắm nước nóng Hà Nội,search_activity
Check in Huế ở đâu,search_destination
cho tôi hỏi Ẩm thực Hà Nội món gì đặc sản,search_food_dining
làm ơn Nên đi Phú Quốc mấy ngày,ask_itinerary
làm ơn Khuyến mãi tour Phú Quốc,search_price
Căn hộ Hội An view đẹp,search_accommodation
Điểm đến Đà Lạt,search_destination
mình hỏi Thời gian lý tưởng đi Vũng Tàu,ask_weather_timing
Đi Huế bao nhiêu ngày,ask_itinerary
làm ơn Lượng mưa Đà Lạt hàng năm,ask_weather_timing
cho em hỏi Check in Đà Nẵng ở đâu,search_destination
cho em hỏi Booking tour Vũng Tàu giá rẻ,book_tour
mình hỏi Khám phá ẩm thực đường phố Hội An,search_activity
làm ơn Nhà nghỉ Đà Nẵng trung tâm,search_accommodation
cho em hỏi Các hãng bay đến Vũng Tàu,ask_transportation
cho em hỏi Ăn tối trên du thuyền Huế,search_activity
ad ơi Bánh xèo Phú Quốc,search_food_dining
cho em hỏi Vé máy bay Hội An khứ hồi,search_price
mình hỏi Đi chợ Hội An về đêm,search_activity
ad ơi Đi Mũi Né dịp lễ có vui không,ask_weather_timing
cho tôi hỏi Homestay đẹp ở Hà Nội,search_accommodation
làm ơn Bạn tôi gợi ý đi Sa Pa,inform
ad ơi Book phòng Đà Lạt view biển,book_tour
ad ơi Tôi nghe nói Sa Pa rất đẹp,inform
cho tôi hỏi Căn hộ Phú Quốc view đẹp,search_accommodation
ad ơi Cafe view đẹp Nha Trang,search_food_dining
cho tôi hỏi Thời gian lý tưởng đi Vũng Tàu,ask_weather_timing
cho em hỏi Cắm trại Hội An,search_activity
Kinh nghiệm đi Đà Nẵng lần đầu,search_destination
ad ơi Tôi muốn đưa con đi Đà Lạt,inform
Tour Hội An nghỉ dưỡng,search_travel
cho tôi hỏi Chia sẻ kinh nghiệm Sa Pa,search_destination
cho tôi hỏi Tour Sa Pa VIP 5 sao,search_travel
Chi phí đi Vũng Tàu tự túc,search_price
cho em hỏi Bố mẹ tôi thích Nha Trang,inform
cho tôi hỏi Chè Hội An ngon,search_food_dining
mình hỏi Kinh phí đi Huế tiết kiệm,search_price
ad ơi Đặt tour Hà Nội khuyến mãi,book_tour
ad ơi Tôi ở Vũng Tàu rồi muốn đi tiếp,inform
mình hỏi Xe limousine đi Hội An,ask_transportation
làm ơn Nhiệt độ Nha Trang trung bình,ask_weather_timing
Cảnh đẹp Đà Nẵng nổi tiếng,search_destination
cho tôi hỏi Villa Mũi Né hồ bơi,search_accommodation
mình hỏi Đi Đà Lạt mùa nào đẹp,search_destination
làm ơn Lịch trình Đà Lạt 3 ngày 2 đêm,ask_itinerary
mình hỏi Thông tin du lịch Mũi Né,search_destination
mình hỏi Homestay Vũng Tàu view đẹp,search_accommodation
làm ơn Câu cá ở Đà Nẵng,search_activity
ad ơi Căn hộ Hội An view đẹp,search_accommodation
ad ơi Đi phượt Sa Pa bằng xe máy,search_activity
làm ơn Món Việt Nha Trang ngon,search_food_dining
Hà Nội nổi tiếng về gì,search_destination
làm ơn Nhiệt độ Sa Pa trung bình,ask_weather_timing
ad ơi Lịch Sa Pa phù hợp,ask_itinerary
làm ơn Ở Hà Nội ăn gì ngon,search_food_dining
Thời gian lý tưởng đi Vũng Tàu,ask_weather_timing
mình hỏi Tour Huế team building,search_travel
làm ơn Tôi ở Phú Quốc rồi muốn đi tiếp,inform
Nha Trang có quán nào nổi tiếng,search_food_dining
cho tôi hỏi Xe limousine đi Mũi Né,ask_transportation
Phương tiện đi Hà Nội rẻ nhất,ask_transportation
cho em hỏi Mũi Né ăn gì cho bữa sáng,search_food_dining
cho em hỏi Book combo Huế,book_tour
cho em hỏi Nhà nghỉ Nha Trang giá rẻ,search_accommodation
ad ơi Nhiệt độ Phú Quốc trung bình,ask_weather_timing
Bài viết về Đà Lạt,search_destination
Du lịch Đà Lạt tự túc,search_travel
làm ơn Order tour Vũng Tàu,book_tour
cho tôi hỏi Chia sẻ kinh nghiệm Phú Quốc,search_destination
mình hỏi Tour Vũng Tàu 3 ngày 2 đêm,search_travel
cho tôi hỏi Homestay Đà Lạt cho đôi người,search_accommodation
Lịch trình Hội An cho người già,ask_itinerary
cho tôi hỏi Chi phí du lịch Hà Nội 3 ngày,search_price
Tour Nha Trang khuyến mãi,search_travel
cho tôi hỏi Tour Hà Nội cho gia đình,search_travel
Nhà nghỉ Mũi Né giá rẻ,search_accommodation
cho em hỏi Câu cá ở Đà Nẵng,search_activity
ad ơi Đi phượt Hội An bằng xe máy,search_activity
ad ơi Ở Hà Nội ăn gì ngon,search_food_dining
cho tôi hỏi Cafe view đẹp Nha Trang,search_food_dining
làm ơn Tour Sa Pa cho người già,search_travel
mình hỏi Ăn vặt Hội An,search_food_dining
ad ơi Khám phá Hà Nội,search_destination
mình hỏi Tour Phú Quốc giá học sinh,search_travel
ad ơi Nhóm bạn tôi định đi Vũng Tàu tháng sau,inform
cho tôi hỏi Quán ăn ngon ở Hội An,search_food_dining
mình hỏi Tour Hội An team building,search_travel
cho tôi hỏi Tôi ở Vũng Tàu rồi muốn đi tiếp,inform
ad ơi Ở Hà Nội ăn gì ngon,search_food_dining
cho tôi hỏi Chèo thuyền ở Đà Lạt,search_activity
cho tôi hỏi Lặn ngắm san hô Sa Pa,search_activity
làm ơn Có gì đẹp ở Hội An,search_destination
Vẻ đẹp Sa Pa,search_destination
ad ơi Du lịch Nha Trang mùa đông,search_travel
làm ơn Buffet Nha Trang giá rẻ,search_food_dining
Ăn tối trên du thuyền Huế,search_activity
làm ơn Kinh phí đi Đà Nẵng tiết kiệm,search_price
mình hỏi Chè Hội An ngon,search_food_dining
Ăn vặt Hội An,search_food_dining
mình hỏi Tàu hỏa Huế bao nhiêu tiền,ask_transportation
cho em hỏi Lặn ngắm san hô Sa Pa,search_activity
ad ơi Resort Đà Nẵng hồ bơi,search_accommodation
làm ơn Đặt tour Đà Lạt tiết kiệm,book_tour
làm ơn Phương tiện đi Hà Nội rẻ nhất,ask_transportation
làm ơn Order tour Vũng Tàu,book_tour
ad ơi Đặt tour Hà Nội khuyến mãi,book_tour
cho tôi hỏi Mũi Né mùa nào đẹp nhất,search_destination
ad ơi Tour Đà Lạt khởi hành từ Hà Nội,search_travel
cho tôi hỏi Chi phí du lịch Đà Lạt 3 ngày,search_price
làm ơn Khách sạn Sa Pa giá rẻ,search_accommodation
cho em hỏi Homestay Vũng Tàu view đẹp,search_accommodation
cho tôi hỏi Bạn tôi gợi ý đi Sa Pa,inform
ad ơi Vũng Tàu nổi tiếng về gì,search_destination
cho em hỏi Booking homestay Đà Nẵng giá rẻ,book_tour
cho em hỏi Kinh nghiệm đi Đà Nẵng lần đầu,search_destination
Review du lịch Hà Nội,search_destination
cho em hỏi Combo Huế trọn gói,search_travel
Đặt tour Vũng Tàu cho đoàn,book_tour
cho tôi hỏi Tôi nghe nói Đà Nẵng rất đẹp,inform
làm ơn Phú Quốc có gì chơi,search_destination
cho tôi hỏi Xe giường nằm đi Huế,ask_transportation
mình hỏi Ăn tối trên du thuyền Huế,search_activity
làm ơn Ăn chay Huế,search_food_dining
cho tôi hỏi Cả nhà tôi đi Huế dịp Tết,inform
ad ơi Vé máy bay Hội An khứ hồi,search_price
ad ơi Ăn tối trên du thuyền Huế,search_activity
làm ơn Đặt tour Hà Nội khuyến mãi,book_tour
Booking tour Nha Trang giá tốt,search_travel
mình hỏi Nhiệt độ Sa Pa trung bình,ask_weather_timing
ad ơi Tour Vũng Tàu 5 ngày 4 đêm,search_travel
mình hỏi Tàu hỏa Huế bao nhiêu tiền,ask_transportation
cho tôi hỏi Câu cá ở Đà Nẵng,search_activity
cho tôi hỏi Nên đi Mũi Né không,search_destination
mình hỏi Nha Trang có quán nào nổi tiếng,search_food_dining
mình hỏi Booking tour Huế giá tốt,search_travel
làm ơn Đi bộ biển Đà Lạt,search_activity
ad ơi Nên đi Phú Quốc mấy ngày,ask_itinerary
ad ơi Đi Vũng Tàu bao nhiêu ngày,ask_itinerary
làm ơn Khách sạn Sa Pa gần chợ đêm,search_accommodation
ad ơi Đi bộ biển Mũi Né,search_activity
cho tôi hỏi Bánh xèo Hà Nội,search_food_dining
mình hỏi Tắm nước nóng Đà Lạt,search_activity
Đi thuyền Hà Nội,search_activity
ad ơi Tour Phú Quốc cho cặp đôi,search_travel
mình hỏi Nên đi Phú Quốc mấy ngày,ask_itinerary
cho em hỏi Đặt tour Mũi Né cho đoàn,book_tour
làm ơn Tour du lịch Đà Nẵng giá rẻ,search_travel
cho em hỏi Đi bộ biển Đà Nẵng,search_activity
làm ơn Cả nhà tôi đi Nha Trang dịp Tết,inform
làm ơn Vũng Tàu nổi tiếng về gì,search_destination
Cắm trại Huế,search_activity
cho em hỏi Tiền ăn ở Hà Nội 1 ngày,search_price
Đi chợ Hội An về đêm,search_activity
cho tôi hỏi Tiền ăn ở Hà Nội 1 ngày,search_price
cho em hỏi Booking tour Nha Trang giá tốt,search_travel
Đặc sản Sa Pa phải thử,search_food_dining
mình hỏi Top địa điểm Huế,search_destination
cho em hỏi Review du lịch Huế,search_destination
cho tôi hỏi Chi phí thuê xe Hà Nội,search_price
cho tôi hỏi Giá vé Huế cho trẻ em,search_price
Tôi đã đi Hội An năm ngoái rất thích,inform
cho tôi hỏi Câu cá ở Đà Nẵng,search_activity
cho tôi hỏi Khách sạn Vũng Tàu trung tâm,search_accommodation
làm ơn Nên đi Mũi Né không,search_destination
cho em hỏi Thông tin du lịch Mũi Né,search_destination
cho tôi hỏi Đặt vé máy bay đi Hà Nội,book_tour
mình hỏi Xe đạp đi Phú Quốc,ask_transportation
ad ơi Đi Sa Pa bằng tàu cao tốc,ask_transportation
mình hỏi Lịch trình tour Nha Trang,search_travel
cho tôi hỏi Tour Huế team building,search_travel
cho em hỏi Chi phí Mũi Né 4 ngày 3 đêm,search_price
làm ơn Khách sạn Nha Trang gần sân bay,search_accommodation
Bánh xèo Phú Quốc,search_food_dining
cho em hỏi Đặt tour Đà Lạt tiết kiệm,book_tour
cho em hỏi Hải sản Đà Lạt tươi ngon,search_food_dining
cho em hỏi Top địa điểm Huế,search_destination
ad ơi Tour Sa Pa trọn gói bao gồm,search_travel
làm ơn Mùa mưa ở Mũi Né tháng nào,ask_weather_timing
mình hỏi Lịch trình Phú Quốc cho gia đình,ask_itinerary
ad ơi Tôi muốn đưa con đi Vũng Tàu,inform
cho em hỏi Bài viết về Đà Lạt,search_destination
làm ơn Lịch trình tour Nha Trang,search_travel
cho em hỏi Bạn tôi gợi ý đi Sa Pa,inform
mình hỏi Nha Trang có quán nào nổi tiếng,search_food_dining
làm ơn Sa Pa ăn gì cho bữa sáng,search_food_dining
Khám phá Huế,search_destination
cho tôi hỏi Ăn chay Huế,search_food_dining
cho tôi hỏi Lịch trình tour Nha Trang,search_travel
cho tôi hỏi Đi thuyền Vũng Tàu,search_activity
cho tôi hỏi Tắm nước nóng Hà Nội,search_activity
ad ơi Đi Mũi Né bằng xe máy,ask_transportation
Hội An ở đâu,search_destination
mình hỏi Nhà nghỉ Mũi Né giá rẻ,search_accommodation
cho tôi hỏi Khách sạn Nha Trang gần sân bay,search_accommodation
cho em hỏi Tour Nha Trang 4 ngày 3 đêm,search_travel
cho em hỏi Nha Trang có quán nào nổi tiếng,search_food_dining
cho tôi hỏi Cảnh đẹp Mũi Né nổi tiếng,search_destination
làm ơn Tour Đà Lạt khởi hành từ Hà Nội,search_travel
cho em hỏi Tour Phú Quốc 4 ngày 3 đêm,search_travel
Tour du lịch Đà Nẵng giá rẻ,search_travel
làm ơn Khuyến mãi tour Phú Quốc,search_price
cho em hỏi Khu nghỉ dưỡng Hội An,search_accommodation
cho tôi hỏi Lặn biển ở Nha Trang,search_activity
cho em hỏi Kinh phí đi Vũng Tàu tiết kiệm,search_price
ad ơi Giá tour Phú Quốc bao nhiêu,search_price
cho tôi hỏi Đà Nẵng ăn gì cho bữa sáng,search_food_dining
Lịch trình Đà Lạt 3 ngày 2 đêm,ask_itinerary
cho tôi hỏi Kế hoạch du lịch Huế,ask_itinerary
cho tôi hỏi Đặt tour Hà Nội khuyến mãi,book_tour
cho em hỏi Đi bộ biển Đà Lạt,search_activity
cho em hỏi Glamping Đà Lạt,search_accommodation
Lưu trú ở Sa Pa gần chợ,search_accommodation
cho em hỏi Chi phí du lịch Huế 3 ngày,search_price
ad ơi Gợi ý tour Mũi Né 2 ngày,ask_itinerary
cho tôi hỏi Taxi ở Nha Trang giá rẻ,ask_transportation
cho em hỏi Bạn tôi gợi ý đi Sa Pa,inform
ad ơi Ở Phú Quốc 4 ngày đi đâu,ask_itinerary
Tour du lịch Đà Lạt giá rẻ,search_travel
làm ơn Tour Phú Quốc cuối tuần,search_travel
ad ơi Đi thác Đà Nẵng tham quan,search_activity
ad ơi Leo núi ở Mũi Né,search_activity
mình hỏi Tour Huế team building,search_travel
làm ơn Cafe view đẹp Nha Trang,search_food_dining
cho tôi hỏi Tour Sa Pa trọn gói bao gồm,search_travel
mình hỏi Khám phá ẩm thực đường phố Hội An,search_activity
ad ơi Đặt vé máy bay đi Hà Nội,book_tour
làm ơn Nha Trang có quán nào nổi tiếng,search_food_dining
mình hỏi Xe giường nằm đi Huế,ask_transportation
Review du lịch Huế,search_destination
ad ơi Đặt phòng khách sạn Đà Lạt,book_tour
ad ơi Mũi Né mùa nào đẹp nhất,search_destination
cho tôi hỏi Đi Đà Lạt bằng tàu cao tốc,ask_transportation
Khách sạn Vũng Tàu trung tâm,search_accommodation
cho em hỏi Khách sạn Hà Nội giá rẻ,search_accommodation
cho em hỏi Xe limousine đi Hội An,ask_transportation
ad ơi Thời tiết Vũng Tàu tháng 6,ask_weather_timing
Lịch trình Mũi Né tự túc,ask_itinerary
cho em hỏi Tour Vũng Tàu 5 ngày 4 đêm,search_travel
cho em hỏi Lặn ngắm san hô Nha Trang,search_activity
cho em hỏi Đặt tour Hội An khuyến mãi,book_tour
mình hỏi Bánh xèo Phú Quốc,search_food_dining
ad ơi Đi bộ biển Đà Lạt,search_activity
mình hỏi Chi phí Mũi Né 4 ngày 3 đêm,search_price
mình hỏi Cả nhà tôi đi Huế dịp Tết,inform
ad ơi Khí hậu Vũng Tàu như thế nào,ask_weather_timing
cho em hỏi Nhà nghỉ Mũi Né giá rẻ,search_accommodation
mình hỏi Chi phí thuê xe Hội An,search_price
mình hỏi Thời tiết Nha Trang tháng 12,ask_weather_timing
làm ơn Công ty tôi tổ chức team building ở Phú Quốc,inform
cho em hỏi Đi thuyền Vũng Tàu,search_activity
cho em hỏi Đặc sản Đà Nẵng phải thử,search_food_dining
Giới thiệu về Mũi Né,search_destination
mình hỏi Order tour Vũng Tàu,book_tour
cho em hỏi Vợ chồng tôi cưới ở Hội An,inform
cho em hỏi Nhiệt độ Nha Trang trung bình,ask_weather_timing
ad ơi Buffet Hội An giá rẻ,search_food_dining
mình hỏi Gợi ý lịch trình Mũi Né,ask_itinerary
cho tôi hỏi Tour Vũng Tàu 5 ngày 4 đêm,search_travel
